"Name","Line","Zones","NoteLength","Reasons","Preview"
"Kiria-Romaria","1115","""Windurst"", ""Windurst Woods""","18313","very long; instruction wording","Notes: This NPC will answer all question about ""Raising a Chocobo"" below. Game Script: :What would you like to ask about? :The Vana'diel Chocobo Society ::Kiria-Romaria: The Vana'diel Chocobo Society, or VCS for short, i..."
"Arvilauge","664","""San d'Oria"", ""Southern San d'Oria""","18134","very long; instruction wording","Notes: This NPC will answer all question about ""Raising a Chocobo"" below. Game Script: :What would you like to ask about? :The Vana'diel Chocobo Society ::Arvilauge: The Vana'diel Chocobo Society, or VCS for short, is an..."
"Kuron-Makaron","5682","""Windurst"", ""Windurst Waters (S) map = North|H-10""","6563","very long; instruction wording; wiki markup","Notes: Kuron-Makaron is the Mithra Mercenaries' Morale Manager. His mission also comprises of monitoring Miss Mihgo's minions, and communicating all he accumulates to her majesty. ---- When talking to Kuron-Makaron, you ..."
"Eki Kamalabi","849","""Port Windurst"", ""Windurst""","6150","very long; instruction wording; wiki markup","Notes: Offers Information on Linkshells: :(...Yeah, that's what I said! But you know what? Oh, wait. Hold on...) I'm sorry, can I help you? [You point at the item in her hand.] Oh, this? It's a magical shell called a Lin..."
"Foletta","699","""San d'Oria"", ""Southern San d'Oria""","6150","very long; instruction wording; wiki markup","Notes: Offers Information on Linkshells: :(...Yeah, that's what I said! But you know what? Oh, wait. Hold on...) I'm sorry, can I help you? [You point at the item in her hand.] Oh, this? It's a magical shell called a Lin..."
"Patricius","256","""Metalworks""","6150","very long; instruction wording; wiki markup","Notes: Offers Information on Linkshells: :(...Yeah, that's what I said! But you know what? Oh, wait. Hold on...) I'm sorry, can I help you? [You point at the item in her hand.] Oh, this? It's a magical shell called a Lin..."
"Kaduru-Haiduru","2005","""Aht Urhgan Whitegate"", ""Al Zahbi""","5443","very long; instruction wording","Notes: * Kaduru-Haiduru is the older brother of famed ""Warp Taru"" Shihu-Danhu. * He will initially warp you to Ru'Lude Gardens; however, unlike Shihu-Danhu, he charges an Imperial Silver Piece for his work. * After you u..."
"Rainemard (S)","4319","""Freelance"", ""Jugner Forest (S)""","4222","very long; instruction wording","Notes: * In battle he often casts: Flash, Slow II, Paralyze II, and Blind II. *Uses all standard Sword weaponskills, discluding Relic, Mythic, or Special types. *Always casts both an Enspell and Spike spell of his choosi..."
"Pyru-Copyru","917","""Port Windurst"", ""Special Event"", ""Windurst""","3923","very long; instruction wording","Notes: Original dialogue: Wow, I've never heard that before. You know everything, Grandpa! Huh? Oh, a customer! Happy New Year! What? Who was I talking to just now? Oh, the other day, this really nice old man gave me my ..."
"Naja Salaheem","2040","""Aht Urhgan Whitegate"", ""Al Zahbi"", ""Battle""","3869","very long; instruction wording","Starts Quests: * Promotion: Private First Class * Promotion: Superior Private * Promotion: Sergeant * Promotion: Sergeant Major * Promotion: Second Lieutenant * Promotion: First Lieutenant Involved in Quests: * Lure of t..."
"Diradour","1481","""Jeuno"", ""Ru'Lude Gardens""","2981","very long; instruction wording","Notes: Offers Information on the Auction House Diradour: Welcome to the Auction House. Do you have any questions about our establishment? :What is the Auction House? Diradour: Auctions houses can be found in all of Vana'..."
"Gournaie","603","""Port San d'Oria"", ""San d'Oria""","2941","very long; instruction wording; wiki markup","Notes: Offers Information on the Auction House: :Welcome to the Auction House. Do you have any questions about our establishment? :*""What is the Auction House?"": Auctions houses can be found in all of Vana'diel's major c..."
"Honorine","1337","""Jeuno"", ""Lower Jeuno""","2941","very long; instruction wording; wiki markup","Notes: Offers Information on the Auction House: :Welcome to the Auction House. Do you have any questions about our establishment? :*""What is the Auction House?"": Auctions houses can be found in all of Vana'diel's major c..."
"Kobunono","996","""Windurst"", ""Windurst Walls""","2941","very long; instruction wording; wiki markup","Notes: Offers Information on the Auction House: :Welcome to the Auction House. Do you have any questions about our establishment? :*""What is the Auction House?"": Auctions houses can be found in all of Vana'diel's major c..."
"Palyalya","1146","""Windurst"", ""Windurst Woods""","2941","very long; instruction wording; wiki markup","Notes: Offers Information on the Auction House: :Welcome to the Auction House. Do you have any questions about our establishment? :*""What is the Auction House?"": Auctions houses can be found in all of Vana'diel's major c..."
"Rock Jaw","99","""Bastok Markets""","2941","very long; instruction wording; wiki markup","Notes: Offers Information on the Auction House: :Welcome to the Auction House. Do you have any questions about our establishment? :*""What is the Auction House?"": Auctions houses can be found in all of Vana'diel's major c..."
"Simmie","760","""San d'Oria"", ""Southern San d'Oria""","2941","very long; instruction wording; wiki markup","Notes: Offers Information on the Auction House: :Welcome to the Auction House. Do you have any questions about our establishment? :*""What is the Auction House?"": Auctions houses can be found in all of Vana'diel's major c..."
"Dry Bone","145","""Bastok Mines""","2559","very long; instruction wording; wiki markup","Notes: Offers Directions Around Town: :What's the matter? Are you lost? Ask for directions? :*""Ask."": Where do you want to go? :*""The South Gate and the residential area."": See that building south from here, on the left?..."
"Epione","58","""Bastok Markets""","2343","very long; instruction wording; wiki markup","Notes: Offers directions around Bastok: :Yes? Are you in need of assistance? :*""Ask."": Which area do you want to know about? :*""The Mog House, Metalworks, and the port."": First, go north from here, then turn east and go ..."
"Gajaad","2133","""Al Zahbi""","2235","very long; instruction wording","Notes: An NPC looking for signatures and donations of imperial currency to rebuild Al Zahbi. Notes: This NPC tracks how many Imperial Bronze Pieces you have donated. For every 100 Imperial Bronze Pieces you donate, he wi..."
"Avandale","576","""Port San d'Oria"", ""San d'Oria""","2163","very long; instruction wording; wiki markup","Notes: Offers General Information: :Perhaps I could be of service. Is there anything in particular you'd like to know? :*""Nothing Actually."" :*""I'd like to get out of the city."": Just got here and you're aching to leave,..."
"Festive Moogle","317","""Port Bastok"", ""San d'Oria"", ""Windurst""","2117","very long; instruction wording","Notes: Exchanges mog pells for a variety of items specific to each. Dispenses an event item for those that attended the Final Fantasy XI Fan Festival 2007 (Nomad Cap), Final Fantasy XI 5th Anniversary Fan Event in 2007 (..."
"Yuhito-Kubhito","956","""Port Windurst"", ""Windurst""","2112","very long; instruction wording; wiki markup","Notes: thumb|100px|ElementsOffers Information on the Elemental Relationships: :W-what? You don't want to see my chart of elemental correlations, do you? 'Cause if you do, well, I'm sorry, I don't know anything about such..."
"Ceraule","680","""San d'Oria"", ""Southern San d'Oria""","2032","very long; instruction wording; wiki markup","Notes: Offers General Information: :Perhaps I could be of service. Is there anything in particular you'd like to know? :*""Nothing Actually."" :*""I'd like to get out of the city."": Just got here and you're aching to leave,..."
"Laughing Lizard","878","""Port Windurst"", ""Windurst""","1961","very long","Notes: Offers an Explanation of the Fishing System: Eh? You say somethin'? Hmph! You dang kids these days ain't go no respect for your elders. Can't you see I'm tryin' to learn this new fandagled fishin' method? In my da..."
"Dulsie","306","""Port Bastok""","1860","very long; instruction wording; wiki markup","Notes: Offers General Information and a Map of Bastok: :I am charged with the task of assisting novice adventurers. What would you like to know? :*""How do I give items to people?"": Giving items ot other people is called ..."
"Reet","97","""Bastok Markets""","1859","very long; instruction wording; wiki markup","Notes: Offers General Information and a Map of Bastok: :I am charged with the task of assisting novice adventurers. What would you like to know? :*""How do I give items to people?"": Giving items ot other people is called ..."
"Auroral Alicorn","4640","""Jugner Forest (S)""","1775","very long; instruction wording","Notes: * If its horn is currently broken, when the zone becomes engaged in a campaign battle, it will run away. *Soultrapper can be used on Auroral Alicorn. *Checks as Impossible to Gauge. *Has movement speed equal to Da..."
"Tico Karimakiba","1193","""Windurst"", ""Windurst Woods""","1598","very long; wiki markup","Notes: thumb|100px|MonstersOffers Information on Monster Relationships: :Hey! What do you want? Don't tell me... You heard that I have a monster correlation chart and came to beg me to show it to you, rrright? :*""Yes."": ..."
"Kagetora (S)","3389","""Battle"", ""Freelance"", ""Varies: Batallia Downs (S)""","1587","very long; instruction wording","Notes: * If independent, he will remain in one of the three above zones, he will not change his location until a tally is done. If a Campaign battle is in progress, he will disappear until it is over. *Battles with Utsus..."
"Royal Palliator","3407","""Battle"", ""San d'Oria (S)"", ""Southern San d'Oria (S), East Ronfaure (S), Jugner Forest (S), Vunkerl Inlet (S), The Eldieme Necropolis (S), Batallia Downs (S)""","1572","very long; instruction wording","Notes: * Appears in Campaign battles along with another dispatched unit (except the Gold Badger Esquire) in areas under San d'Orian control; they never appear as a standalone unit. *They will cast Blink, Phalanx, Stonesk..."
"Guilboire","707","""San d'Oria"", ""Southern San d'Oria""","1507","very long; instruction wording; wiki markup","Notes: thumb|100px|MonstersOffers Information on Monster Relationships: :Hrmm... Good eyes, friend. I thought my presence unknown, but you found me. You are fortunate... For my knowledge of the enemy, culled from many ye..."
"Mythily","252","""Metalworks""","1495","very long; instruction wording; wiki markup","Notes: Cost to Change Allegiance When Bastok is in: *1st Place in Conquest - 40,000g *2nd Place in Conquest - 12,000g *3rd Place in Conquest - 4,000g Restrictions: *When changing allegiance, you retain all conquest point..."
"Dalzakk (S)","3379","""Battle"", ""Freelance"", ""Sauromugue Champaign (S) (wandering)""","1454","very long; instruction wording","Notes: * Dalzakk appears in the present during various cutscenes. * Battle Cry: Hiiiiii-yah! * Uses a powerful One Inch Punch every few seconds instead of meleeing. * When near defeat, Oggbi may appear and assist him. Ma..."
"Field Woundpatcher","3264","""Bastok (S)"", ""Bastok Markets (S), North Gustaberg (S), Grauberg (S), Pashhow Marshlands (S), Crawlers' Nest (S), Rolanberry Fields (S)"", ""Battle""","1444","very long; instruction wording; wiki markup","Notes: :*Appears in Campaign battles along with another dispatched unit (except the 4th Legionnaire) in areas under Bastok's control; they never appear as a standalone unit. :*They will cast Blink, Phalanx, Stoneskin, Ra..."
"Ulmia","1737","""Tavnazian Safehold""","1355","very long","Involved in Quests: * Storms of Fate * Apocalypse Nigh Involved in Missions: * Promathia Mission 2-3: Distant Beliefs * Promathia Mission 2-4: An Eternal Melody * Promathia Mission 2-5: Ancient Vows * The Road Forks: The..."
"Leonoyne","2634","""Battle"", ""San d'Oria (S)"", ""Southern San d'Oria (S)""","1350","very long","Notes: * Commands the Savage Hound Condotties, an all female unit that appear to be Dark Knights. *Leonoyne is among the few that may be dispatched to Beaucedine Glacier (S) and Xarcabard (S) once San d'Oria regains most..."
"Jack of Spades","1108","""Windurst"", ""Windurst Woods""","1331","very long; instruction wording; wiki markup","Notes: Can be traded Adventurer Coupon for those starting in Windurst Woods. Offers General Information and a Map of Windurst: :Allow me to assist you if you are lost. What can Jack do for you? :*""To show you a map of Wi..."
"Prishe","1724","""Battle"", ""Cutscene"", ""Tavnazian Safehold""","1303","very long","Involved in Quests: * Storms of Fate * Apocalypse Nigh * VW Op. 026: Tavnazian Terrors * VW Op. 004: Bibiki Bombardment * A Chocobo's Tale * In the Mood for Love * Hook, Line, and Sinker Involved in Missions: * Promathia..."
"Rakano-Marukano","4487","""Heavens Tower, Administration Room"", ""Windurst""","1303","very long; instruction wording; wiki markup","Notes: Cost to Change Allegiance when Windurst is in: :1st Place in Conquest - 40,000g :2nd Place in Conquest - 12,000g :3rd Place in Conquest - 4,000g *The taru is right inside the room with the door that says Clerical ..."
"Porter Moogle","535","""Northern San d'Oria""","1301","very long; instruction wording","Notes: Find a nearby Porter Moogle and talk to him and select the option to buy a Slip. Once you find the slip you want you select it and confirm your selection. Each slip will cost you 1000 gil to buy. After purchasing ..."
"Dannion","4819","""Metalworks (?-?)""","1299","very long; instruction wording","Notes: Appears in Cut-Scene during a run at Bait and Switch when the Pocket watch is selected to begin the quest. Quotes: After triggering the first switch: ""That Salim is a slave driver! I don't think I'll have a free m..."
"Scylla Brigade Healer","3412","""Battle"", ""Beaucedine Glacier (S), Xarcabard (S)"", ""Jeuno (S)""","1286","very long; instruction wording; wiki markup","Notes: :*Appears in Campaign battles along with another dispatched unit in Northland areas under Allied control; they never appear as a standalone unit. :*They will cast Blink, Phalanx, Stoneskin, Raise, and up to Protec..."
"Beriphaule","439","""Northern San d'Oria"", ""San d'Oria""","1271","very long; instruction wording; wiki markup","Notes: Cost to Change Allegiance When San d'Oria is in: *1st Place in Conquest - 40,000g *2nd Place in Conquest - 12,000g *3rd Place in Conquest - 4,000g Notes: *When changing allegiance, you retain all conquest points. ..."
"Cid","211","""Metalworks""","1261","very long","Starts Quests: * Cid's Secret * Dark Puppet * Shoot First, Ask Questions Later Involved in Quests: * Chips * Hyper Active * Vegetable Vegetable Revolution * Vegetable Vegetable Crisis * Vegetable Vegetable Frustration In..."
"Jack of Clubs","5192","""Port Windurst (D,E-6)(Near Orastery entrance)"", ""Windurst""","1261","very long; instruction wording; wiki markup","Notes: Offers General Information and a Map of Windurst: :Allow me to assist you if you are lost. What can Jack do for you? :*""To show you a map of Windurst."": [Displays an overview map of Windurst] :*""How to give items ..."
"Jack of Diamonds","985","""Windurst"", ""Windurst Walls""","1261","very long; instruction wording; wiki markup","Notes: Offers General Information and a Map of Windurst: :Allow me to assist you if you are lost. What can Jack do for you? :*""To show you a map of Windurst."": [Displays an overview map of Windurst] :*""How to give items ..."
"Jack of Hearts","5658","""Windurst"", ""Windurst Waters map = North|G-9""","1261","very long; instruction wording; wiki markup","Notes: Offers General Information and a Map of Windurst: :Allow me to assist you if you are lost. What can Jack do for you? :*""To show you a map of Windurst."": [Displays an overview map of Windurst] :*""How to give items ..."
"Willah Maratahya","1657","""Mhaura""","1253","very long","Notes: * Will change your Title for a fee or can give you a random title for free. *For a full list of titles, which you can get with this NPC, see Titles. *Titles this NPC can give include these not listed in Titles **3..."
"Toh Zonikki","3612","""Bibiki Bay - Purgonorgo Isle"", ""Outland""","1250","very long; instruction wording","Notes: The mithra manages Clamming - using a bucket and water to find items. She can sell and upgrade your Clamming kit up to 200 pz. Beginning - Toh Zonikki: ""Welcome to Purrrgonorgo, pardner! How'd ya like to try yer h..."
"Anja-Enja","1044","""Windurst"", ""Windurst Waters""","1241","very long; instruction wording; wiki markup","Notes: Offers Directions Around Town: :Hiya! Are you lost or something? If you're in trouble, Anja-Enja's here to helpy-welpy! :*""Nothing right now."": Well, if you ever need help, feel free to ask one of us guards. Helpi..."
"Shantotto","1028","""Windurst"", ""Windurst Walls""","1238","very long","Starts Quests: * Curses, Foiled Again! * Curses, Foiled...Again!? * Curses, Foiled A-Golem!? * Blood and Glory Involved in Quests: * Nothing Matters * Wonder Wands * SMN AF2: Class Reunion * BLM AF1: The Three Magi * BLM..."
"Esmallegue","692","""San d'Oria"", ""Southern San d'Oria""","1229","very long","Notes: Offers Information on San d'Oria's Military: Greetings, adventurer. San d'Oria is grateful for your services. I am Royal Squire Esmallegue. Grand Knight Depardal has left his post as sentry in the Outlands. For no..."
"Combat Salvemixer","3376","""Battle"", ""Windurst (S)"", ""Windurst Waters (S), West Sarutabaruta (S), Fort Karugo-Narugo (S), Meriphataud Mountains (S), Garlaige Citadel (S), Sauromugue Champaign (S)""","1203","very long; instruction wording; wiki markup","Notes: :*Appears in Campaign battles along with another dispatched unit (except the Piscean Casters) in areas under Windurst's control; they never appear as a standalone unit. :*They will cast Blink, Phalanx, Stoneskin, ..."
"Ephemeral Moogle","691","""Southern San d'Oria""","1169","very long; instruction wording; wiki markup","Notes: Storing Crystals :1. The first time you visit an Ephemeral Moogle, speak to him and hear what he has to say. :2. Trade crystals or clusters to the Ephemeral Moogle. :*Crystals count as one crystal, while clusters ..."
"Resauchamet","1729","""Tavnazian Safehold""","1132","very long","Notes: :Provides information about a character's Fomor Hate level. :""You are an adventurer... I can smell the dark blood of the undead as it drips slowly from your soiled garments. Beware, my friend, for you are not alon..."
"Yulon-Polon","1596","""Selbina""","1130","very long","Notes: * Will change your Title for a fee or can give you a random title for free. *For a full list of titles, which you can get with this NPC, see Titles. *Titles this NPC can give include these not listed in Titles (li..."
"Nashmeira","2177","""Al Zahbi"", ""Cutscene"", ""Imperial Ward""","1118","very long","Starts Quests: * Forging a New Myth Involved in Quests: * Saga of the Skyserpent * Soothing Waters * Coming Full Circle * Waking the Colossus * Divine Interference * The Rider Cometh * Unwavering Resolve * A Stygian Pact..."
"Vingijard","1382","""Jeuno"", ""Lower Jeuno""","1083","very long; instruction wording","Notes: Vingijard allows players to repeat Artifact Armor quests for a cost of 10,000 gil. Artifact Armor quests for a job can only be reset after all 6 AF pieces have been acquired. *This includes the 3 main AF quests, t..."
"World Shifter","1528","""Ru'Lude Gardens"", ""Special Event""","1077","very long; instruction wording","Notes: When Square Enix has decided that a server is over-populated, a World Shifter will appear, for a period of time, and offer to register characters for migration to a less-populated server. At a pre-defined time, re..."
"Adelheid","2515","""Bastok (S)"", ""Bastok Markets (S)"", ""Battle""","1074","very long; instruction wording; wiki markup","Notes: :* Appears during Campaign Battles in Grauberg (S) and Bastok Markets (S) as the leader of the 2nd Legion Scouts. Also appears in Ruhotz Silvermines during the quest Fire in the Hole. :* Summons various status ail..."
"Shihu-Danhu","2205","""Al Zahbi""","1073","very long; instruction wording; wiki markup","Notes: thumb|Oops... *He will warp you for free to an area near Jeuno. The actual destination is random: ** Ru'Lude Gardens (H-9) ** Batallia Downs (K-8) ** Rolanberry Fields (J-6) ** Sauromugue Champaign (F-5) ** Qufim ..."
"Abquhbah","1953","""Aht Urhgan Whitegate"", ""Al Zahbi""","1044","very long","Starts Quests: * Promotion: Lance Corporal * Promotion: Chief Sergeant Involved in Quests: * Promotion: Private First Class * Promotion: Sergeant Major * Promotion: Second Lieutenant * Promotion: First Lieutenant * An Im..."
"Read me","4853","""Mordion Gaol""","1031","very long","Notes: This NPC is spawned as part of an automated anti-cheating system (RMT-PWNER) called the Auto-Jailer introduced in December 2008 [http://www.playonline.com/pcd/topics/ff11us/detail/4008/detail.html] When a characte..."
"Harara, W.W.","1099","""Windurst"", ""Windurst Woods""","984","very long; instruction wording; wiki markup","Notes: Main Conquest related NPC for Windurst citizens ;Notes for characters only with Windurst as current Allegiance: :*Casts Signet :*Recharges Emperor Band, Empress Band or Chariot Band :*Accepts traded Crystals for f..."
"Rabid Wolf, I.M.","94","""Bastok Markets""","980","very long; instruction wording; wiki markup","Notes: Main Conquest related NPC for Bastok citizens. ;Notes for characters only with Bastok as current Allegiance: :*Casts Signet :*Recharges Empress Band, Chariot Band, and Emperor Band. :*Accepts traded Crystals for f..."
"Poroggo Prince","2716","""Freelance"", ""Windurst Waters (S)""","962","very long","Notes: ""Ribbit! Ribbit!"" *Appears in campaign battle if the Poroggo Servant is successfully influenced. *Uses assorted black magic *Assisted by 3 Poroggo Servants *After using Providence, he will use the extra spells inc..."
"Achantere, T.K.","420","""Northern San d'Oria"", ""San d'Oria""","942","very long; instruction wording; wiki markup","Notes: ;Notes for characters only with San d'Oria as current Allegiance: :*Casts Signet :*Recharges Emperor Band, Empress Band or Chariot Band :*Accepts traded Crystals for filling up the San d'Oria Mission-Rank bar (the..."
"Aravoge, T.K.","660","""San d'Oria"", ""Southern San d'Oria""","942","very long; instruction wording; wiki markup","Notes: ;Notes for characters only with San d'Oria as current Allegiance: :*Casts Signet :*Recharges Emperor Band, Empress Band or Chariot Band :*Accepts traded Crystals for filling up the San d'Oria Mission-Rank bar (the..."
"Arpevion, T.K.","662","""San d'Oria"", ""Southern San d'Oria""","942","very long; instruction wording; wiki markup","Notes: ;Notes for characters only with San d'Oria as current Allegiance: :*Casts Signet :*Recharges Emperor Band, Empress Band or Chariot Band :*Accepts traded Crystals for filling up the San d'Oria Mission-Rank bar (the..."
"Lion","1858","""Cut scenes only"", ""Cutscene"", ""Norg""","940","very long","Involved in Quests: * Apocalypse Nigh Involved in Missions: * San d'Oria Mission 2-3: Journey Abroad * Bastok Mission 2-3: The Emissary * Windurst Mission 2-3: The Three Kingdoms * San d'Oria Mission 4-1: Magicite * Bast..."
"Milma-Hapilma, W.W.","889","""Port Windurst"", ""Windurst""","936","very long; instruction wording; wiki markup","Notes: ;Notes for characters only with Windurst as current Allegiance: :*Casts Signet :*Recharges Emperor Band, Empress Band or Chariot Band :*Accepts traded Crystals for filling up the Windurst Mission-Rank bar (the red..."
"Puroiko-Maiko, W.W.","5722","""Windurst"", ""Windurst Waters map = North|G-5""","936","very long; instruction wording; wiki markup","Notes: ;Notes for characters only with Windurst as current Allegiance: :*Casts Signet :*Recharges Emperor Band, Empress Band or Chariot Band :*Accepts traded Crystals for filling up the Windurst Mission-Rank bar (the red..."
"Helga","229","""Metalworks""","931","very long; instruction wording","Notes: Offers Information on The Republican Military: Greetings, adventurer. I am Gold Musketeer first captain, Helga. Would you like me to give you a simple brefing on the Republican Military? Yes.> The Republican milit..."
"Flying Axe, I.M.","319","""Port Bastok""","930","very long; instruction wording; wiki markup","Notes: ;Notes for characters only with Bastok as current Allegiance: :*Casts Signet :*Recharges Emperor Band, Empress Band or Chariot Band :*Accepts traded Crystals for filling up the Bastok Mission-Rank bar (the red bar..."
"Macro Test","3324","""Batallia Downs""","926","very long","Notes: * Batallia Downs: 2 Cardians *Rolanberry Fields: 3 Cardians *Sauromugue Champaign: 3 Cardians The Cardians live just outside the exits from Jeuno. As the name implies, their intended purpose is to allow players to..."
"Crying Wind, I.M.","138","""Bastok Mines""","921","very long; instruction wording; wiki markup","Notes: ;Notes for characters with Bastok as current Allegiance: :*Casts Signet :*Recharges Emperor Band, Empress Band or Chariot Band :*Accepts traded Crystals for filling up the Bastok Mission-Rank bar (the red bar at t..."
"Atarefaunet","1670","""Cutscenes only"", ""Tavnazian Safehold""","919","very long","Involved in Quests: * The Tenshodo Showdown * Hitting the Marquisate * Signed in Blood * Tea with a Tonberry? * Apocalypse Nigh Involved in Missions: * San d'Oria Mission 2-3: Infiltrate Davoi * Bastok Mission 2-3: The E..."
"Tenzen","4238","""Far East""","877","very long","Involved in Missions: * Promathia Mission 3-2: Vessel Without a Captain * Promathia Mission 3-5: Darkness Named * Promathia Mission 4-1: Sheltering Doubt * Promathia Mission 4-2: The Savage * Promathia Mission 4-3: The S..."
"Pulse Martello","2943","""Abyssea"", ""near Veridical Conflux #00 in: :Abyssea - Attohwa""","874","very long; instruction wording","Notes: These martellos can be found near the military camps at Conflux #00 in Scars of Abyssea areas. Pulse Martellos are associated with Bastion, being the cornerstone of the resistance effort and under constant attack ..."
"Mieuseloir B Enchelles","2642","""Battle"", ""San d'Oria (S)"", ""Southern San d'Oria (S)""","847","very long","Notes: Appears during offensive Campaign Battles as the leader of the Crimson Wolf Esquires. *Mieuseloir appears to be a Dark Knight/Paladin, who wields Ragnarok. **Melee attacks have a constant Endrain, sapping between ..."
"Momiji","1350","""Jeuno"", ""Lower Jeuno""","841","very long","Notes: To anyone who listens to her, Momiji recounts her youth spent with her lover, whom she describes as a shy, quiet boy. She will then remark that it is only the perspective of old age that has taught her the importa..."
"Trust: Sakura","3519","""Battle""","837","very long; wiki markup","Notes: * Produces an invisible aura which gradually restores HP and increases combat skill gain rate.[http://forum.square-enix.com/ffxi/threads/40822-Freshly-Picked-Vana%E2%80%99diel-5-Digest?s=f2ff1d0a8d450cd90e484f7aed..."
"Bartabaq","4986","""Oldton Movalpolos""","836","very long; instruction wording; wiki markup","Notes: Appears, when Movalpolos is under weekly conquest-control by one of the three nations. - ""Welkome to my vorder shop!"" - ""Kome vack again sometime!"" Bartabaq is not a typical Outpost Vendor. She only sells items, w..."
"Striking Bull","2588","""Bastok (S)"", ""Bastok Markets (S)"", ""Battle""","835","very long; instruction wording; wiki markup","Notes: :* Appears during Campaign Battles in Rolanberry Fields (S) as captain of the 2nd Legion Grenadiers. :* Has a very low attack delay. :* Stands back and spams Mistral Axe for 400-800 damage; however, sometimes he e..."
"Horst","1240","""Abyssea"", ""Port Jeuno""","834","very long; instruction wording","Notes: * Can tell you the status of the resistance in Scars of Abyssea areas. *Can teleport you to Cavernous Maws for some Cruor. **Will only give you the option to teleport to a maw if you have watched the cutscene trig..."
"Zahsa Syalmhaia","1207","""Windurst"", ""Windurst Woods""","828","very long","Notes: Dialogue: I am Zahsa Syalmhaia, captain of the mercenaries in charge of defending East Sarutabaruta. And now, a question for you, adventurer--might you know the reason why Windurst's Mithran population is concentr..."
"Cherukiki","1675","""Tavnazian Safehold""","827","very long","Involved in Missions: * Promathia Mission 2-1: An Invitation West * Promathia Mission 2-2: The Lost City * Promathia Mission 2-3: Distant Beliefs * Promathia Mission 2-5: Ancient Vows * The Road Forks: The Road Forks * P..."
"Kukki-Chebukki","1700","""Tavnazian Safehold""","827","very long","Involved in Missions: * Promathia Mission 2-1: An Invitation West * Promathia Mission 2-2: The Lost City * Promathia Mission 2-3: Distant Beliefs * Promathia Mission 2-5: Ancient Vows * The Road Forks: The Road Forks * P..."
"Makki-Chebukki","1704","""Tavnazian Safehold""","827","very long","Involved in Missions: * Promathia Mission 2-1: An Invitation West * Promathia Mission 2-2: The Lost City * Promathia Mission 2-3: Distant Beliefs * Promathia Mission 2-5: Ancient Vows * The Road Forks: The Road Forks * P..."
"Cerane I Virgaut","2611","""Battle"", ""San d'Oria (S)"", ""Southern San d'Oria (S)""","824","very long; instruction wording","Notes: * Appears in Campaign Battles as the leader of the Aragoneu Knights. *Wields Aegis, and does very large damage with Shield Bash, Up to 2000 points of damage. *Casts Protect IV, Shell IV, Cure IV, Stoneskin and Pha..."
"Bartholomaus","2522","""Bastok (S)"", ""Bastok Markets (S)"", ""Battle""","806","very long; instruction wording; wiki markup","Notes: :* Can appear in all Campaign Battles for Bastok (S) as the leader of the 1st Iron Musketeers. :*Bartholomaus is among the few that may be dispatched to Beaucedine Glacier (S) and Xarcabard (S) once Bastok regains..."
"Halver","406","""Chateau d'Oraguille"", ""San d'Oria""","798","very long","Starts Quests: * Fit for a Prince * Adventurer Appreciation Campaign 2010 * Her Memories: Grave Resolve Involved in Quests: * Blackmail * Lure of the Wildcat (San d'Oria) * The Holy Crest * A Timely Visit Starts Missions..."
"Maximilian","2565","""Bastok (S)"", ""Bastok Markets (S)"", ""Battle""","797","very long; instruction wording; wiki markup","Notes: :* Holds the title of 1st Division's Legatus which makes him Commander in Chief of the 1st Division/Legion of the Republican Army. :* Shares his unique face-type with Brandolf. :* Can appear in all Campaign Battle..."
"Zurim","1895","""Norg""","794","very long; instruction wording","Notes: Standing next to Oseem in their alcove beneath the wooden footbridge. *Tells players their running total of Domain Points. *Explains how players may earn Domain Points and the daily limits of rewards from Domain I..."
"Glarociquet, T.K.","225","""Metalworks""","792","very long; instruction wording; wiki markup","Notes: ;Notes for characters only with San d'Oria as current Allegiance: :*Casts Signet :*Recharges Emperor Band, Empress Band or Chariot Band :*Accepts traded Crystals for filling up the San d'Oria Mission-Rank bar (the..."
"Panoquieur, T.K.","1147","""Windurst"", ""Windurst Woods""","792","very long; instruction wording; wiki markup","Notes: ;Notes for characters only with San d'Oria as current Allegiance: :*Casts Signet :*Recharges Emperor Band, Empress Band or Chariot Band :*Accepts traded Crystals for filling up the San d'Oria Mission-Rank bar (the..."
"Chapal-Afal, W.W.","449","""Northern San d'Oria"", ""San d'Oria""","786","very long; instruction wording; wiki markup","Notes: ;Notes for characters only with Windurst as current Allegiance: :*Casts Signet :*Recharges Emperor Band, Empress Band or Chariot Band :*Accepts traded Crystals for filling up the Windurst Mission-Rank bar (the red..."
"Lexun-Marixun, W.W.","243","""Metalworks""","786","very long; instruction wording; wiki markup","Notes: ;Notes for characters only with Windurst as current Allegiance: :*Casts Signet :*Recharges Emperor Band, Empress Band or Chariot Band :*Accepts traded Crystals for filling up the Windurst Mission-Rank bar (the red..."
"Sachetan, I.M.","924","""Port Windurst"", ""Windurst""","780","very long; instruction wording; wiki markup","Notes: ;Notes for characters only with Bastok as current Allegiance: :*Casts Signet :*Recharges Emperor Band, Empress Band or Chariot Band :*Accepts traded Crystals for filling up the Bastok Mission-Rank bar (the red bar..."
"Yevgeny, I.M.","560","""Northern San d'Oria"", ""San d'Oria""","780","very long; instruction wording; wiki markup","Notes: ;Notes for characters only with Bastok as current Allegiance: :*Casts Signet :*Recharges Emperor Band, Empress Band or Chariot Band :*Accepts traded Crystals for filling up the Bastok Mission-Rank bar (the red bar..."
"Farso-Dafarso","2328","""Adoulin"", ""Western Adoulin""","775","very long; wiki markup","Notes: * For 10 bayld, he casts Quickening at +12% Movement Speed, or +25% if the Couriers' Coalition possesses the Signboard edification. It will overwrite Flee and Quickening obtained from other methods. Movement effec..."
"Ovjang","2182","""Al Zahbi"", ""Cutscene"", ""Imperial Ward""","775","very long","Starts Quests: * An Imperial Heist Involved in Quests: * Forging a New Myth * Coming Full Circle * The Rider Cometh * Unwavering Resolve * A Stygian Pact * Divine Interference Involved in Missions: * Aht Urhgan Mission 1..."
"Wolfgang","4601","""Jeuno"", ""Various cutscenes""","774","very long","Involved in Quests: * A Candlelight Vigil Involved in Missions: * Bastok Mission 3-3: Jeuno * San d'Oria Mission 4-1: Magicite * Bastok Mission 4-1: Magicite * Windurst Mission 4-1: Magicite * Promathia Mission 1-1: The ..."
"Zeid","3963","""Cut Scenes Only"", ""Cutscene""","770","very long","Involved in Quests: * Blade of Darkness * Blade of Death * Blade of Evil * Dark Puppet * Inheritance * Apocalypse Nigh Involved in Missions: * San d'Oria Mission 5-1: The Ruins of Fei'Yin * Bastok Mission 5-1: Darkness R..."
"Angry Bull","34","""Bastok Markets""","763","very long","Notes: Dialogue: I remember 20 years ago when I was in charge of protecting Galkan Bridge from the beastmen. For a large part of the Crystal War, we had her blocked off on both sides. The government said it was to keep e..."
"Cyril","2821","""Abyssea"", ""Chocobo Circuit""","749","very long; instruction wording; wiki markup","Notes: * Allows you to view your cruor balance. *Unlike most Abyssea teleporters, he is unable to relay the status of resistance in Scars of Abyssea areas. *Can teleport you to any Abyssean Cavernous Maw for 200 Cruor. *..."
"Vincent","1526","""Abyssea"", ""Ru'Lude Gardens""","749","very long; instruction wording; wiki markup","Notes: * Allows you to view your cruor balance. *Unlike most Abyssea teleporters, he is unable to relay the status of resistance in Scars of Abyssea areas. *Can teleport you to any Abyssean Cavernous Maw for 200 Cruor. *..."
"Willis","951","""Abyssea"", ""Port Windurst""","749","very long; instruction wording; wiki markup","Notes: * Allows you to view your cruor balance. *Unlike most Abyssea teleporters, he is unable to relay the status of resistance in Scars of Abyssea areas. *Can teleport you to any Abyssean Cavernous Maw for 200 Cruor. *..."
"Elivira","2536","""Bastok (S)"", ""Bastok Markets (S)"", ""Battle""","728","very long; instruction wording; wiki markup","Notes: :*Gold Musketeer Captain of the Department of Mining during the Crystal War. :*Shares her unique face-type with Mythril Musketeer Captain Klara. :* Can appear in all Campaign Battles for Bastok (S) as the leader o..."
"Raubahn","2192","""Al Zahbi"", ""Cutscene"", ""Varies""","728","very long","Involved in Quests: * An Empty Vessel * Beginnings * Omens * Transformations * The Beast Within * Soothing Waters * Embers of His Past * Forging a New Myth * Coming Full Circle * Divine Interference Involved in Missions:..."
"Yin Pocanakhu","1387","""Jeuno"", ""Lower Jeuno""","725","very long","Involved in Quests: * A Job for the Consortium * Borghertz's Harmonious Hands: (BRD AF Hands) * Borghertz's Wild Hands: (BST AF Hands) * Borghertz's Sorcerous Hands: (BLM AF Hands) * Borghertz's Shadowy Hands: (DRK AF Ha..."
"Alrauverat","1301","""Jeuno"", ""Lower Jeuno""","720","very long; instruction wording; wiki markup","Notes: ;Notes for all characters: :*Casts Signet :*Recharges Emperor Band, Empress Band or Chariot Band :*Accepts traded Crystals for filling up the Mission-Rank bar of the character's appropriate Nation (the red bar at ..."
"Emitt","1410","""Jeuno"", ""Upper Jeuno""","720","very long; instruction wording; wiki markup","Notes: ;Notes for all characters: :*Casts Signet :*Recharges Emperor Band, Empress Band or Chariot Band :*Accepts traded Crystals for filling up the Mission-Rank bar of the character's appropriate Nation (the red bar at ..."
"Kochahy-Muwachahy","1250","""Jeuno"", ""Port Jeuno""","720","very long; instruction wording; wiki markup","Notes: ;Notes for all characters: :*Casts Signet :*Recharges Emperor Band, Empress Band or Chariot Band :*Accepts traded Crystals for filling up the Mission-Rank bar of the character's appropriate Nation (the red bar at ..."
"Morlepiche","1504","""Jeuno"", ""Ru'Lude Gardens""","720","very long; instruction wording; wiki markup","Notes: ;Notes for all characters: :*Casts Signet :*Recharges Emperor Band, Empress Band or Chariot Band :*Accepts traded Crystals for filling up the Mission-Rank bar of the character's appropriate Nation (the red bar at ..."
"Sonia","2587","""Bastok (S)"", ""Bastok Markets (S)"", ""Battle""","719","very long; instruction wording; wiki markup","Notes: :* Uses Trance. :* Appears during Campaign Battles in Pashhow Marshlands (S) as the leader of the Field Musician Guard. :* Uses all Hand-to-Hand weaponskills including Asuran Fists. :* Very low delay attacks and v..."
"Aphmau","2105","""Al Zahbi"", ""Cutscene"", ""Imperial Ward""","717","very long","Involved in Quests: * Saga of the Skyserpent * Soothing Waters Starts Missions: * Aht Urhgan Mission 29: Puppet in Peril * Aht Urhgan Mission 35: Legacy of the Lost Involved in Missions: * Aht Urhgan Mission 11: Imperial..."
"1st Legion Aidman","3240","""Bastok (S)"", ""Battle"", ""Belfry""","711","very long","Notes: * Spawned by an Allied Belfry erected by the Republican Army of Bastok. Participates in offensive Campaign Battles. A maximum of 5 reinforcements will appear, and they will continually respawn unless the belfry is..."
"Ernst","311","""Abyssea"", ""Port Bastok""","710","very long; instruction wording; wiki markup","Notes: * Allows you to view your cruor balance. *Informs you the status of the resistance in Scars of Abyssea areas. *Can teleport you to any Abyssean Cavernous Maw for 200 Cruor. **He only gives you the option to telepo..."
"Ivan","607","""Abyssea"", ""Port San d'Oria""","710","very long; instruction wording; wiki markup","Notes: * Allows you to view your cruor balance. *Informs you the status of the resistance in Scars of Abyssea areas. *Can teleport you to any Abyssean Cavernous Maw for 200 Cruor. **He only gives you the option to telepo..."
"Kierron","2878","""Abyssea"", ""Heavens Tower - Near fountain""","710","very long; instruction wording; wiki markup","Notes: * Allows you to view your cruor balance. *Informs you the status of the resistance in Scars of Abyssea areas. *Can teleport you to any Abyssean Cavernous Maw for 200 Cruor. **He only gives you the option to telepo..."
"Scarlette, C.A.","2662","""Jeuno (S)"", ""Southern San d'Oria (S)""","696","very long; instruction wording","Notes: * Jeuno affliated Campaign Arbiter. *Offers Campaign Information, Campaign Allied Tags, Teleportation *Campaign Sword in front of name during Campaign *You are only allowed Teleportation to areas that you have phy..."
"Naji","253","""Metalworks""","695","very long","Involved in Quests: * Riding on the Clouds * The Doorman * Trust: Bastok * Adventurer Appreciation Campaign 2010 Involved in Missions: * Bastok Mission 1-1: The Zeruhn Report * Bastok Mission 2-3: The Emissary * Bastok M..."
"Guslam","1416","""Jeuno"", ""Upper Jeuno""","693","very long","Starts Quests: * Borghertz's Sorcerous Hands: (BLM AF Hands)' * Borghertz's Harmonious Hands: (BRD AF Hands) * Borghertz's Wild Hands: (BST AF Hands) * Borghertz's Dragon Hands: (DRG AF Hands) * Borghertz's Shadowy Hands..."
"Ramblix","5080","""Outland"", ""See Goblin Footprint""","692","very long; instruction wording","Notes: If you come across a Goblin Footprint in the field, you may hear voices. If so, you can trade any item to the Footprint to have Ramblix appear and replay cutscenes within the same zone for you. Any items traded (f..."
"Jersey","4749","""Lufaise Meadows"", ""Outland""","682","very long; instruction wording; wiki markup","Notes: Appears when Tavnazian Archipelago is under weekly conquest-control by one of the three nations. :*Sells to and buys items from characters allied with the nation that has the weekly conquest-control of this region..."
"Duplidoc","1323","""Lower Jeuno""","680","very long; instruction wording","Notes: This NPC replicates a Maze Tabula and all Maze Runes currently in that tabula for use by other players. There is a fee of 20 Moblin Marbles for anyone wishing to replicate a tabula and 500 gil for anyone wishing t..."
"Federation Dispenser","3383","""Battle"", ""Varies"", ""Windurst (S)""","677","very long","Notes: * Appears during an offensive campaign against Beastman territories. Up to 3 dispensers may be present at a time. *Distributes temporary items to players allied with Windurst in the battle. *Upon the depletion of ..."
"Robino-Mobino (Yuhtunga Jungle)","5083","""Outland"", ""Yuhtunga Jungle""","677","very long; instruction wording; wiki markup","Notes: Appears when Elshimo Lowlands is under weekly conquest-control by one of the three nations. :*Sells to and buys items from characters allied with the nation that has the weekly conquest-control of this region. :*A..."
"Mugha Dovajaiho","5066","""Outland"", ""Yhoator Jungle""","676","very long; instruction wording; wiki markup","Notes: Appears when Elshimo Uplands is under weekly conquest-control by one of the three nations. :*Sells to and buys items from characters allied with the nation that has the weekly conquest-control of this region. :*Al..."
"Republic Supplier","3286","""Bastok (S)"", ""Battle"", ""Varies""","674","very long","Notes: * Appears during an offensive campaign against Beastman territories. Up to 3 suppliers may be present at a time. *Distributes temporary items to players allied with Bastok in the battle. *Upon the depletion of the..."
"Mahien-Uhien","5583","""West Sarutabaruta""","673","very long; instruction wording; wiki markup","Notes: Appears when Sarutabaruta is under weekly conquest-control by one of the three nations. :*Sells to and buys items from characters allied with the nation that has the weekly conquest-control of this region. :*All i..."
"Gueriette","3577","""Beaucedine Glacier"", ""Outland""","671","very long; instruction wording; wiki markup","Notes: Appears when Fauregandi is under weekly conquest-control by one of the three nations. :*Sells to and buys items from characters allied with the nation that has the weekly conquest-control of this region. :*All ite..."
"Kuleo","4945","""North Gustaberg"", ""Outland""","670","very long; instruction wording; wiki markup","Notes: Appears when Gustaberg is under weekly conquest-control by one of the three nations. :*Sells to and buys items from characters allied with the nation that has the weekly conquest-control of this region. :*All item..."
"Lobho Ukipturi","3639","""Buburimu Peninsula"", ""Outland""","670","very long; instruction wording; wiki markup","Notes: Appears when Kolshushu is under weekly conquest-control by one of the three nations. :*Sells to and buys items from characters allied with the nation that has the weekly conquest-control of this region. :*All item..."
"Mionie","4633","""Jugner Forest"", ""Outland""","670","very long; instruction wording; wiki markup","Notes: Appears when Norvallen is under weekly conquest-control by one of the three nations. :*Sells to and buys items from characters allied with the nation that has the weekly conquest-control of this region. :*All item..."
"Medicine Axe","5062","""Outland"", ""Valkurm Dunes""","669","very long; instruction wording; wiki markup","Notes: Appears when Zulkheim is under weekly conquest-control by one of the three nations. :*Sells to and buys items from characters allied with the nation that has the weekly conquest-control of this region. :*All items..."
"Mushosho","4807","""Meriphataud Mountains"", ""Outland""","669","very long; instruction wording; wiki markup","Notes: Appears when Aragoneu is under weekly conquest-control by one of the three nations. :*Sells to and buys items from characters allied with the nation that has the weekly conquest-control of this region. :*All items..."
"Tahmasp","5099","""Outland"", ""Pashhow Marshlands""","669","very long; instruction wording; wiki markup","Notes: Appears when Derfland is under weekly conquest-control by one of the three nations. :*Sells to and buys items from characters allied with the nation that has the weekly conquest-control of this region. :*All items..."
"Bright Moon","3663","""Cape Teriggan"", ""Outland""","668","very long; instruction wording; wiki markup","Notes: Appears when Vollbow is under weekly conquest-control by one of the three nations. :*Sells to and buys items from characters allied with the nation that has the weekly conquest-control of this region. :*All items ..."
"Kasim","5052","""Outland"", ""The Sanctuary of Zi'Tah""","668","very long; instruction wording; wiki markup","Notes: Appears when Li'Telor is under weekly conquest-control by one of the three nations. :*Sells to and buys items from characters allied with the nation that has the weekly conquest-control of this region. :*All items..."
"Sowande","4179","""Eastern Altepa Desert"", ""Outland""","667","very long; instruction wording; wiki markup","Notes: Appears when Kuzotz is under weekly conquest-control by one of the three nations. :*Sells to and buys items from characters allied with the nation that has the weekly conquest-control of this region. :*All items w..."
"Jiwon","5050","""Outland"", ""Qufim Island""","666","very long; instruction wording; wiki markup","Notes: Appears when Qufim is under weekly conquest-control by one of the three nations. :*Sells to and buys items from characters allied with the nation that has the weekly conquest-control of this region. :*All items wh..."
"Monisette","1256","""Jeuno"", ""Port Jeuno""","663","very long; instruction wording; wiki markup","Notes: * Stores chapters of Rem's Tale 1-10 for players. You may trade multiple types of chapters all at once to store them in one transaction. * Upgrades Artifact Armor/Artifact Armor +1 to Reforged Artifact Armor (Item..."
"Feldrautte I Rouhent","2626","""Battle"", ""San d'Oria (S)"", ""Southern San d'Oria (S)""","659","very long; instruction wording","Notes: Appears during Campaign Battles as the leader of the Norvallen Knights. Appears to be a Staff-wielding Paladin/Monk, as he has been seen using Counterstance. *Talk: ""The kingdom's defeat at Jugner still stings. To..."
"Razfahd","2193","""Al Zahbi"", ""Cutscene"", ""Imperial Ward""","656","very long","Involved in Quests: * Saga of the Skyserpent * Fist of the People Starts Missions: * Aht Urhgan Mission 27: Misplaced Nobility * Aht Urhgan Mission 32: In the Blood Involved in Missions: * Aht Urhgan Mission 11: Imperial..."
"Mnejing","2168","""Al Zahbi"", ""Cutscene"", ""Imperial Ward""","654","very long","Involved in Quests: * Forging a New Myth * Coming Full Circle * The Rider Cometh * Unwavering Resolve * A Stygian Pact * Divine Interference Involved in Missions: * Aht Urhgan Mission 18: Passing Glory * Aht Urhgan Missi..."
"Harvetour","5044","""Outland"", ""West Ronfaure""","653","very long; instruction wording; wiki markup","Notes: Appears when Ronfaure is under weekly conquest-control by one of the three nations. :*Sells to and buys items from characters allied with the nation that has the weekly conquest-control of this region. :*All items..."
"Guwanana","5650","""Windurst"", ""Windurst Waters (South)""","650","very long; instruction wording","Notes: One of The Dark Lilies of the Harvest Festival event, held each October since 2004. Guwanana's Story: Glimmer...shimmer... Shimmer...glimmer... Little fishies... Shimmering fishy-wishes... Where have you all gone...."
"Lilisette","5356","""San d'Oria (S)""","649","very long","Involved in Missions: * WOTG05: While the Cat is Away * WOTG06: A Timeswept Butterfly * WOTG07: Purple, The New Black * WOTG08: In the Name of the Father * WOTG09: Dancers in Distress * WOTG10: Daughter of a Knight * WOT..."
"Dealer Moogle","593","""Port San d'Oria"", ""Chocobo Circuit"", ""San d'Oria"", ""Windurst""","648","very long; instruction wording; wiki markup","Notes: A Moogle with a red ball on the end of its ""antenna"" that appears during the Mog Bonanza Festival next to the Bonanza Moogle, and during the Repeat Login Campaigns. As of the July 2023 Version Update, there is now..."
"Luzaf","5538","""Various cutscenes, the Ashu Talif""","648","very long","Involved in Quests: * Unwavering Resolve Starts Missions: * Aht Urhgan Mission 35: Legacy of the Lost Involved in Missions: * Aht Urhgan Mission 15: The Black Coffin * Aht Urhgan Mission 22: Shield of Diplomacy * Aht Urh..."
"Dabih Jajalioh","1480","""Jeuno"", ""Ru'Lude Gardens""","646","very long; instruction wording","Notes: After a certain amount has been purchased from her, she changes her greeting to be: Dabih Jajalioh: Hello therrre. I worrrk for the M&P Market. I'm still new, so I don't know much about selling stuff... Announces ..."
"Amnaf","2104","""Al Zahbi"", ""Cutscene"", ""Imperial Ward""","645","very long","Starts Missions: * Aht Urhgan Mission 31: Shades of Vengeance Involved in Missions: * Aht Urhgan Mission 10: Astral Waves * Aht Urhgan Mission 11: Imperial Schemes * Aht Urhgan Mission 12: Royal Puppeteer * Aht Urhgan Mi..."
"Aldo","1300","""Jeuno"", ""Lower Jeuno""","635","very long","Involved in Quests: * Mirror Images * Shadows of the Departed * Apocalypse Nigh Involved in Missions: * San d'Oria Mission 4-1: Magicite * Bastok Mission 4-1: Magicite * Windurst Mission 4-1: Magicite * Zilart Mission 2:..."
"Luto Mewrilah","1425","""Jeuno"", ""Upper Jeuno""","635","very long","Starts Quests: * Unlisted Qualities (FQ 1A) * Girl in the Looking Glass (FQ 1B) * Mirror, Mirror (FQ 1C) * Past Reflections (FQ 2) * Blighted Gloom (FQ 3) * Chameleon Capers (FQ 4) * Blessed Radiance (FQ 5) * Mirror Imag..."
"Quasilumin","3165","""All over Al'Taieu, Grand Palace of Hu'Xzoi, and The Garden of Ru'Hmet"", ""Lumoria""","634","very long; instruction wording","Notes: * The residents of Lumoria, identified simply as ""Quasilumin,"" appearing as scintillating orbs of light. *Some are stationary, and have one line of conversation if you talk to them. If you talk to all of these in ..."
"Zorchorevi, R.K.","5114","""Outland"", ""San d'Oria"", ""Yuhtunga Jungle""","634","very long; wiki markup","Notes: Appears, when Elshimo Lowlands is under weekly conquest-control by San d'Oria. ;Notes for characters only with San d'Oria as current Allegiance: :*Casts Signet :*Choice of setting Home Point for free :*Recharges E..."
"Allied Armored Belfry","4610","""Jeuno (S)"", ""Varies""","625","very long; wiki markup","Notes: * Set up by members of the Allied Forces of Altana in an enemy area when technology levels reach an unknown threshold. The groups that set them up are involved with supplies/sabotage. :*Spawns reinforcements that ..."
"Else","2538","""Bastok (S)"", ""Bastok Markets (S)"", ""Battle""","623","very long; instruction wording; wiki markup","Notes: :* Appears during Campaign Battles in Crawlers' Nest (S) as the leader of the 1st Legion Reiters :* Can cast Cure IV, Paralyze II, Slow II, Bindga, Stone III, and Blizzard III. :* Uses Penta Thrust, Skewer, and Im..."
"Isdebaaq","2001","""Aht Urhgan Whitegate"", ""Al Zahbi""","618","very long; wiki markup","Notes: Offers various Assault Missions for an I.D tag. Sells items for accumulated Assault points (stage-specific). Offers Assault Missions: :*Imperial Agent Rescue Mercenary Rank PSC and above :*Preemptive Strike Mercen..."
"Yahsra","2087","""Aht Urhgan Whitegate"", ""Al Zahbi""","617","very long; wiki markup","Notes: Offers various Assault Missions for an I.D tag. Sells items for accumulated Assault points (stage-specific). Offers Assault Missions: :*Leujaoam Cleansing Mercenary Rank PSC and above :*Orichalcum Survey Mercenary..."
"Allied Belfry","4611","""Jeuno (S)"", ""Varies""","615","very long; wiki markup","Notes: * Set up by members of the Allied Forces of Altana in an enemy area when technology levels reach an unknown threshold. The groups that set them up are involved with supplies/sabotage. :*Spawns reinforcements that ..."
"Famad","1977","""Aht Urhgan Whitegate"", ""Al Zahbi""","613","very long; wiki markup","Notes: Offers various Assault Missions for an I.D tag. Sells items for accumulated Assault points (stage-specific). Offers Assault Missions: :*Excavation Duty Mercenary Rank PSC and above :*Lebros Supplies Mercenary Rank..."
"Borghertz","4570","""Jeuno""","612","very long","Involved in Quests: * Borghertz's Calling Hands (Summoner) * Borghertz's Chasing Hands (Ranger) * Borghertz's Dragon Hands (Dragoon) * Borghertz's Harmonious Hands (Bard) * Borghertz's Healing Hands (White Mage) * Borghe..."
"Lageegee","2019","""Aht Urhgan Whitegate"", ""Al Zahbi""","612","very long; wiki markup","Notes: Offers various Assault Missions for an I.D tag. Sells items for accumulated Assault points (stage-specific). Offers Assault Missions: :*Seagull Grounded Mercenary Rank PSC and above :*Requiem Mercenary Rank PFC an..."
"Kupofried","5561","""Walk of Echoes""","606","very long","Starts Quests: * Kupofried's H2H Moogle Magic * Kupofried's Axe Moogle Magic * Kupofried's Polearm Moogle Magic * Kupofried's Dagger Moogle Magic * Kupofried's Scythe Moogle Magic * Kupofried's Marksmanship Moogle Magic ..."
"Nolan","1865","""Norg""","602","very long; instruction wording; wiki markup","Notes: If you have not spoken with Affi in Escha - Zi'Tah and paid 10 silt for a general explanation of how Escha zones and Geas Fete works, Nolan will not talk to you, telling you he is not open for business yet. Three ..."
"Pattel-Bacchel","908","""Port Windurst"", ""Windurst""","602","very long; wiki markup","Notes: :* Explain Fishing fatigue : ""Whew! Been fishing up a storm all day, and my eyes are spinning-winning. : Why, I couldn't tell a Bluetail from a Bibikibo in the state I'm in! : Still, I caughtaru twenty fish today...."
"Kurt","2557","""Bastok (S)"", ""Bastok Markets (S)"", ""Battle""","598","very long; instruction wording; wiki markup","Notes: :* Can appear in all Campaign Battles for Bastok (S) as the leader of the 8th Iron Musketeers. :* Uses Tachi: Enpi for 500-1200+ damage, Tachi: Jinpu for 300-1500 damage, and his own unique AoE Knockback Weapon Sk..."
"Bhoy Yhupplo","1964","""Aht Urhgan Whitegate"", ""Al Zahbi""","597","very long; wiki markup","Notes: Offers various Assault Missions for an I.D tag. Sells items for accumulated Assault points (stage-specific). Offers Assault Missions: :*Golden Salvage Mercenary Rank PSC and above :*Lamia No.13 Mercenary Rank PFC ..."
"Trion","3418","""Battle"", ""Cutscene"", ""Cutscenes, Chateau d'Oraguille"", ""San d'Oria""","595","very long","Involved in Quests: * Under Oath * Lure of the Wildcat (San d'Oria) * Trust: Trion Involved in Missions: * San d'Oria Mission 3-1: Infiltrate Davoi * San d'Oria Mission 5-2: The Shadow Lord * San d'Oria Mission 6-2: Ranp..."
"Pursuivant","1516","""Ru'Lude Gardens"", ""Al Zahbi"", ""Jeuno"", ""Outland"", ""San d'Oria"", ""Windurst""","590","very long; instruction wording","Notes: Pursuivants offer information about the game Ballista and can give the upcoming match schedules; they are also able to warp characters to the specific Ballista or Brenner battle areas. When a player chooses to war..."
"Mahol, I.M.","5825","""Yuhtunga Jungle""","589","very long; wiki markup","Notes: Appears, when Elshimo Lowlands is under weekly conquest-control by Bastok. ;Notes for characters only with Bastok as current Allegiance: :*Casts Signet :*Choice of setting Home Point for free :*Recharges Emperor B..."
"Mintoo, I.M.","5813","""Yhoator Jungle""","588","very long; wiki markup","Notes: Appears, when Elshimo Uplands is under weekly conquest-control by Bastok. ;Notes for characters only with Bastok as current Allegiance: :*Casts Signet :*Choice of setting Home Point for free :*Recharges Emperor Ba..."
"Ilieumort, R.K.","5320","""San d'Oria"", ""Yhoator Jungle""","586","very long; wiki markup","Notes: Appears, when Elshimo Uplands is under weekly conquest-control by San d'Oria. ;Notes for characters only with San d'Oria as current Allegiance: :*Casts Signet :*Choice of setting Home Point for free :*Recharges Em..."
"Pelogrant","5071","""Outland"", ""Xarcabard""","586","very long; instruction wording; wiki markup","Notes: Appears when Valdeaunia is under control of one of the three nations in Conquest. :*Sells to and buys items from characters who are allied with the controlling nation. :*All items that Standard Merchants normally ..."
"Jabbos","4837","""Mine Shaft #2716""","582","very long","Involved in Quests: * A Question of Faith Involved in Missions: * Promathia Mission 5-3: Three Paths * Past Sins (Louverance Path) * Promathia Mission 6-1: For Whom the Verse is Sung * Promathia Mission 6-4: One to be Fe..."
"Uphra-Kophra, W.W.","5109","""Outland"", ""Windurst"", ""Yuhtunga Jungle""","581","very long; wiki markup","Notes: Appears, when Elshimo Lowlands is under weekly conquest-control by Windurst. ;Notes for characters only with Windurst as current Allegiance: :*Casts Signet :*Choice of setting Home Point for free :*Recharges Empre..."
"Bikho Ronpotteh","5616","""Windurst"", ""Windurst Waters (North)""","580","very long","Notes: One of The Dark Lilies of the Harvest Festival event held each October since 2004. Bikho's Story: This...was a secret place... A place...that nobody knew... The purrrfect spot... An enchanted spot... So many fish...."
"Etaj-Pohtaj, W.W.","5637","""Windurst"", ""Yhoator Jungle""","580","very long; wiki markup","Notes: Appears, when Elshimo Uplands is under weekly conquest-control by Windurst. ;Notes for characters only with Windurst as current Allegiance: :*Casts Signet :*Choice of setting Home Point for free :*Recharges Empres..."
"Kaya, I.M.","5053","""Outland"", ""Xarcabard""","579","very long; wiki markup","Notes: Appears, when Valdeaunia is under weekly conquest-control by Bastok ;Notes for characters only with Bastok as current Allegiance: :*Casts Signet :*Choice of setting Home Point for free :*Recharges Emperor Band, Em..."
"Jeantelas, R.K.","5048","""Outland"", ""San d'Oria"", ""Xarcabard""","577","very long; wiki markup","Notes: Appears, when Valdeaunia is under weekly conquest-control by San d'Oria ;Notes for characters only with San d'Oria as current Allegiance: :*Casts Signet :*Choice of setting Home Point for free :*Recharges Empress ..."
"Royal Provisioner","3408","""Battle"", ""San d'Oria (S)"", ""Varies""","576","very long","Notes: * Appears during offensive campaigns against Beastman territories. Up to 3 provisioners may be present at one time. *Distributes temporary items to players allied with San d'Oria in the battle. *Upon the depletion..."
"Ryokei, I.M.","5085","""Outland"", ""West Sarutabaruta""","576","very long; wiki markup","Notes: Appears, when Sarutabaruta is under weekly conquest-control by Bastok. ;Notes for characters only with Bastok as current Allegiance: :*Casts Signet :*Choice of setting Home Point for free :*Recharges Emperor Band,..."
"Naguipeillont, R.K.","5326","""San d'Oria"", ""West Sarutabaruta""","574","very long; wiki markup","Notes: Appears, when Sarutabaruta is under weekly conquest-control by San d'Oria. ;Notes for characters only with San d'Oria as current Allegiance: :*Casts Signet :*Choice of setting Home Point for free :*Recharges Empre..."
"Parledaire, R.K.","3580","""Beaucedine Glacier"", ""Outland"", ""San d'Oria""","574","very long; wiki markup","Notes: Appears, when Fauregandi is under weekly conquest-control by San d'Oria ;Notes for characters only with San d'Oria as current Allegiance: :*Casts Signet :*Choice of setting Home Point for free :*Recharges Empress ..."
"Shigezane, I.M.","4948","""North Gustaberg"", ""Outland""","573","very long; wiki markup","Notes: Appears, when Gustaberg is under weekly conquest-control by Bastok. ;Notes for characters only with Bastok as current Allegiance: :*Casts Signet :*Choice of setting Home Point for free :*Recharges Emperor Band, Em..."
"Takamoto, I.M.","4636","""Jugner Forest"", ""Outland""","573","very long; wiki markup","Notes: Appears when Norvallen is controlled by Bastok during the conquest period. ;Notes for characters only with Bastok as current Allegiance: :*Casts Signet :*Choice of setting Home Point for free :*Recharges Emperor B..."
"Ennigreaud, R.K.","4942","""North Gustaberg"", ""San d'Oria""","571","very long; wiki markup","Notes: Appears, when Gustaberg is under weekly conquest-control by San d'Oria. ;Notes for characters only with San d'Oria as current Allegiance: :*Casts Signet :*Choice of setting Home Point for free :*Recharges Empress ..."
"Lindgard, I.M.","4176","""Eastern Altepa Desert"", ""Outland""","571","very long; wiki markup","Notes: Appears, when Kuzotz is under weekly conquest-control by Bastok. ;Notes for characters only with Bastok as current Allegiance: :*Casts Signet :*Choice of setting Home Point for free :*Recharges Emperor Band, Empre..."
"Magumo-Yagimo, W.W.","5057","""Outland"", ""Windurst"", ""Xarcabard""","571","very long; wiki markup","Notes: Appears, when Valdeaunia is under weekly conquest-control by Windurst ;Notes for characters only with Windurst as current Allegiance: :*Casts Signet :*Choice of setting Home Point for free :*Recharges Empress Band..."
"Gessho","3386","""Battle"", ""Cutscene"", ""Far East"", ""Various cutscenes""","570","very long","Involved in Quests: * Divine Interference Starts Missions: * Aht Urhgan Mission 16: Ghosts of the Past * Aht Urhgan Mission 36: Gaze of the Saboteur Involved in Missions: * Aht Urhgan Mission 4: Knight of Gold * Aht Urhg..."
"Ishin, I.M.","3638","""Buburimu Peninsula""","570","very long; wiki markup","Notes: Appears, when Kolshushu is under weekly conquest-control by Bastok. ;Notes for characters only with Bastok as current Allegiance: :*Casts Signet :*Choice of setting Home Point for free :*Recharges Emperor Band, Em..."
"Tsonga-Hoponga, W.W.","5106","""Outland"", ""Qufim Island"", ""Windurst""","570","very long; wiki markup","Notes: Appears, when Qufim is under weekly conquest-control by Windurst ;Notes for characters only with Windurst as current Allegiance: :*Casts Signet :*Choice of setting Home Point for free :*Recharges Empress Band, Cha..."
"Ayame","207","""Metalworks""","569","very long","Starts Quests: * A Question of Faith * Out of the Depths * Return to the Depths * True Strength (MNK AF3) Involved in Quests: * Faded Promises * Lure of the Wildcat (Bastok) * Trust: Bastok Involved in Missions: * Bastok..."
"Chegourt, R.K.","4804","""Meriphataud Mountains"", ""San d'Oria""","569","very long; wiki markup","Notes: Appears, when Aragoneu is under weekly conquest-control by San d'Oria ;Notes for characters only with San d'Oria as current Allegiance: :*Casts Signet :*Choice of setting Home Point for free :*Recharges Empress Ba..."
"Eaulevisat, R.K.","4173","""Eastern Altepa Desert"", ""San d'Oria""","569","very long; wiki markup","Notes: Appears, when Kuzotz is under weekly conquest-control by San d'Oria. ;Notes for characters only with San d'Oria as current Allegiance: :*Casts Signet :*Choice of setting Home Point for free :*Recharges Empress Ban..."
"Volker","3542","""Battle"", ""Cutscene"", ""Cutscenes""","569","very long","Involved in Quests: * Waking the Colossus * Trust: Bastok Involved in Missions: * Bastok Mission 1-2: A Geological Survey * Bastok Mission 2-1: The Crystal Line * Bastok Mission 3-1: The Four Musketeers * Bastok Mission ..."
"Roshina-Kuleshuna, W.W.","5084","""Outland"", ""West Sarutabaruta"", ""Windurst""","568","very long; wiki markup","Notes: Appears, when Sarutabaruta is under weekly conquest-control by Windurst. ;Notes for characters only with Windurst as current Allegiance: :*Casts Signet :*Choice of setting Home Point for free :*Recharges Empress B..."
"Ryunchi-Pauchi, W.W.","3583","""Beaucedine Glacier"", ""Outland"", ""Windurst""","568","very long; wiki markup","Notes: Appears, when Fauregandi is under weekly conquest-control by Windurst ;Notes for characters only with Windurst as current Allegiance: :*Casts Signet :*Choice of setting Home Point for free :*Recharges Empress Band..."
"Souun, I.M.","5096","""Outland"", ""Pashhow Marshlands""","568","very long; wiki markup","Notes: Appears, when Derfland is under weekly conquest-control by Bastok. ;Notes for characters only with Bastok as current Allegiance: :*Casts Signet :*Choice of setting Home Point for free :*Recharges Emperor Band, Emp..."
"Bonbavour, R.K.","3632","""Buburimu Peninsula"", ""San d'Oria""","567","very long; wiki markup","Notes: Appears, when Kolshushu is under weekly conquest-control by San d'Oria ;Notes for characters only with San d'Oria as current Allegiance: :*Casts Signet :*Choice of setting Home Point for free :*Recharges Empress B..."
"Calliope, I.M.","5489","""The Sanctuary of Zi'Tah""","566","very long; wiki markup","Notes: Appears, when Li'Telor is under weekly conquest-control by Bastok ;Notes for characters only with Bastok as current Allegiance: :*Casts Signet :*Choice of setting Home Point for free :*Recharges Emperor Band, Empr..."
"Mesachedeau, R.K.","5171","""Pashhow Marshlands"", ""San d'Oria""","566","very long; wiki markup","Notes: Appears, when Derfland is under weekly conquest-control by San d'Oria. ;Notes for characters only with San d'Oria as current Allegiance: :*Casts Signet :*Choice of setting Home Point for free :*Recharges Empress B..."
"Tsunashige, I.M.","5107","""Outland"", ""Valkurm Dunes""","566","very long; wiki markup","Notes: Appears, when Zulkheim is under weekly conquest-control by Bastok ;Notes for characters only with Bastok as current Allegiance: :*Casts Signet :*Choice of setting Home Point for free :*Recharges Emperor Band, Empr..."
"Credaurion, R.K.","5315","""San d'Oria"", ""The Sanctuary of Zi'Tah""","565","very long; wiki markup","Notes: Appears, when Li'Telor is under weekly conquest-control by San d'Oria. ;Notes for characters only with San d'Oria as current Allegiance: :*Casts Signet :*Choice of setting Home Point for free :*Recharges Empress B..."
"Kuuwari-Aori, W.W.","4946","""North Gustaberg"", ""Windurst""","565","very long; wiki markup","Notes: Appears, when Gustaberg is under weekly conquest-control by Windurst. ;Notes for characters only with Windurst as current Allegiance: :*Casts Signet :*Choice of setting Home Point for free :*Recharges Empress Band..."
"Laisavie X Berlends","2633","""Battle"", ""San d'Oria (S)"", ""Southern San d'Oria (S)""","565","very long","Notes: * Appears during Campaign Battles in Jugner Forest (S) and Southern San d'Oria (S) as the leader of the Silver Fox Archers. She is a Paladin/Ranger. *Has a unique ranged weaponskill: Arrow of Apathy which deals co..."
"Sarmistha, I.M.","3670","""Cape Teriggan"", ""Outland""","565","very long; wiki markup","Notes: Appears, when Vollbow is under weekly conquest-control by Bastok. ;Notes for characters only with Bastok as current Allegiance: :*Casts Signet :*Choice of setting Home Point for free :*Recharges Emperor Band, Empr..."
"Quanteilleron, R.K.","5078","""Outland"", ""San d'Oria"", ""Valkurm Dunes""","564","very long; wiki markup","Notes: Appears, when Zulkheim is under weekly conquest-control by San d'Oria ;Notes for characters only with San d'Oria as current Allegiance: :*Casts Signet :*Choice of setting Home Point for free :*Recharges Empress Ba..."
"Sasa, I.M.","5087","""Outland"", ""Qufim Island""","564","very long; wiki markup","Notes: Appears, when Qufim is under weekly conquest-control by Bastok ;Notes for characters only with Bastok as current Allegiance: :*Casts Signet :*Choice of setting Home Point for free :*Recharges Emperor Band, Empress..."
"Chaplion, R.K.","4630","""Jugner Forest"", ""Outland"", ""San d'Oria""","563","very long; wiki markup","Notes: Appears, when Norvallen is under weekly conquest-control by San d'Oria ;Notes for characters only with San d'Oria as current Allegiance: :*Casts Signet :*Choice of setting Home Point for free :*Recharges Empress B..."
"Donmo-Boronmo, W.W.","4806","""Meriphataud Mountains"", ""Windurst""","563","very long; wiki markup","Notes: Appears, when Aragoneu is under weekly conquest-control by Windurst ;Notes for characters only with Windurst as current Allegiance: :*Casts Signet :*Choice of setting Home Point for free :*Recharges Empress Band o..."
"Salimardi, R.K.","3669","""Cape Teriggan"", ""Outland"", ""San d'Oria""","563","very long; wiki markup","Notes: Appears, when Vollbow is under weekly conquest-control by San d'Oria. ;Notes for characters only with San d'Oria as current Allegiance: :*Casts Signet :*Choice of setting Home Point for free :*Recharges Empress Ba..."
"Variko-Njariko, W.W.","4180","""Eastern Altepa Desert"", ""Outland"", ""Windurst""","563","very long; wiki markup","Notes: Appears, when Kuzotz is under weekly conquest-control by Windurst. ;Notes for characters only with Windurst as current Allegiance: :*Casts Signet :*Choice of setting Home Point for free :*Recharges Empress Band or..."
"Akane, I.M. (Beaucedine Glacier)","3572","""Beaucedine Glacier"", ""Outland""","562","very long; wiki markup","Notes: Appears, when Fauregandi is under weekly conquest-control by Bastok ;Notes for characters only with Bastok as current Allegiance: :*Casts Signet :*Choice of setting Home Point for free :*Recharges Empress Band or ..."
"Ganemu-Punnemu, W.W.","3637","""Buburimu Peninsula"", ""Windurst""","562","very long; wiki markup","Notes: Appears, when Kolshushu is under weekly conquest-control by Windurst. ;Notes for characters only with Windurst as current Allegiance: :*Casts Signet :*Choice of setting Home Point for free :*Recharges Empress Band..."
"Pitoire, R.K.","5074","""Outland"", ""Qufim Island"", ""San d'Oria""","562","very long; wiki markup","Notes: Appears, when Qufim is under weekly conquest-control by San d'Oria ;Notes for characters only with San d'Oria as current Allegiance: :*Casts Signet :*Choice of setting Home Point for free :*Recharges Empress Band ..."
"Yoshihiro, I.M.","5112","""Outland"", ""West Ronfaure""","562","very long; wiki markup","Notes: Appears, when Ronfaure is under weekly conquest-control by Bastok ;Notes for characters only with Bastok as current Allegiance: :*Casts Signet :*Choice of setting Home Point for free :*Recharges Emperor Band, Empr..."
"Doladepaiton, R.K.","5035","""Outland"", ""San d'Oria"", ""West Ronfaure""","560","very long; wiki markup","Notes: Appears, when Ronfaure is under weekly conquest-control by San d'Oria ;Notes for characters only with San d'Oria as current Allegiance: :*Casts Signet :*Choice of setting Home Point for free :*Recharges Empress Ba..."
"Mokto-Lankto, W.W.","5172","""Pashhow Marshlands"", ""Windurst""","560","very long; wiki markup","Notes: Appears, when Derfland is under weekly conquest-control by Windurst. ;Notes for characters only with Windurst as current Allegiance: :*Casts Signet :*Choice of setting Home Point for free :*Recharges Empress Band ..."
"Shikaree Z","3615","""Boneyard Gully"", ""Cutscene"", ""Outland""","560","very long","Involved in Quests: * One Good Deed? * Requiem of Sin Involved in Missions: * Promathia Mission 5-3: Three Paths * Where Messengers Gather (Ulmia's Path) * Promathia Mission 6-4: One to be Feared * Promathia Mission 7-1:..."
"Joachim","1247","""Abyssea"", ""Port Jeuno""","559","very long","Starts Quests: * A Journey Begins 1 * The Truth Beckons 2 * Dawn of Death 3 * First Contact 4 * The Forbidden Frontier Vision of Abyssea (Quest) 4A * Scars of Abyssea (Quest) 4B * Heroes of Abyssea (Quest) 4C * Gilgamesh..."
"Ajimo-Majimo, W.W.","5486","""The Sanctuary of Zi'Tah"", ""Windurst""","558","very long; wiki markup","Notes: Appears, when Li'Telor is under weekly conquest-control by Windurst ;Notes for characters only with Windurst as current Allegiance: :*Casts Signet :*Choice of setting Home Point for free :*Recharges Empress Band o..."
"Nyata-Mobuta, W.W.","5068","""Outland"", ""Valkurm Dunes"", ""Windurst""","558","very long; wiki markup","Notes: Appears, when Zulkheim is under weekly conquest-control by Windurst ;Notes for characters only with Windurst as current Allegiance: :*Casts Signet :*Choice of setting Home Point for free :*Recharges Empress Band o..."
"Bubchu-Bibinchu, W.W.","4629","""Jugner Forest"", ""Outland"", ""Windurst""","557","very long; wiki markup","Notes: Appears, when Norvallen is under weekly conquest-control by Windurst ;Notes for characters only with Windurst as current Allegiance: :*Casts Signet :*Choice of setting Home Point for free :*Recharges Empress Band ..."
"Voranbo-Natanbo, W.W.","3671","""Cape Teriggan"", ""Outland"", ""Windurst""","557","very long; wiki markup","Notes: Appears, when Vollbow is under weekly conquest-control by Windurst. ;Notes for characters only with Windurst as current Allegiance: :*Casts Signet :*Choice of setting Home Point for free :*Recharges Empress Band o..."
"Savage Hound Condottiere","4138","""East Ronfaure (S), Jugner Forest (S). Vunkerl Inlet (S), Batallia Downs (S), The Eldieme Necropolis (S)."", ""San d'Oria (S)""","555","very long","Notes: * Under the command of the elvaan general Leonoyne. * Interestingly they are clad in several Dark Knight only armor pieces but have not been observed to cast any form of magic. *They are among the few that may be ..."
"Kyanta-Pakyanta, W.W.","5054","""Outland"", ""West Ronfaure"", ""Windurst""","554","very long; wiki markup","Notes: Appears, when Ronfaure is under weekly conquest-control by Windurst ;Notes for characters only with Windurst as current Allegiance: :*Casts Signet :*Choice of setting Home Point for free :*Recharges Empress Band o..."
"Ajido-Marujido","784","""Battle"", ""Cutscene"", ""Heavens Tower"", ""Windurst""","550","very long","Involved in Quests: * I Can Hear a Rainbow * Wonder Wands Involved in Missions: * Windurst Mission 1-1: The Horutoto Ruins Experiment * Windurst Mission 2-1: Lost for Words * Windurst Mission 3-1: To Each His Own Right *..."
"Mrohk Sahjuuli","2031","""Aht Urhgan Whitegate"", ""Al Zahbi""","549","very long; instruction wording","Notes: Ghanraam will exchange items from Salvage II ruins expeditions and crafting items for pieces of Salvage +1 armor. Mrohk Sahjuuli can also store plans obtained in Salvage II runs. * To upgrade a piece, trade her th..."
"Ilgusin","606","""Port San d'Oria"", ""San d'Oria""","547","very long","Notes: Aye, 'tis true that San d'Oria joined Windurst, Bastok, and Jeuno in war twenty years ago. We slew the Shadow Lord, and drove back his hordes! I say ""we,"" but what did the absent-minded Windurstians and granite-li..."
"Ghost Talker, I.M.","4747","""Lufaise Meadows"", ""Outland""","543","very long; wiki markup","Notes: Appears, when Tavnazian Archipelago is under weekly conquest-control by Bastok ;Notes for characters only with Bastok as current Allegiance: :*Casts Signet :*Choice of setting Home Point for free :*Recharges Emper..."
"Yoram, I.M.","4751","""Lufaise Meadows"", ""Outland""","543","very long; wiki markup","Notes: Appears, when Tavnazian Archipelago is under weekly conquest-control by Bastok ;Notes for characters only with Bastok as current Allegiance: :*Casts Signet :*Choice of setting Home Point for free :*Recharges Emper..."
"Chilaumme, R.K.","4743","""Lufaise Meadows"", ""Outland"", ""San d'Oria""","541","very long; wiki markup","Notes: Appears, when Tavnazian Archipelago is under weekly conquest-control by San d'Oria ;Notes for characters only with San d'Oria as current Allegiance: :*Casts Signet :*Choice of setting Home Point for free :*Recharg..."
"Jemmoquel, R.K.","4748","""Lufaise Meadows"", ""Outland"", ""San d'Oria""","541","very long; wiki markup","Notes: Appears, when Tavnazian Archipelago is under weekly conquest-control by San d'Oria ;Notes for characters only with San d'Oria as current Allegiance: :*Casts Signet :*Choice of setting Home Point for free :*Recharg..."
"A.M.A.N. Reclaimer","31","""Bastok Markets""","536","very long","Notes: A.M.A.N. Reclaimers exchange armour and weapons from certain areas for Reclamation Marks. Upon accumulating 1,000 Reclamation Marks, they will be automatically converted to 1 Copper Voucher, and automatically stor..."
"Cotete, W.W.","4746","""Lufaise Meadows"", ""Outland"", ""Windurst""","535","very long; wiki markup","Notes: Appears, when Tavnazian Archipelago is under weekly conquest-control by Windurst ;Notes for characters only with Windurst as current Allegiance: :*Casts Signet :*Choice of setting Home Point for free :*Recharges E..."
"Meret","1710","""Tavnazian Safehold"", ""Top level in Tavnazian Safehold at""","535","very long; instruction wording","Notes: Sea Gods item acquisition. You must complete her friend Yurim's quest, In the Name of Science, before Meret will accept any trades. Absolute Virtue * Futsuno Mitama * Aureole * Raphael's Rod * Ninurta's Sash * Mar..."
"Bammiro, I.M.","5822","""Yuhtunga Jungle""","534","very long; wiki markup","Notes: Appears, when Elshimo Lowlands is under weekly conquest-control by Bastok. ;Notes for characters only with Bastok as current Allegiance: :*Casts Signet :*Choice of setting Home Point for free :*Recharges Emperor B..."
"Guddal, I.M.","5810","""Yhoator Jungle""","532","very long; wiki markup","Notes: Appears, when Elshimo Uplands is under weekly conquest-control by Bastok. ;Notes for characters only with Bastok as current Allegiance: :*Casts Signet :*Choice of setting Home Point for free :*Recharges Emperor Ba..."
"Mupia, R.K.","5325","""San d'Oria"", ""Yuhtunga Jungle""","532","very long; wiki markup","Notes: Appears, when Elshimo Lowlands is under weekly conquest-control by San d'Oria. ;Notes for characters only with San d'Oria as current Allegiance: :*Casts Signet :*Choice of setting Home Point for free :*Recharges E..."
"Nyumomo","2707","""Battle"", ""Windurst (S)"", ""Windurst Waters (S)""","532","very long; instruction wording","Notes: * Appears during Campaign Battles as the leader of the Patriarch Protectors. Deployed only to Fort Karugo-Narugo (S) and Windurst Waters (S). *Nyumomo casts high tier earth elemental magic. *Calls forth Patrol Wor..."
"Kupipi","4482","""Heavens Tower (North end of ground floor, in the Clerical Chamber) *Also appears as a guest during Chocobo Races - Rakapopo Cup, with her own chocobo, Starlight on the track ridden by Koru-Moru."", ""Windurst""","531","very long","Involved in Quests: * Riding on the Clouds * BLM AF3 quest: The Root of the Problem * Trust: Windurst * Obtaining a Ballista License (as an envoy to the Star Sybil) Starts Missions: * Kupipi's Dilemma (The Voracious Resu..."
"Emila, R.K.","5317","""San d'Oria"", ""Yhoator Jungle""","530","very long; wiki markup","Notes: Appears, when Elshimo Uplands is under weekly conquest-control by San d'Oria. ;Notes for characters only with San d'Oria as current Allegiance: :*Casts Signet :*Choice of setting Home Point for free :*Recharges Em..."
"Callort","582","""Port San d'Oria"", ""San d'Oria""","527","very long","Notes: Dialogue: Airships fly between our kingdom and the Grand Duchy of Jeuno to the east. I'll never forget the first day I saw one of those ships fly... Jeuno's history is short, but quickly did that village of Hume f..."
"Richacha, W.W.","5081","""Outland"", ""Windurst"", ""Yuhtunga Jungle""","526","very long; wiki markup","Notes: Appears, when Elshimo Lowlands is under weekly conquest-control by Windurst. ;Notes for characters only with Windurst as current Allegiance: :*Casts Signet :*Choice of setting Home Point for free :*Recharges Empre..."
"Slow Axe, I.M.","5095","""Outland"", ""West Sarutabaruta""","526","very long; wiki markup","Notes: Appears, when Sarutabaruta is under weekly conquest-control by Bastok. ;Notes for characters only with Bastok as current Allegiance: :*Casts Signet :*Choice of setting Home Point for free :*Recharges Emperor Band,..."
"Cornelia","3988","""Cutscene"", ""Various cutscenes Her room is behind the President ( Bastok Metalworks:""","525","very long","Involved in Quests: * Beauty and the Galka * Fallen Comrades * Rivals Involved in Missions: * Bastok Mission 3-1: The Four Musketeers * Bastok Mission 5-1: Darkness Rising * Bastok Mission 7-1: The Final Image * Bastok M..."
"Three Steps, I.M.","4809","""Meriphataud Mountains""","525","very long; wiki markup","Notes: Appears when Aragoneu is controlled by Bastok during the conquest period. ;Notes for characters only with Bastok as current Allegiance: :*Casts Signet :*Choice of setting Home Point for free :*Recharges Emperor Ba..."
"Ghantata, W.W.","5648","""Windurst"", ""Yhoator Jungle""","524","very long; wiki markup","Notes: Appears, when Elshimo Uplands is under weekly conquest-control by Windurst. ;Notes for characters only with Windurst as current Allegiance: :*Casts Signet :*Choice of setting Home Point for free :*Recharges Empres..."
"Banege, R.K.","5309","""San d'Oria"", ""West Sarutabaruta""","523","very long; wiki markup","Notes: Appears, when Sarutabaruta is under weekly conquest-control by San d'Oria ;Notes for characters only with San d'Oria as current Allegiance: :*Casts Signet :*Choice of setting Home Point for free :*Recharges Empres..."
"Heavy Bear, I.M.","5045","""Outland"", ""Xarcabard""","521","very long; wiki markup","Notes: Appears, when Valdeaunia is under weekly conquest-control by Bastok ;Notes for characters only with Bastok as current Allegiance: :*Casts Signet :*Choice of setting Home Point for free :*Recharges Emperor Band, Em..."
"Rattling Rain, I.M.","3582","""Beaucedine Glacier"", ""Outland""","521","very long; wiki markup","Notes: Appears, when Fauregandi is under weekly conquest-control by Bastok ;Notes for characters only with Bastok as current Allegiance: :*Casts Signet :*Choice of setting Home Point for free :*Recharges Emperor Band, Em..."
"Heavy Fog, I.M.","4943","""North Gustaberg""","520","very long; wiki markup","Notes: Appears, when Gustaberg is under weekly conquest-control by Bastok. ;Notes for characters only with Bastok as current Allegiance: :*Casts Signet :*Choice of setting Home Point for free :*Recharges Emperor Band, Em..."
"Wise Turtle, I.M.","3641","""Buburimu Peninsula"", ""Outland""","520","very long; wiki markup","Notes: Appears, when Kolshushu is under weekly conquest-control by Bastok. ;Notes for characters only with Bastok as current Allegiance: :*Casts Signet :*Choice of setting Home Point for free :*Recharges Emperor Band, Em..."
"Leaufetie, R.K.","3578","""Beaucedine Glacier"", ""Outland"", ""San d'Oria""","519","very long; wiki markup","Notes: Appears, when Fauregandi is under weekly conquest-control by San d'Oria ;Notes for characters only with San d'Oria as current Allegiance: :*Casts Signet :*Choice of setting Home Point for free :*Recharges Empress ..."
"Pilcha, R.K.","5073","""Outland"", ""San d'Oria"", ""Xarcabard""","519","very long; wiki markup","Notes: Appears, when Valdeaunia is under weekly conquest-control by San d'Oria ;Notes for characters only with San d'Oria as current Allegiance: :*Casts Signet :*Choice of setting Home Point for free :*Recharges Empress ..."
"Pure Heart, I.M.","4635","""Jugner Forest"", ""Outland""","519","very long; wiki markup","Notes: Appears, when Norvallen is under weekly conquest-control by Bastok ;Notes for characters only with Bastok as current Allegiance: :*Casts Signet :*Choice of setting Home Point for free :*Recharges Emperor Band, Emp..."
"Craigine, R.K.","3635","""Buburimu Peninsula"", ""San d'Oria""","518","very long; wiki markup","Notes: Appears, when Kolshushu is under weekly conquest-control by San d'Oria. ;Notes for characters only with San d'Oria as current Allegiance: :*Casts Signet :*Choice of setting Home Point for free :*Recharges Empress ..."
"Darumomo, W.W.","5578","""West Sarutabaruta"", ""Windurst""","518","very long; wiki markup","Notes: Appears, when Sarutabaruta is under weekly conquest-control by Windurst. ;Notes for characters only with Windurst as current Allegiance: :*Casts Signet :*Choice of setting Home Point for free :*Recharges Empress B..."
"Dedden, I.M.","5490","""The Sanctuary of Zi'Tah""","518","very long; wiki markup","Notes: Appears, when Li'Telor is under weekly conquest-control by Bastok. ;Notes for characters only with Bastok as current Allegiance: :*Casts Signet :*Choice of setting Home Point for free :*Recharges Emperor Band, Emp..."
"Quellebie, R.K.","4947","""North Gustaberg"", ""San d'Oria""","518","very long; wiki markup","Notes: Appears, when Gustaberg is under weekly conquest-control by San d'Oria. ;Notes for characters only with San d'Oria as current Allegiance: :*Casts Signet :*Choice of setting Home Point for free :*Recharges Empress ..."
"Saradorial","5086","""Outland"", ""Special Event"", ""West Ronfaure""","518","very long; instruction wording; wiki markup","Notes: Appears when the special event Sunbreeze Festival is active. :*Sells Super Scoops and buys items of characters :*Gives goldfish scooping points for trading special event-caught fish :*Can give you a Goldfish Baske..."
"Sharp Tooth, I.M.","5089","""Outland"", ""Pashhow Marshlands""","518","very long; wiki markup","Notes: Appears, when Derfland is under weekly conquest-control by Bastok. ;Notes for characters only with Bastok as current Allegiance: :*Casts Signet :*Choice of setting Home Point for free :*Recharges Emperor Band, Emp..."
"Fighting Ant, I.M.","5039","""Outland"", ""Valkurm Dunes""","517","very long; wiki markup","Notes: Appears, when Zulkheim is under weekly conquest-control by Bastok ;Notes for characters only with Bastok as current Allegiance: :*Casts Signet :*Choice of setting Home Point for free :*Recharges Emperor Band, Empr..."
"Lucius","245","""Metalworks""","517","very long","Involved in Quests: * Riding on the Clouds * Waking the Colossus * Trust: Bastok - Triggers the cutscene to learn Trust: Volker if you are at least Rank 6. Involved in Missions: * Bastok Mission 1-1: The Zeruhn Report * ..."
"Molting Moth, I.M.","5064","""Outland"", ""West Ronfaure""","517","very long; wiki markup","Notes: Appears, when Ronfaure is under weekly conquest-control by Bastok ;Notes for characters only with Bastok as current Allegiance: :*Casts Signet :*Choice of setting Home Point for free :*Recharges Emperor Band, Empr..."
"Taumiale, R.K.","4637","""Jugner Forest"", ""Outland"", ""San d'Oria""","517","very long; wiki markup","Notes: Appears, when Norvallen is under weekly conquest-control by San d'Oria ;Notes for characters only with San d'Oria as current Allegiance: :*Casts Signet :*Choice of setting Home Point for free :*Recharges Empress B..."
"Dultwa, I.M.","3666","""Cape Teriggan""","516","very long; wiki markup","Notes: Appears, when Vollbow is under weekly conquest-control by Bastok. ;Notes for characters only with Bastok as current Allegiance: :*Casts Signet :*Choice of setting Home Point for free :*Recharges Emperor Band, Empr..."
"Febrenard C Brunnaut","3382","""Battle"", ""San d'Oria (S)"", ""Southern San d'Oria (S) or The Eldieme Necropolis (S)""","516","very long","Notes: * Appears in campaign battles, as commander of the Temple Knights. *Spams Holy and Banish III when engaged in battle. *Possesses an innate and powerful Enlight effect on his melee attacks. *Uses various Sword weap..."
"Gumbah","163","""Bastok Mines""","516","very long","Starts Quests: * Blade of Darkness * Blade of Death * Inheritance Involved in Quests: * Rivals * The Eleventh's Hour Involved in Missions: * Bastok Mission 6-1: Return of the Talekeeper * Bastok Mission 7-1: The Final Im..."
"Ioupie, R.K.","5047","""Outland"", ""Pashhow Marshlands""","516","very long; wiki markup","Notes: Appears, when Derfland is under weekly conquest-control by San d'Oria. ;Notes for characters only with San d'Oria as current Allegiance: :*Casts Signet :*Choice of setting Home Point for free :*Recharges Empress B..."
"Limion, R.K.","5324","""San d'Oria"", ""The Sanctuary of Zi'Tah""","516","very long; wiki markup","Notes: Appears, when Li'Telor is under weekly conquest-control by San d'Oria. ;Notes for characters only with San d'Oria as current Allegiance: :*Casts Signet :*Choice of setting Home Point for free :*Recharges Empress B..."
"Ballie, R.K.","5024","""Outland"", ""San d'Oria"", ""West Ronfaure""","515","very long; wiki markup","Notes: Appears, when Ronfaure is under weekly conquest-control by San d'Oria ;Notes for characters only with San d'Oria as current Allegiance: :*Casts Signet :*Choice of setting Home Point for free :*Recharges Empress Ba..."
"Buliame, R.K.","4803","""Meriphataud Mountains"", ""San d'Oria""","515","very long; wiki markup","Notes: Appears, when Aragoneu is under weekly conquest-control by San d'Oria ;Notes for characters only with San d'Oria as current Allegiance: :*Casts Signet :*Choice of setting Home Point for free :*Recharges Empress Ba..."
"Prunilla, R.K.","5076","""Outland"", ""San d'Oria"", ""Valkurm Dunes""","515","very long; wiki markup","Notes: Appears, when Zulkheim is under weekly conquest-control by San d'Oria ;Notes for characters only with San d'Oria as current Allegiance: :*Casts Signet :*Choice of setting Home Point for free :*Recharges Empress Ba..."
"Teldo-Moroldo, W.W.","4750","""Lufaise Meadows"", ""Outland"", ""Windurst""","515","very long; wiki markup","Notes: Appears when Tavnazian Archipelago is under Windurst control ;Notes for characters only with Windurst as current Allegiance: :*Casts Signet :*Choice of setting Home Point for free :*Recharges Empress Band or Chari..."
"Anillah","1066","""Windurst"", ""Windurst Woods""","514","very long; instruction wording","Notes: Anillah is one of two workers who provides free synthesis support for clothcrafting in Windurst. Speaking with her will raise your clothcrafting skill ever so slightly, and give you a better chance at successful s..."
"Daborn, I.M.","4170","""Eastern Altepa Desert""","514","very long; wiki markup","Notes: Appears, when Kuzotz is under weekly conquest-control by Bastok. ;Notes for characters only with Bastok as current Allegiance: :*Casts Signet :*Choice of setting Home Point for free :*Recharges Emperor Band, Empre..."
"Paise, R.K.","3668","""Cape Teriggan"", ""San d'Oria""","514","very long; wiki markup","Notes: Appears, when Vollbow is under weekly conquest-control by San d'Oria. ;Notes for characters only with San d'Oria as current Allegiance: :*Casts Signet :*Choice of setting Home Point for free :*Recharges Empress Ba..."
"Chopapa, W.W.","3575","""Beaucedine Glacier"", ""Outland"", ""Windurst""","513","very long; wiki markup","Notes: Appears, when Fauregandi is under weekly conquest-control by Windurst ;Notes for characters only with Windurst as current Allegiance: :*Casts Signet :*Choice of setting Home Point for free :*Recharges Empress Band..."
"Tememe, W.W.","5102","""Outland"", ""Windurst"", ""Xarcabard""","513","very long; wiki markup","Notes: Appears, when Valdeaunia is under weekly conquest-control by Windurst ;Notes for characters only with Windurst as current Allegiance: :*Casts Signet :*Choice of setting Home Point for free :*Recharges Empress Band..."
"Mashasha, W.W.","3640","""Buburimu Peninsula"", ""Windurst""","512","very long; wiki markup","Notes: Appears, when Kolshushu is under weekly conquest-control by Windurst. ;Notes for characters only with Windurst as current Allegiance: :*Casts Signet :*Choice of setting Home Point for free :*Recharges Empress Band..."
"Butsutsu, W.W.","4939","""North Gustaberg"", ""Windurst""","511","very long; wiki markup","Notes: Appears, when Gustaberg is under weekly conquest-control by Windurst ;Notes for characters only with Windurst as current Allegiance: :*Casts Signet :*Choice of setting Home Point for free :*Recharges Empress Band ..."
"Geruru, W.W.","4631","""Jugner Forest"", ""Outland"", ""Windurst""","511","very long; wiki markup","Notes: Appears, when Norvallen is under weekly conquest-control by Windurst ;Notes for characters only with Windurst as current Allegiance: :*Casts Signet :*Choice of setting Home Point for free :*Recharges Empress Band ..."
"Laimeve, R.K.","4175","""Eastern Altepa Desert"", ""San d'Oria""","511","very long; wiki markup","Notes: Appears when Kuzotz is under weekly conquest-control by San d'Oria. ;Notes for characters only with San d'Oria as current Allegiance: :*Casts Signet :*Choice of setting Home Point for free :*Recharges Empress Band..."
"Rochefogne","5335","""San d'Oria""","511","very long","Involved in Missions: * San d'Oria Mission 1-1: Smash the Orcish Scouts * San d'Oria Mission 1-2: Bat Hunt * San d'Oria Mission 2-3: Infiltrate Davoi * San d'Oria Mission 6-1: Leaute's Last Wishes * San d'Oria Mission 6-..."
"Singing Blade, I.M.","5094","""Outland"", ""Qufim Island""","511","very long; wiki markup","Notes: Appears, when Qufim is under weekly conquest-control by Bastok ;Notes for characters only with Bastok as current Allegiance: :*Casts Signet :*Choice of setting Home Point for free :*Recharges Emperor Band, Empress..."
"Sleakachiq","4879","""Newton Movalpolos""","511","very long; instruction wording","Notes: * Only accessible out of the exit from Mine Shaft #2716. * She will warp a character to either North Gustaberg (K-6) or back to the entrance of Mine Shaft #2716, for 800 gil. * It is only possible to interact with..."
"Akane, I.M. (Meriphataud Mountains)","4800","""Meriphataud Mountains""","510","very long; wiki markup","Notes: Appears, when Aragoneu is under weekly conquest-control by Bastok ;Notes for characters only with Bastok as current Allegiance: :*Casts Signet :*Choice of setting Home Point for free :*Recharges Empress Band or Ch..."
"Daruru, W.W.","4805","""Meriphataud Mountains"", ""Windurst""","510","very long; wiki markup","Notes: Appears, when Aragoneu is under weekly conquest-control by Windurst. ;Notes for characters only with Windurst as current Allegiance: :*Casts Signet :*Choice of setting Home Point for free :*Recharges Empress Band ..."
"Ochocho, W.W.","5491","""The Sanctuary of Zi'Tah"", ""Windurst""","510","very long; wiki markup","Notes: Appears, when Li'Telor is under weekly conquest-control by Windurst. ;Notes for characters only with Windurst as current Allegiance: :*Casts Signet :*Choice of setting Home Point for free :*Recharges Empress Band ..."
"Matica, R.K.","5060","""Outland"", ""Qufim Island"", ""San d'Oria""","509","very long; wiki markup","Notes: Appears, when Qufim is under weekly conquest-control by San d'Oria ;Notes for characters only with San d'Oria as current Allegiance: :*Casts Signet :*Choice of setting Home Point for free :*Recharges Empress Band ..."
"Matildie","506","""Northern San d'Oria"", ""San d'Oria""","509","very long; wiki markup","Notes: Dialogue: Anilla: Is it just me, or are there more strangers in town these days? Whatever could it mean? Matildie: What, have you not heard? They are recruiting adventurers in droves! I hear they're taking any who..."
"Tebubu, W.W.","5101","""Outland"", ""Valkurm Dunes"", ""Windurst""","509","very long; wiki markup","Notes: Appears, when Zulkheim is under weekly conquest-control by Windurst ;Notes for characters only with Windurst as current Allegiance: :*Casts Signet :*Choice of setting Home Point for free :*Recharges Empress Band o..."
"Tottoto, W.W.","5105","""Outland"", ""West Ronfaure"", ""Windurst""","509","very long; wiki markup","Notes: Appears, when Ronfaure is under weekly conquest-control by Windurst ;Notes for characters only with Windurst as current Allegiance: :*Casts Signet :*Choice of setting Home Point for free :*Recharges Empress Band o..."
"Orukeke, W.W.","3667","""Cape Teriggan"", ""Windurst""","508","very long; wiki markup","Notes: Appears, when Vollbow is under weekly conquest-control by Windurst. ;Notes for characters only with Windurst as current Allegiance: :*Casts Signet :*Choice of setting Home Point for free :*Recharges Empress Band o..."
"Sahgygy, W.W.","4178","""Eastern Altepa Desert"", ""Outland"", ""Windurst""","506","very long; wiki markup","Notes: Appears, when Kuzotz is under weekly conquest-control by Windurst. ;Notes for characters only with Windurst as current Allegiance: :*Casts Signet :*Choice of setting Home Point for free :*Recharges Empress Band or..."
"Valentione Single","5340","""San d'Oria"", ""San d'Oria :*Male Hume - Southern San d'Oria"", ""Special Event"", ""Windurst""","506","very long; instruction wording; wiki markup","Notes: They appear when the special event Valentione's Day is active. ;Notes: :*There are 8 Valentione Singles in each town - One for each race and gender. :*Each gender have 4 different personalities: Honest, cheerful, ..."
"Iron Eater","237","""Metalworks""","505","very long","Starts Quests: * The Weight of Your Limits Involved in Quests: * Fires of Discontent * The Doorman * Waking the Colossus Involved in Missions: * Bastok Mission 2-2: Wading Beasts * Bastok Mission 3-1: The Four Musketeers..."
"Numumu, W.W.","5067","""Outland"", ""Qufim Island"", ""Windurst""","503","very long; wiki markup","Notes: Appears, when Qufim is under weekly conquest-control by Windurst ;Notes for characters only with Windurst as current Allegiance: :*Casts Signet :*Choice of setting Home Point for free :*Recharges Empress Band or C..."
"Terude-Harude","1190","""Windurst"", ""Windurst Woods""","501","very long","Notes: Terude-Harude is an exceptional clothcrafter, who will provide you with advanced synthesis support for a small fee. Accepting his offer will raise your clothcrafting skill slightly, and will increase your chances ..."
"Ullegore","554","""Northern San d'Oria"", ""Special Event""","501","very long; wiki markup","Notes: left|180px|thumb|Ullegore's Elvaan form A long, long time ago, on a starry night different from no other, a lone meteorite fell from the bejeweled sky unbeknownst to the slumbering denizens of Vana'diel. From the ..."
"Maruna-Kurina","2641","""Freelance"", ""Southern San d'Oria (S)""","500","very long; instruction wording","Notes: * Recruited by talking to him as a scholar. *Has extensive information concerning various Campaign details, and can also track freelancer alliances. *Will provide a list of Freelancers and how to influence them. A..."
"Packapic","4212","""Everbloom Hollow"", ""Outland""","498","very long; instruction wording","Notes: * A Moblin Maze Mongers employee who provides player support within the lobby of Everbloom Hollow. Packapic assists players by: *Allowing players to choose from an assortment of sound tracks to listen to while com..."
"Ghatsad","1987","""Aht Urhgan Whitegate"", ""Al Zahbi""","496","very long","Involved in Quests: * No Strings Attached * The Rider Cometh * Unwavering Resolve * A Stygian Pact * Upgrading Your Automaton Involved in Missions: * Aht Urhgan Mission 9: Undersea Scouting * Aht Urhgan Mission 10: Astra..."
"Despachiaire","1676","""Tavnazian Safehold""","494","very long","Starts Quests: * X Marks the Spot * Elderly Pursuits * Tango with a Tracker * Requiem of Sin Involved in Quests: * Secrets of Ovens Lost Involved in Missions: * Promathia Mission 2-2: The Lost City * Promathia Mission 2-..."
"Shikoko, W.W.","5093","""Outland"", ""Pashhow Marshlands"", ""Windurst""","493","very long; wiki markup","Notes: Appears when Derfland is under control of Windurst. ;Notes for characters only with Windurst as current Allegiance: :*Casts Signet :*Choice of setting Home Point for free :*Recharges Empress Band or Chariot Band :..."
"Green Thumb Moogle","2500","""Mog Garden""","491","very long","Starts Quests: * Full Fields * Green Groves * Mining Missive * Pond Probing * Coastal Chaos * Seed Sowing * Flotsam Finding * Courtesy Crustacean * Trinket for the Tyrant * Hypnotic Hospitality * Titillating Tomes * Glit..."
"Red Rose Condottiere","3402","""Battle"", ""San d'Oria (S)"", ""Vunkerl Inlet (S)""","489","very long","Notes: * Appears during Campaign Battles as part of the Knights of the Red Rose squadron, under the command of the Samurai Noillurie. They are only deployed to Vunkerl Inlet (S) * Like their Savage Hound Condottie counte..."
"Gilgamesh","1843","""Norg""","486","very long","Starts Quests: * Yomi Okuri - SAM AF 2 Involved in Quests: * A Thief in Norg!? - SAM AF 3 * Apocalypse Nigh * Forge Your Destiny * First Contact * Tenuous Existence * A Sea Dog's Summons * Death and Rebirth Starts Missio..."
"Switchlox","5296","""Ruhotz Silvermines""","486","very long","Notes: * Will change the job of Chaperix to either ""Walloper"", ""Spellslinger"" or ""Barrager"". **""Walloper"" requires the temp items Body Boost and Strength Potion. **""Spellsplinger"" requires the temp items Wizard's Drink a..."
"Abby Jalunshi","1059","""Windurst"", ""Windurst Woods""","485","very long; instruction wording","Notes: Checking Abby_Jalunshi will start a conversation with her about Mog Houses. She give you 2 options to start- : *Nothing in General : *Ask for an explanation on Mog houses. If you choose the ""Nothing in General opt..."
"Goblin Lansquenet","2146","""Al Zahbi"", ""Battle"", ""Besieged""","485","very long; wiki markup","Notes: * Spawns during Besieged when the Imperial Defense rating is close to its maximum of 200. *Starts off as friendly NPCs, but may be persuaded to join the other side. When this happens, it will return to its spawn p..."
"Boronene","836","""Port Windurst"", ""Windurst""","483","very long","Notes: ""This is the gateway to Windurst's residential ares. Inside, there are Mog Houses available for use by Windurst."" *Ask for an explanation of Mog Houses. ""A Mog House is you own personal apartment room, provided fo..."
"Apururu","1067","""Windurst"", ""Windurst Woods""","481","very long","Starts Quests: * Can Cardians Cry? * Trust: Ajido-Marujido Involved in Quests: * Making Amens! * Legendary Plan B * The Kind Cardian Involved in Missions: * Windurst Mission 1-1: The Horutoto Ruins Experiment * Windurst ..."
"Semih Lafihna","4063","""Cutscenes Only"", ""Windurst""","481","very long","Involved in Quests: * Sin Hunting * Fire and Brimstone * Unbridled Passion Involved in Missions: * Bastok Mission 2-3: The Emissary * Windurst Mission 2-3: The Three Kingdoms * Windurst Mission 3-1: To Each His Own Right..."
"Shamonde","3959","""Cut scenes only"", ""Cutscene"", ""San d'Oria""","480","very long","Involved in Quests: * Her Majesty's Garden Involved in Missions: * San d'Oria Mission 1-3: Save the Childern * San d'Oria Mission 2-2: The Davoi Report * San d'Oria Mission 3-2: The Crystal Spring * San d'Oria Mission 6-..."
"Portia","5360","""San d'Oria (S)""","477","very long","Involved in Missions: * WOTG05: While the Cat is Away * WOTG06: A Timeswept Butterfly * WOTG07: Purple, The New Black * WOTG08: In the Name of the Father * WOTG09: Dancers in Distress * WOTG11: A Spoonful of Sugar * WOTG..."
"Vesca","2474","""Adoulin"", ""Eastern Adoulin""","475","very long; instruction wording","Notes: Heemo-Weemo - Western Adoulin J-10 augments gear for 3000 Bayld. * Augment item required: Coalition Grease sold by Ugtoor - Western Adoulin J-9 for 5000 bayld. * Karieyh gear - Can be augmented with HP+ * Orvail g..."
"Mei","1927","""Rabao"", ""Special Event""","471","very long; instruction wording; wiki markup","Notes: Appears when the special event Sunbreeze Festival is active. ;Notes: :*Sells Super Scoops and buys items from characters :*Gives goldfish scooping points for trading special event-caught fish :*Can give you a Gold..."
"Raogrimm","4002","""Cutscene"", ""Various cutscenes""","471","very long","Involved in Missions: * San d'Oria Mission 4-1: Magicite * Bastok Mission 4-1: Magicite * Windurst Mission 4-1: Magicite * Bastok Mission 5-1: Darkness Rising * San d'Oria Mission 5-1: The Ruins of Fei'Yin * Windurst Mis..."
"Fish Eyes","5040","""Outland"", ""South Gustaberg""","470","very long; instruction wording; wiki markup","Notes: Appears, when the special event Sunbreeze Festival is active. :*Sells Super Scoops and buys items of characters :*Gives goldfish scooping points for trading special event catched fish :*Can give you a Goldfish Bas..."
"Kesha Shopehllok","4146","""East Sarutabaruta"", ""Outland"", ""Special Event""","470","very long; instruction wording; wiki markup","Notes: Appears, when the special event Sunbreeze Festival is active. :*Sells Super Scoops and buys items of characters :*Gives goldfish scooping points for trading special event catched fish :*Can give you a Goldfish Bas..."
"Wilhelm","1656","""Mhaura""","470","very long; instruction wording","Notes: Wilhelm works for the The Brugaire Consortium, representing clients from the Near East. Trading him parts from Ultima and Omega (found in the chests that Proto-Ultima and Proto-Omega leave behind following their d..."
"Moogle (Mog House)","2170","""Adoulin"", ""Al Zahbi"", ""Bastok (S)"", ""Jeuno"", ""Mog House"", ""San d'Oria"", ""San d'Oria (S)"", ""Windurst"", ""Windurst (S)""","468","very long","Starts Quests: * Give a Moogle a Break * Moogles in the Wild * The Moogle's Picnic! Involved in Quests: * Unexpected Treasure Starts Missions: * A Moogle Kupo d'Etat * Drenched! It Began with a Raindrop * Hasten! In a Ja..."
"Wildcat Vanguard","3543","""Battle"", ""Belfry"", ""Windurst (S)""","468","very long","Notes: * Spawned by an Allied Belfry erected by the Federal Forces of Windurst. Participates in offensive Campaign Battles. A maximum of 6 reinforcements will appear, and they will continually respawn unless the belfry i..."
"Machine Outfitter","2896","""Abyssea"", ""Abyssea - TahrongiAbyssea - KonschtatAbyssea - La TheineAbyssea - MisareauxAbyssea - VunkerlAbyssea - AttohwaAbyssea - Altepa""","463","very long","Starts Quests: * Refuel and Replenish (Konschtat) * Refuel and Replenish (La Theine) * Refuel and Replenish (Tahrongi) * Refuel and Replenish (Misareaux) * Refuel and Replenish (Vunkerl) * Refuel and Replenish (Attohwa) ..."
"Maat","1495","""Jeuno"", ""Ru'Lude Gardens""","462","very long","Starts Quests: * In Defiant Challenge (Limit 1) * Atop the Highest Mountains (Limit 2) * Whence Blows the Wind (Limit 3) * Riding on the Clouds (Limit 4) * Shattering Stars (Limit 5) * Beyond the Sun Involved in Quests: ..."
"Fariska Lokhmi","2422","""Adoulin"", ""Eastern Adoulin""","460","very long","Notes: Marks one's town map with the locations of various NPCs important to adventures: *Home Points *Item Depository *Melody Mistrels *Weather Reporters *Traveling Bards *Reputation *Immigration *Armor Depository *Telep..."
"Justinius","1696","""Tavnazian Safehold""","460","very long","Starts Quests: * Uninvited Guests Involved in Quests: * It's Raining Mannequins! Involved in Missions: * Promathia Mission 2-1: An Invitation West * Promathia Mission 2-2: The Lost City * Promathia Mission 2-3: Distant B..."
"Shemo","1282","""Jeuno"", ""Port Jeuno""","460","very long; instruction wording","Notes: Allows adventurers to convert any 3 seals or crests (Beastmen's Seal, Kindred's Seal, etc) to any 1 seal or crest. *This is for orb-related seals only, not other types of seals, such as Empyrean Amor seals. *Shemo..."
"Gold Badger Esquire","4644","""Jugner Forest (S)"", ""San d'Oria (S)""","459","very long; wiki markup","Notes: :*Appears during Campaign Battles as part of the Gold Badger Esquire unit. :*In areas under allied control, they will deliver supplies to the fortifications and warp out. :*In areas under beastman control, they wi..."
"Piscean Caster","4362","""Garlaige Citadel (S) Meriphataud Mountains (S)"", ""Windurst (S)""","459","very long; wiki markup","Notes: :*Appears during Campaign Battles as part of the Piscean Caster War Warlocks. :*In areas under allied control, they will deliver supplies to the fortifications and warp out. :*In areas under beastman control, they..."
"Koru-Moru","1000","""Windurst"", ""Windurst Walls""","458","very long","Starts Quests: * Blast from the Past * Nothing Matters * Star Struck Involved in Quests: * BLM AF1: The Three Magi * BLM AF2: Recollections * BLM AF3: The Root of the Problem * SMN AF1: The Puppet Master * SMN AF2: Class..."
"Magh Bihu","4070","""Cutscenes only!""","456","very long","Involved in Missions: * The Voracious Resurgence 1-3: The Destiny Destroyers * The Voracious Resurgence 8-2: Not Just a Pretty Face * The Voracious Resurgence 9-4: The Prime Weapons * The Voracious Resurgence 10-2: Magh ..."
"Scylla Brigade Officer","3413","""Battle"", ""Belfry"", ""Jeuno (S)""","454","very long","Notes: * Spawned by an Allied Belfry erected by the any of the Allied Forces of Altana during an assault of Beaucedine Glacier (S) or Xarcabard (S). *Participates in offensive Campaign Battles. A maximum of 5 reinforceme..."
"Star Sibyl","4502","""Heavens Tower, Cutscene only"", ""Windurst""","451","very long","Involved in Missions: * Windurst Mission 3-3: A New Journey * San d'Oria Mission 4-1: Magicite * Bastok Mission 4-1: Magicite * Windurst Mission 4-1: Magicite * Windurst Mission 5-1: The Final Seal * Windurst Mission 5-2..."
"Yoran-Oran","1038","""Windurst"", ""Windurst Walls""","438","long","Starts Quests: * Mandragora-Mad Involved in Quests: * Blast from the Past * The Lost Book * BLM AF1: The Three Magi * BLM AF2: Recollections * BLM AF3: The Root of the Problem Involved in Missions: * Promathia Mission 3-..."
"Ajahkeem","1466","""Jeuno"", ""Ru'Lude Gardens""","433","long; instruction wording; wiki markup","Notes: * Exchanges fellow points for items for yourself and your fellow. *To gain access to fellow points, equip your Signal Pearl and speak to Luto Mewrilah in Upper Jeuno (G-8) for a cutscene. *Go to G-9 in Ru'Lude Gar..."
"Tempatriq","5297","""Ruhotz Silvermines""","433","long; instruction wording","Notes: * Will make you the key Bouncebix asks for after bringing him a Bronze ingot and silver beastcoin. **Depending on the job of Chaperix, he will ask for different ingredients to upgrade your weapon to a maximum of t..."
"Shadow Lord","3566","""Beastman Confederate"", ""Cutscene"", ""Throne Room""","428","long","Involved in Quests: * Apocalypse Nigh Involved in Missions: * San d'Oria Mission 4-1: Magicite * Bastok Mission 4-1: Magicite * Windurst Mission 4-1: Magicite * Bastok Mission 5-2: Xarcabard, Land of Truths * San d'Oria ..."
"Jubilant Alicorn","5454","""Special Event"", ""West Ronfaure / East Ronfaure / La Theine Plateau / Valkurm Dunes / Jugner Forest / Batallia Downs / North Gustaberg / South Gustaberg / Konschtat Highlands / Pashhow Marshlands / Rolanberry Fields / Beaucedine Glacier / Western Altepa Desert / Eastern Altepa Desert / West Sarutabaruta / East Sarutabaruta / Tahrongi Canyon / Buburimu Peninsula / Meriphataud Mountains / Sauromugue Champaign / The Sanctuary of Zi'Tah / Yuhtunga Jungle / Yhoator Jungle / Qufim Island""","418","long; instruction wording","Notes: Trade ordinary items one at a time (such as arrows, crossbow bolts, bullets, or ninja tools) to any Jubilant Alicorn to receive special items such as the monstrosity item Ake-Ome Spirit, which unlocks the monipula..."
"Gloom Phantom","4069","""Cutscenes only!""","415","long","Involved in Missions: * The Voracious Resurgence 1-1: The Gloom Phantom's Approach * The Voracious Resurgence 1-3: The Destiny Destroyers * The Voracious Resurgence 8-2: Not Just a Pretty Face * The Voracious Resurgence ..."
"King of Hearts","5669","""Windurst""","412","long","Involved in Missions: * Aht Urhgan Mission 19: Sweets for the Soul * Aht Urhgan Mission 20: Teahouse Tumult * Aht Urhgan Mission 21: Finders Keepers * Aht Urhgan Mission 22: Shield of Diplomacy * Aht Urhgan Mission 23: S..."
"Monberaux","1430","""Jeuno"", ""Upper Jeuno""","411","long","Involved in Quests: * The Lost Cardian * Regaining Trust * Save the Clock Tower * The Kind Cardian Involved in Missions: * Bastok Mission 3-3: Jeuno * Windurst Mission 3-3: A New Journey * San d'Oria Mission 3-3: Appoint..."
"Wescolina","2386","""Adoulin"", ""Western Adoulin""","411","long; instruction wording; wiki markup","Notes: * You can commission Geomancer Artifact Armor from Wescolina by talking to her on Geomancer after flagging the quest The Bloodline of Zacariah. *You can choose the order in which you receive the armor. *You can co..."
"Ghemi Sinterilo","1767","""Kazham""","409","long","Notes: * Ghemi is on the dock, on the same side as the Airship. Note: she may be spoken to from the walkway below, thus avoiding the 200 gil Airship Fee. Sells: *Pamamas 72 - 83 *Kazham Pineapple 54 - 62 *Mithran Tomato ..."
"Scylla Brigade Elite","3411","""Battle"", ""Belfry"", ""Jeuno (S)""","405","long","Notes: * Spawned by an Allied Armored Belfry erected by the any of the Allied Forces of Altana during an assault of Beaucedine Glacier (S) or Xarcabard (S). *Participates in offensive Campaign Battles. A maximum of 5 rei..."
"Dazbog","4066","""Cutscenes only!""","399","long","Involved in Missions: * The Voracious Resurgence 1-3: The Destiny Destroyers * The Voracious Resurgence 8-2: Not Just a Pretty Face * The Voracious Resurgence 9-4: The Prime Weapons * The Voracious Resurgence 10-3: 101 D..."
"Hauh Colphioh","1100","""Windurst"", ""Windurst Woods""","394","long; instruction wording","Notes: Hauh Colphioh is in charge of the Guildworker's Union for clothcrafting in Windurst. Once you have attained at least level 28 Cloftcraft you may speak with her, and begin accumulating Guild Points for items you tu..."
"Aquarian Caster","3365","""Battle"", ""Various"", ""Windurst (S)""","392","long","Notes: * Leader of the Aquarian Casters is Kayeel-Payeel. *Squadron appears in various locations either fortifying or in Campaign Battles. *They are among the few that may be dispatched to Beaucedine Glacier (S) and Xarc..."
"Noragu-Meragu","897","""Port Windurst"", ""Windurst""","392","long","Notes: Offers Information on Elemental Resistances: ""Do the words ""elemental resistance"" mean anything to you? As in, the stronger your resistance to fire is, the less damage you will receive from fire magic, and so on....."
"Rishfee","2196","""Al Zahbi"", ""Cutscene"", ""Imperial Ward""","392","long","Involved in Quests: * Saga of the Skyserpent Starts Missions: * Aht Urhgan Mission 28: Bastion of Knowledge Involved in Missions: * Aht Urhgan Mission 10: Astral Waves * Aht Urhgan Mission 11: Imperial Schemes * Aht Urhg..."
"Switchstix","3735","""Castle Zvahl Baileys"", ""Outland""","386","long","Notes: This Goblin NPC can upgrade Relic Weapons to their second, third and fourth stages, given the requested items and commission in Ancient Currency. The fifth and final stage of each weapon is not handled directly by..."
"4th Legionnaire","3247","""Bastok (S)"", ""Varies""","384","long","Notes: * Appears during Campaign Battles as part of the Fourth Division Centurion unit. *In areas under allied control, they will deliver supplies to the fortifications and warp out. *In areas under beastman control, the..."
"Hugo","2150","""Aht Urhgan Whitegate, across from the Mog House entrance"", ""Al Zahbi""","383","long","Notes: Marks one's town map with the locations of various NPCs important to adventures: *Home Points *Item Depository *Melody Minstrels *Weather Reporters *Traveling Bards *Reputation *Immigration *Armor Depository *Tele..."
"Romaa Mihgo (S)","2725","""Battle"", ""Windurst (S)"", ""Windurst Waters (S)""","371","long","Involved in Quests: * The Tigress Stirs * The Tigress Strikes * Knot Quite There * A Manifest Problem * When One Man Is Not Enough * A Feast for Gnats * The Long March North * Sins of the Mothers * Howl from the Heavens ..."
"Machu-Kuchu","883","""Port Windurst"", ""Windurst""","369","long","Notes: He will warp you for free to Komulili in (Windurst Walls, (J-11). ""Have you, traveler, also come to Windurst to take a looky at the Great Star Tree? If so, then the star tree, also known as Heavens Tower, is far t..."
"Balamor","3984","""Cutscene""","368","long","Starts Quests: * Sinister Reign Involved in Quests: * A Thirst Before Time Involved in Missions: * An Emergency Convocation * Arciela's Resolve * Balamor's Ruse * The Charlatan * Returning to the Trees * The Light Within..."
"Malmi-Monmi","1004","""Windurst"", ""Windurst Walls""","367","long","Notes: Dialog: Windurst Walls is the coolest-woolest place. Not only do we have Heavens Tower and a consulate, but all the ex-ministers have manors here! When the ministers of the five magic ministries of Windurst retire..."
"Poroggo Servant","5597","""West Sarutabaruta (S)"", ""Freelance""","367","long; instruction wording; wiki markup","Notes: :*Influenced by trading a Lufaise Fly. :*To be able to trade additional Lufaise Flies, you will have to zone into nearby Windurst Waters (S) and back out. :*When allied, the Poroggo Prince and several servants wil..."
"Sharin-Garin","2065","""Aht Urhgan Whitegate"", ""Al Zahbi""","365","long; wiki markup","Notes: :* Answers questions about the Chamber of Passage, Runic Portals and Staging Points. :* Sells Runic Portal Use Permits for 200 Imperial Standing. :** He will not sell Runic Portal Use Permits if the Astral Candesc..."
"Shanana","5738","""Windurst"", ""Windurst Waters map = North|G-11""","362","long","Notes: Once in several hundred years, a great wizard is born out of the Tarutaru in Windurst. This wizard is so powerful, he is called the Mastermind of the Millen[n]ium. Decades ago, a child formidable enough to carry t..."
"Flit","5535","""Various cutscenes, the Ashu Talif""","361","long","Involved in Missions: * Aht Urhgan Mission 15: The Black Coffin * Aht Urhgan Mission 22: Shield of Diplomacy * Aht Urhgan Mission 29: Puppet in Peril * Aht Urhgan Mission 30: Prevalence of Pirates * Aht Urhgan Mission 35..."
"Nikkoko","1140","""Windurst"", ""Windurst Woods""","361","long; instruction wording","Notes: * Nikkoko is one of two workers who provides free synthesis support for clothcrafting in Windurst. Speaking with her will raise your clothcrafting skill ever so slightly, and give you a better chance at successful..."
"Gottna","1846","""Norg""","360","long; instruction wording","Notes: Watches attentively over a mysterious path to a steam ship dock, Possibly guards passage to the pirate interceptor (see Ship bound for Mhaura/ Ship bound for Selbina). Talk to him to go to either Mhaura or Selbina..."
"Lame Deer (A)","2887","""Abyssea"", ""Abyssea - Misareaux""","358","long; instruction wording","Notes: Allows you to trade 3 pieces of any basic Empyrean footwear for a single piece of basic Empyrean footwear of your choice. *The trades are not restricted by area of acquisition. For example, you can trade 1 pair of..."
"Carbuncle (NPC)","5028","""Outland""","356","long","Starts Quests: * SMN AF1: The Puppet Master * SMN AF2: Class Reunion * SMN AF3: Carbuncle Debacle * Waking the Beast Involved in Quests: * I Can Hear a Rainbow * The Moonlit Path * Waking Dreams * The Long March North * ..."
"Tosuka-Porika","5753","""Windurst"", ""Windurst Waters map = North|G-8, Optistery Abyssea - Grauberg""","356","long","Starts Quests: * Chasing Tales * Early Bird Catches the Bookworm Involved in Quests: * Hat in Hand * Past Reflections * Blessed Radiance Involved in Missions: * Windurst Mission 2-1: Lost for Words * Windurst Mission 7-1..."
"Graine","1617","""Mhaura""","355","long","Notes: Sells: Prices listed are with Level 1 Fame *Leather Bandana 457 *Bronze Cap 174 *Brass Cap 1,700 *Leather Vest 698 *Bronze Harness 266 *Brass Harness 2,584 *Leather Gloves 374 *Bronze Mittens 145 *Brass Mittens 1,..."
"2nd Legion Scout","3356","""Battle"", ""Grauberg (S)""","354","long","Notes: * Appears during Campaign Battles in Grauberg, following Adelheid. Casts Protect IV and Shell III on themselves and other NPC units; will also cast Helix spells on the enemy. Despite being Scholars, they wield a p..."
"Nanaa Mihgo","1138","""Windurst"", ""Windurst Woods""","354","long","Starts Quests: * Mihgo's Amigo * Rock Racketeer * THF AF1: The Tenshodo Showdown * THF AF2: As Thick as Thieves * THF AF3: Hitting the Marquisate Involved in Quests: * Lure of the Wildcat (Windurst) * Trust: Windurst * C..."
"Raibaht","260","""Metalworks""","354","long","Starts Quests: * Hyper Active * Teak Me to the Stars * The Naming Game * Dark Legacy Involved in Quests: * Lure of the Wildcat (Bastok) * The Usual * Riding on the Clouds * Vegetable Vegetable Crisis * Vegetable Vegetabl..."
"Zenicca","2390","""Adoulin"", ""Western Adoulin""","353","long; wiki markup","Notes: * Exchanges Bayld for books (in the form of permanent key items) that increase the rank of specific Mog Garden H.E.L.M., gardening, and fishing net activities. **The same books can be purchased from Skipper Moogle..."
"Cait Sith Naoi","5556","""Walk of Echoes""","351","long","Involved in Missions: * WOTG01: Cavernous Maws * WOTG03: Cait Sith * WOTG08: In the Name of the Father * WOTG09: Dancers in Distress * WOTG15: Crossroads of Time * WOTG17: Northland Exposure * WOTG18: Traitor in the Mids..."
"Bonchacha","968","""Windurst"", ""Windurst Walls""","346","long","Notes: Dialog: Professor Koru-Moru, the old minister who lives in that manor there, is more famous for being the local ding-a-ling than for serving as the School of Magic's principal! I just know he's up to something in ..."
"Rancher","4968","""North Gustaberg, South Gustaberg, East Ronfaure, West Ronfaure, East Sarutabaruta, West Sarutabaruta"", ""Special Event""","345","long; instruction wording","Notes: * Part of the staff from Buffalo Bonanza Ranch. *Trade items to receive buffs or items that are used in Happy New Year 2009, or any Happy New Year thereafter. *They are always on the move, and they like to follow ..."
"1st Iron Musketeer","3239","""Bastok (S)"", ""Battle"", ""Rolanberry Fields (S), Pashhow Marshlands (S), North Gustaberg (S)""","344","long","Notes: * Appears during Offensive Campaign Battles in Rolanberry and Pashhow, following Bartholomaus. They will cure themselves and Bartholomaus, as well as use tier III black magic on their targets. *They are among the ..."
"Cornelia (Mythril Musketeer)","3989","""Cutscene"", ""Various cutscenes""","344","long","Involved in Missions: * San d'Oria Mission 4-1: Magicite * Bastok Mission 4-1: Magicite * Windurst Mission 4-1: Magicite * Bastok Mission 5-2: Xarcabard, Land of Truths * San d'Oria Mission 5-2: The Shadow Lord * Windurs..."
"Ragelise","5361","""San d'Oria (S)""","344","long","Involved in Missions: * WOTG04: The Queen of the Dance * WOTG05: While the Cat is Away * WOTG06: A Timeswept Butterfly * WOTG07: Purple, The New Black * WOTG08: In the Name of the Father * WOTG09: Dancers in Distress * W..."
"Spriggan Graverobber (NPC)","3219","""Available only during Final Fantasy XIV Crossover Events *Southern San d'Oria"", ""Outland"", ""Special Event""","342","long; instruction wording","Notes: After unlocking one booby prize in the FINAL FANTASY XIV: A Realm Reborn Crossover, trade the Spriggan Graverobber one crystal of each of the 8 elements to obtain a Purple Spriggan Spirit. Trade the Purple Sprigga..."
"Zelala","5762","""Windurst"", ""Windurst Waters map = North|L-10""","342","long; instruction wording","Notes: Marks one's town map with the locations of various NPCs important to adventures: *Home Points *Item Depository *Melody Minstrels *Weather Reporters *Traveling Bards *Reputation *Immigration *Armor Depository *Tele..."
"Odzmanouk","3399","""Battle"", ""Campaign battles"", ""Freelance""","341","long; instruction wording","Notes: * Transformed version of Areuhat in battle. Players that complete the Areuhat quest ?Beast from the East? can subsequently trade to a Scouted Areuhat a Shell Bug, and cause her to take flight as Odzmanouk during C..."
"Pherimociel","1513","""Jeuno"", ""Ru'Lude Gardens""","338","long","Involved in Missions: * Promathia Mission 1-2: Below the Arks * Promathia Mission 5-3: Three Paths * The Pursuit of Paradise (Tenzen's Path) * Promathia Mission 6-1: For Whom the Verse is Sung * Promathia Mission 6-2: A ..."
"Cardian Prototype","3373","""Battle"", ""Belfry"", ""Windurst (S)""","335","long","Notes: * Spawned by an Allied Armored Belfry erected by the Federal Forces of Windurst. Participates in offensive Campaign Battles. A maximum of 5 reinforcements will appear, and they will continually respawn unless the ..."
"1st Legion Mercenary","3241","""Bastok (S)"", ""Battle"", ""Belfry""","334","long","Notes: * Spawned by an Allied Armored Belfry erected by the Republican Army of Bastok. Participates in offensive Campaign Battles. A maximum of 5 reinforcements will appear, and they will continually respawn unless the b..."
"Royal Esquire","3404","""Battle"", ""Belfry"", ""San d'Oria (S)""","333","long","Notes: * Spawned by an Allied Armored Belfry erected by the Royal Army of San d'Oria. Participates in offensive Campaign Battles. A maximum of 5 reinforcements will appear, and they will continually respawn unless the be..."
"Wenonah, C.A.","2735","""Jeuno (S)"", ""Windurst Waters (S)""","333","long","Notes: * Jeuno affliated Campaign Arbiter in Windurst Waters (S) *Offers Campaign Information, Campaign , Teleportation *Campaign Sword in front of name during Campaign *She cannot teleport you to Beastman Strongholds (C..."
"Iya Rihyo","1107","""Windurst"", ""Windurst Woods""","330","long","Notes: Counts a a child for Starlight Celebration 2008 Dialog: Those automation guards called Cardians are said to grrrow smarter and smarter by the day as they learrrn more and more. It's only a matter of time until the..."
"Spriggan Crier (NPC)","3216","""Available only during Final Fantasy XIV Crossover Events *Southern San d'Oria"", ""Outland"", ""Special Event""","330","long; instruction wording","Notes: After unlocking one booby prize in the FINAL FANTASY XIV: A Realm Reborn Crossover, trade the Spriggan Crier one crystal of each of the 8 elements to obtain a Red Spriggan Spirit. Trade the Red Spriggan Spirit to ..."
"Elivira Gogol","2537","""Bastok (S)"", ""Bastok Markets (S)""","328","long","Notes: * Gold Musketeer Captain of the Department of Mining during the Crystal War. *Shares her unique face-type with Mythril Musketeer Captain Klara. ""The Metalworks' strategies are too timid for my taste. The beastmen ..."
"Scorpion Caster","3410","""Battle"", ""Various Campaign Fortifications"", ""Windurst (S)""","328","long","Notes: * Leader of the Scorpion Casters is Gariri. *Squadron appears in various locations either fortifying or in Campaign Battles. *They are among the few that may be dispatched to Beaucedine Glacier (S) and Xarcabard (..."
"Royal Banneret","3403","""Battle"", ""Belfry"", ""San d'Oria (S)""","325","long","Notes: * Spawned by an Allied Belfry erected by the Royal Army of San d'Oria. Participates in offensive Campaign Battles. A maximum of 5 reinforcements will appear, and they will continually respawn unless the belfry is ..."
"Rusted Musket","2583","""Bastok (S)"", ""Bastok Markets (S)""","325","long","Notes: ""At the battle of Vunkerl Inlet, the Republican Legion's Third Division encountered a gigas raiding party approaching by sea. The fiends eventually made landfall, but their advance was stopped cold by the brillian..."
"Joker","4518","""House of the Hero"", ""Windurst""","324","long","Involved in Quests: * Crying Over Onions * I Can Hear a Rainbow * Onion Rings * Wild Card * The Promise * The Moonlit Path (First defeat after reaching Rank 10.) Involved in Missions: * Windurst Mission 8-2: The Jester W..."
"Rahal","412","""Chateau d'Oraguille"", ""San d'Oria""","324","long; instruction wording","Starts Quests: * Knight Stalker Involved in Quests: * Lure of the Wildcat (San d'Oria) * The Holy Crest Involved in Missions: * San d'Oria Mission 8-2: Lightbringer * San d'Oria Mission 9-2: The Heir to the Light * Aht U..."
"Stockade","3415","""Battle"", ""Yorcia Weald (U)""","323","long; instruction wording","Notes: * Spawns to protect the Cantonment in Yorcia Weald (U) Skirmishes. *Enemies attack the stockade before moving on to the Cantonment. *To spawn a stockade, players must select Defensive Measures from the Noetic Acen..."
"Narkissa, C.A.","2570","""Bastok Markets (S)"", ""Jeuno (S)""","322","long","Notes: * Jeuno affliated Campaign Arbiter. *Offers Campaign Information, Campaign Allied Tags, Teleportation *Campaign Sword in front of name during Campaign *She cannot teleport you to Beastman Strongholds (Castle Oztro..."
"Verena","3962","""Cut scenes only"", ""Cutscene"", ""Jeuno""","321","long","Involved in Quests: * Shadows of the Departed Involved in Missions: * San d'Oria Mission 4-1: Magicite * Bastok Mission 4-1: Magicite * Windurst Mission 4-1: Magicite * Zilart Mission 8: Return to Delkfutt's Tower * Zila..."
"Rongelouts N Distaud (S)","2659","""Battle"", ""San d'Oria (S)"", ""Southern San d'Oria (S)""","320","long","Involved in Quests: * Steamed Rams * Gifts of the Griffon * Perils of the Griffon * In a Haze of Glory * The Price of Valor * Bonds That Never Die * Chasing Shadows Involved in Missions: * WOTG02: Back to the Beginning *..."
"Bluffnix","1307","""Jeuno"", ""Lower Jeuno""","319","long","Starts Quests: * The Gobbiebag Part I * The Gobbiebag Part II * The Gobbiebag Part III * The Gobbiebag Part IV * The Gobbiebag Part V * The Gobbiebag Part VI * The Gobbiebag Part VII * The Gobbiebag Part VIII * The Gobbi..."
"Ingrid","3090","""Adoulin"", ""Cutscene"", ""Eastern Adoulin (Residence)""","318","long","Involved in Quests: * No Mercy for the Wicked Involved in Missions: * Return of the Exorcist * The Merciless One * The Purgation * Adoulin Calling * Shared Consciousness * Beauty and the Beast * Wildcat with a Gold Pelt ..."
"Kasper","2554","""Bastok (S)"", ""Bastok Markets (S)""","315","long","Notes: ""When the beasthordes sieged San d'Oria, President Prien wasted no time in putting the entire republic on a wartime footing. In retrospect, it was certainly the right thing to do. If not for his unwavering leaders..."
"Cait Sith Ceithir","5553","""Walk of Echoes""","313","long","Involved in Missions: * WOTG08: In the Name of the Father * WOTG09: Dancers in Distress * WOTG15: Crossroads of Time * WOTG18: Traitor in the Midst * WOTG19: Betrayal at Beaucedine * WOTG22: A Sanguinary Prelude * WOTG23..."
"Poseaulloie","5182","""Patrols set route in Northern San d'Oria"", ""San d'Oria""","312","long","Notes: * One of The Dark Lilies of the Harvest Festival event held each October since 2004. Follow Poseaulloie without being seen to receive, from the Exorcist, a Witch Hat or Coven Hat. *Thought to be the Dark Kindred's..."
"Acacia","3321","""Batallia Downs""","311","long","Notes: The Smilebringer Boot Camp will continue even after the conclusion of the Starlight Celebration, albeit with some changes in appearance and content. Smile sergeants will sport new attire, collect a participation f..."
"Karst","241","""Metalworks""","310","long","Involved in Quests: * Waking the Colossus Involved in Missions: * Bastok Mission 2-3: The Emissary * Bastok Mission 5-1: Darkness Rising * Bastok Mission 5-2: Xarcabard, Land of Truths * Bastok Mission 7-2: On My Way * B..."
"Loutille","4345","""Garlaige Citadel (S)"", ""San d'Oria (S)""","309","long; instruction wording","Notes: :""Have you heard tell of the Gigas invasion of Vunkerl Inlet? :Stories tell of their monstrous strength, effortlessly tossing about boulders even larger than themselves. :...That reminds me, I haven't acquried a m..."
"Karaha-Baruha","4022","""Cutscene only"", ""Windurst (S)""","308","long","Involved in Quests: * The Forbidden Path * Howl from the Heavens * At Journey's End Involved in Missions: * San d'Oria Mission 4-1: Magicite * Bastok Mission 4-1: Magicite * Windurst Mission 4-1: Magicite * Windurst Miss..."
"Quartermaster (Windurst)","5724","""Windurst"", ""Windurst Waters (S)(North)""","308","long","Involved in Missions: * Stock and Awe I (Windurst) * Stock and Awe II (Windurst) * Stock and Awe III (Windurst) * Stock and Awe IV (Windurst) * Materiel Storm I (Windurst) * Materiel Storm II (Windurst) * Materiel Storm ..."
"Xenia, C.A.","4434","""Grauberg (S)"", ""Jeuno (S)""","307","long","Notes: * Jeuno affiliated Campaign Arbiter. Present when Beastmen have control of Grauberg (S). *Location: I-9, South of battle area, on platform with cannon (same platform where you tele in) *Offers Campaign Information..."
"Penqaqa","3913","""Crawlers' Nest (S)"", ""Windurst (S)""","306","long","Notes: ""As you can probably tell by all the barrels and spigots-wigots, this placed used to be fitted outaru as a brewery.The Federation Forces have taken it over for military purposes.Yes. Military Purposes.The enormous..."
"Bearer of Darkness","3945","""Cut Scenes Only"", ""Windurst""","305","long","Involved in Quests: * Sin Hunting * Wings of the Goddess Windurst Missionquest 9: The Forbidden Path Involved in Missions: * Magicite (Bastok) * Magicite (San d'Oria) * Magicite (Windurst) * Windurst Mission 8-1 Vain * W..."
"Isabella","2551","""Bastok (S)"", ""Bastok Markets (S)""","303","long","Notes: * Supply Commander of the Fourth Division's Seventh Cohors. *Allows Bastok affiliated players to vote on future campaign tactics. ""600 loaves of iron bread...check. 15,000 copper bullets...check. Ah-- I am sorry, ..."
"Seno Zarhin","1167","""Windurst"", ""Windurst Woods""","303","long","Notes: Dialog: Whenever you look around Windurst Woods you see Mithra, rrright? But just until a few decades ago, this whole arrrea was full of Tarutaru. That was until the warrr years when the Mithra chieftainess, Perih..."
"Rokor-Makor","1162","""Special Event"", ""Windurst Woods""","300","long; instruction wording","Notes: * Durning Sunbreeze, allows you play a chocobo catch game. You must have earned the HQ gear from the main event to participate in hard mode (for chance to earn a Green Prize Balloon). *During Starlight, allows you..."
"Benjamin","2524","""Bastok (S)"", ""Bastok Markets (S)""","296","long","Notes: ""The Allied Forces of Altana have been formed collectively by Jeuno and the three nations to combat the Beastmen Confederate. We've no business in an alliance with Windurst, if you ask me. Those Windurstians are n..."
"Fantarviont","472","""Northern San d'Oria"", ""San d'Oria""","295","long","Notes: ""In the war twenty years ago, San d'Orian knights crushed the Shadow Lord and his hordes. We sealed off the Northlands from whence he came. ""Eh? Windurst and Bastok? They could barely protect their gates! If it we..."
"Makel-Pakel","2489","""Adoulin"", ""Celennia Memorial Library""","295","long; instruction wording","Notes: Allows you to trade 3 unwanted Level 99 J.S.E. Capes for any single Level 99 J.S.E. Cape of your choice. He does NOT accept augmented capes from Incursion, but if you trade him your augmented capes one at a time, ..."
"Imperial Trooper","2153","""Al Zahbi"", ""Battle"", ""Besieged""","294","long","Notes: * Casts Protect IV and Shell III on himself, and Cure III and Cure IV on his NPC allies if they are low on HP. *Casts Holy and Flash on enemies. *The exact Imperial Defense value needed for these soldiers to show ..."
"Perih Vashai","1151","""Windurst"", ""Windurst Woods""","294","long","Starts Quests: * The Fanged One Ability to become Ranger * Sin Hunting AF weapon * Fire and Brimstone Hunter's beret * Unbridled Passion Hunter's socks * From Saplings Grow Archery Weapon skill Involved in Missions: * Pr..."
"Lehko Habhoka","3392","""Battle"", ""Cutscene"", ""Windurst (S)"", ""Windurst Waters (S) (Cutscenes Only)""","293","long","Involved in Quests: * Knot Quite There * A Manifest Problem * When One Man Is Not Enough * A Feast for Gnats * The Long March North * The Forbidden Path * Sins of the Mothers * Howl from the Heavens * Manifest Destiny * ..."
"Robel-Akbel","5784","""Windurst (S)"", ""Windurst Waters [S]""","293","long","Starts Quests: * A Feast for Gnats * The Long March North * Howl from the Heavens Involved in Quests: * The Tigress Strikes * Knot Quite There * A Manifest Problem * The Forbidden Path * At Journey's End Involved in Miss..."
"Magdalena","2562","""Bastok (S)"", ""Bastok Markets (S)""","292","long","Notes: ""I'll admit, I wasn't sure how things would turn out when Selbina suddenly declared its independence. Senator Werner dispatched the Republican Legion and took control of the situation with such incredible speed. E..."
"Skipper Moogle","637","""Port San d'Oria""","292","long; wiki markup","Notes: * Explains Mog Gardens and the requirements to access them. *Sells books (in the form of permanent key items) that increase the ranks of specific Mog Garden features. **The same books can be purchased from Zenicca..."
"Wren, C.A.","4304","""Fort Karugo-Narugo (S)"", ""Jeuno (S)""","291","long","Notes: * NE of Teleport location behind a brick wall, not the Fivespires Map. *Jeuno affiliated Campaign Arbiter. Present when Beastmen have control of Fort Karugo-Narugo (S). *Offers Campaign Information, Campaign Allie..."
"Quartermaster (Bastok)","2577","""Bastok Markets (S)""","290","long","Involved in Missions: * Stock and Awe I (Bastok) * Stock and Awe II (Bastok) * Stock and Awe III (Bastok) * Stock and Awe IV (Bastok) * Materiel Storm I (Bastok) * Materiel Storm II (Bastok) * Materiel Storm III (Bastok)..."
"Asrahd","1958","""Aht Urhgan Whitegate"", ""Al Zahbi""","289","long; wiki markup","Notes: :*Casts Sanction on registered mercenaries (w/ Sanction Enhancements) :*Recharges Chariot Band, Emperor Band, or Empress Band. :*Sells items for Imperial Standing at appropriate rank. :*Explains Sanction, Imperial..."
"Falzuuk","2128","""Al Zahbi""","289","long; wiki markup","Notes: :*Casts Sanction on registered mercenaries (w/ Sanction Enhancements) :*Recharges Chariot Band, Emperor Band, or Empress Band. :*Sells items for Imperial Standing at appropriate rank. :*Explains Sanction, Imperial..."
"Famatar","2129","""Al Zahbi""","289","long; wiki markup","Notes: :*Casts Sanction on registered mercenaries (w/ Sanction Enhancements) :*Recharges Chariot Band, Emperor Band, or Empress Band. :*Sells items for Imperial Standing at appropriate rank. :*Explains Sanction, Imperial..."
"Nabihwah","2263","""Nashmau""","289","long; wiki markup","Notes: :*Casts Sanction on registered mercenaries (w/ Sanction Enhancements) :*Recharges Chariot Band, Emperor Band, or Empress Band. :*Sells items for Imperial Standing at appropriate rank. :*Explains Sanction, Imperial..."
"Odin (NPC)","4472","""Hazhalm Testing Grounds""","288","long","Involved in Quests: * The Rider Cometh * Unwavering Resolve * A Stygian Pact Involved in Missions: * Aht Urhgan Mission 32: In the Blood * Aht Urhgan Mission 36: Gaze of the Saboteur * Aht Urhgan Mission 37: Path of Bloo..."
"Palardaifault V Draffles","2649","""San d'Oria"", ""Southern San d'Oria (S)""","288","long","Notes: Army Curate for San d'Oria records opinions of adventurers on matters regarding internal policies, battle strategies and the army's generals. The opinions are tallied weekly and influence the available Campaign Op..."
"Civil Registrar","2315","""Western Adoulin""","287","long; instruction wording","Notes: Provides players with details for a specific coalition: *The coalition's role. *The state of the coalition. *Types of coalition assignments. *Current expansion plans. *The coalition's referendum support. *A player..."
"Mayakov","4728","""Lion Springs Tavern"", ""San d'Oria (S)""","287","long","Involved in Missions: * WOTG04: The Queen of the Dance * WOTG05: While the Cat is Away * WOTG06: A Timeswept Butterfly * WOTG07: Purple, The New Black * WOTG08: In the Name of the Father * WOTG09: Dancers in Distress * W..."
"Michaela","3831","""Chocobo Circuit""","286","long; instruction wording","Notes: * A representative of the CRA, Michaela issues the stands for display of trophies. *The stands available are the CS Bronze Stand, the CS Gold Stand and the CS Mythril Stand. *Michaela will also engrave the stand i..."
"Paito-Maito","1871","""Norg""","285","long","Notes: ""I'm the gaudy-bodyguard of this place. You make one wrong move and I will smack and kick and punch and whack and pummel and smash and crash and grind your bones into powder...and then kick you some more. You foll..."
"Afdeen","1392","""Jeuno"", ""Upper Jeuno""","284","long","Notes: A student of the great mage Abdhaljs, he handles transport to and the use of Abdhaljs Isle-Purgonorgo (where Brenner is played). He (as well as the Marshal behind him) will handle all Brenner-related affairs, incl..."
"Chatnachoq","1313","""Jeuno"", ""Lower Jeuno""","283","long; instruction wording","Notes: * Item exchange NPC for the Moblin Maze Mongers and Goldagrik's secretary. Players trade Moblin Marbles obtained through player mazes for additional Maze Tabulas, Maze Vouchers, Maze Runes, and even equipment. *Un..."
"Ayame (A)","2789","""Abyssea"", ""Abyssea - Konschtat""","282","long","Starts Quests: * Hope Blooms on the Battlefield * Rose on the Heath * Reports your progress towards finishing Abyssea - Konschtat's objectives. * =Goals completed= * Completing all quests: 8,000 Cruor. * Obtaining all Ab..."
"Burrow Investigator","1402","""Upper Jeuno""","281","long; instruction wording","Notes: Starting NPC of the Meeble Burrows Excavations. Will award you a Diligence Grimoire and 10 Moblin pheromone sacks. Teleportation Service: : Can teleport you to the Meeble Burrow Excavation site, located in Sauromu..."
"Curilla","402","""Chateau d'Oraguille"", ""San d'Oria""","281","long","Starts Quests: * The General's Secret * Enveloped in Darkness * Peace for the Spirit * Old Wounds Involved in Quests: * Lure of the Wildcat (San d'Oria) * Trust: San d'Oria Involved in Missions: * Aht Urhgan Mission 5: C..."
"Klara","3274","""Bastok (S)"", ""Bastok Markets (S) (Cutscene only)"", ""Cutscene""","280","long","Starts Quests: * Quelling the Storm Involved in Quests: * Fires of Discontent * Light in the Darkness * Burden of Suspicion * Storm on the Horizon * Fire in the Hole * Honor Under Fire * Beneath the Mask * What Price Loy..."
"Matthias","81","""Bastok Markets""","280","long; instruction wording","Notes: Matthias crafts the following pieces of Dancer Artifact Armor when given the appropriate items: *Dancer's Bangles *Dancer's Tiara *Dancer's Shoes Note: You will need to speak with Olgald in Upper Jeuno (G-7) befor..."
"Miliart, T.K.","2643","""San d'Oria (S)"", ""Southern San d'Oria (S)""","279","medium-long; wiki markup","Notes: :*Casts Sigil :*Sells items for Allied Notes (San d'Oria Campaign Items) at certain conditions. :*Explains the Campaign system by choosing some available questions. :*Tells you the remaining time on your current S..."
"Panta-Putta (A)","2932","""Abyssea"", ""Abyssea - Misareaux Wanders around the whole zone. *Found up at VC#05. *Found down by VC#08. *Found by VC #00""","279","medium-long","Notes: * The child of Teigero-Bangero (A) in Abyssea - Vunkerl. *Has multiple sayings it will yell that will show in player's chatlogs. :""And mommy...where's my M-mommy-wommy...?"" :""... Wh-where's my daddy...?"" :""I said,..."
"Anastase","1470","""Adoulin"", ""Ru'Lude Gardens""","277","medium-long","Starts Quests: * Researchers from the West * Middle Lands Investigation * Further Founts * Beam Me Up... No, Not There! Involved in Quests: * Researchers from the West * Middle Lands Investigation * Further Founts * Beam..."
"Mindala-Andola, C.C.","5779","""Windurst (S)"", ""Windurst Waters (S) map = North|G-5""","277","medium-long; wiki markup","Notes: :*Casts Sigil :*Sells items for Allied Notes (Windurst Campaign Items) at certain conditions. :*Explains the Campaign system by choosing some available questions. :*Tells you the remaining time on your current Sig..."
"Runito-Monito","1648","""Mhaura""","277","medium-long","Notes: Sells: *Cat Baghnakhs 106 - 225 *Brass Baghnakhs 1,554 *Brass Dagger 855 - 967 *Bronze Rod 92 - 104 *Brass Rod 634 - 717 *Brass Xiphos 3,601 - 4,071 *Claymore 2,502 - 2,828 *Butterfly Axe 618 - 698 *Dart 9 - 10 *W..."
"Honoi-Gomoi","5655","""Windurst"", ""Windurst Waters, South""","275","medium-long","Starts Quests: * Wild Card Involved in Quests: * Crying Over Onions * Hat in Hand * Starlight Celebration 2008 * Starlight Celebration 2010 Involved in Missions: * The Road Forks: The Road Forks * Promathia Mission 5-3: ..."
"Louverance","4041","""Cutscenes"", ""San d'Oria""","275","medium-long","Involved in Quests: * Over the Hills and Far Away * Signed in Blood * Tea with a Tonberry? Involved in Missions: * The Road Forks: The Road Forks * Where Messengers Gather (Ulmia's Path) * Promathia Mission 7-4: Calm Bef..."
"Millard, I.M.","2568","""Bastok (S)"", ""Bastok Markets (S)""","275","medium-long; wiki markup","Notes: :*Casts Sigil :*Sells items for Allied Notes (Bastok Campaign Items) at certain conditions. :*Explains the Campaign system by choosing some available questions. :*Tells you the remaining time on your current Sigil..."
"Aquila","3982","""Cutscene""","274","medium-long","Involved in Missions: * WOTG07: Purple, The New Black * WOTG08: In the Name of the Father * WOTG09: Dancers in Distress * WOTG15: Crossroads of Time * WOTG19: Betrayal at Beaucedine * WOTG25: The Will of the World * WOTG..."
"Haudrale","3991","""Cutscene""","274","medium-long","Involved in Missions: * WOTG07: Purple, The New Black * WOTG08: In the Name of the Father * WOTG09: Dancers in Distress * WOTG15: Crossroads of Time * WOTG19: Betrayal at Beaucedine * WOTG25: The Will of the World * WOTG..."
"Shikaree Y","5092","""Outland"", ""Various Cutscenes, Boneyard Gully""","274","medium-long","Involved in Quests: * Tuning In * Tuning Out * Tango with a Tracker * Requiem of Sin Involved in Missions: * Promathia Mission 5-3: Three Paths * Where Messengers Gather (Ulmia's Path) * Promathia Mission 7-4: Calm Befor..."
"Kerutoto","5667","""Windurst"", ""Windurst Waters map = South|J-8""","273","medium-long","Starts Quests: * Food for Thought * Blue Ribbon Blues * Waking Dreams Involved in Quests: * Riding on the Clouds Involved in Missions: * Windurst Mission 7-2: Awakening of the Gods * Promathia Mission 5-3: Three Paths * ..."
"Michea","82","""Bastok Markets""","273","medium-long","Starts Quests: * The Elvaan Goldsmith Involved in Quests: * Father Figure * Distant Loyalties * The First Meeting Involved in Missions: * Bastok Mission 1-3: Fetichism * Bastok Mission 9-2: Where Two Paths Converge * The..."
"Raustigne","2654","""San d'Oria (S)"", ""Southern San d'Oria (S)""","272","medium-long","Involved in Quests: * Boy and the Beast * The Long March North Starts Missions: * WOTG09: Dancers in Distress * WOTG12: Affairs of State Involved in Missions: * WOTG11: A Spoonful of Sugar * WOTG20: On Thin Ice * WOTG21:..."
"Wachiwi","1593","""Selbina""","272","medium-long; wiki markup","Notes: Checks weather for the following locations: :*Pashhow Marshlands :*Ronfaure (East and West) :*La Theine Plateau :*Valkurm Dunes :*Jugner Forest :*Batallia Downs :*Gustaberg (North and South) :*Konschtat Highlands ..."
"1st Legionnaire","3243","""Bastok (S)"", ""Battle"", ""Grauberg (S)""","271","medium-long","Notes: * Appears during Campaign Battles in North Gustaberg and Grauberg, following Maximilian. Uses Marksmanship weaponskills. *They are among the few that may be dispatched to Beaucedine Glacier (S) and Xarcabard (S) o..."
"Emporox","5223","""Reisenjima""","271","medium-long; instruction wording","Notes: She exchanges merits (up to 75 at a time) for an equal number of Potpourri currency. It costs 100 merits for her to open the shop to you. Sells various items for Potpourri. Items available depend upon which items ..."
"Zhon Kihshimo","1660","""Mhaura""","271","medium-long; instruction wording","Notes: Dialogue: Welcome to the Sailorrr's Stay! If you need armor or shields, we got those too! Just talk to Graine here, and she'll show you our wares! And if you need weapons, go see Runito-Monito upstairrrs! He's got..."
"Zovriace","5344","""San d'Oria"", ""West Ronfaure - Travels a route from La Theine Plateau""","270","medium-long","Notes: When Spoken to says ""Let me be! I return to Southgate with word on La Theine."" When he gets back to the south gate he says to Colmaie ( A guard at Southgate) ""Scout reporting! All is quiet on the roads to La Thein..."
"Oggbi","346","""Port Bastok""","269","medium-long","Starts Quests: * Ghosts of the Past * The First Meeting * The Walls of Your Mind Involved in Missions: * The Voracious Resurgence 1-2: The Brygid Cup * The Voracious Resurgence 7-2: Uran-Mafran of the Maelstrom * The Vor..."
"Helmfried","2546","""Bastok (S)"", ""Bastok Markets (S)""","268","medium-long","Notes: ""Before the onset of war, President Prien ralled the strong support of the Galkan citizenry. That was the key to his winning the election. But it seems his campaign promises of improving living standards have been..."
"Pieuje","4080","""Cutscenes, Chateau d'Oraguille"", ""San d'Oria""","268","medium-long","Starts Quests: * Pieuje's Decision * Prelude of Black and White Involved in Missions: * San d'Oria Mission 5-2: The Shadow Lord * San d'Oria Mission 9-2: The Heir to the Light * Aht Urhgan Mission 5: Confessions of Royal..."
"Laurentia","2558","""Bastok (S)"", ""Bastok Markets (S)""","267","medium-long","Notes: ""There's a mining spot in Grauberg where you can dig up some very good quality crystals. Apparently the Quadav Shieldwarriors will stop at nothing to gain control of mining resources. That's the reason for the con..."
"Rukususu","4241","""Fei'Yin"", ""Windurst""","267","medium-long","Involved in Quests: * Curses, Foiled A-Golem!? * SMN AF2: Class Reunion * SMN AF3: Carbuncle Debacle Involved in Missions: * Windurst Mission 5-1: The Final Seal * Windurst Mission 7-2: Awakening of the Gods * Windurst M..."
"Shikaree X","5091","""Outland"", ""Various Cutscenes, Boneyard Gully""","267","medium-long","Involved in Quests: * Tango with a Tracker * Requiem of Sin * X Marks the Spot Involved in Missions: * Promathia Mission 5-3: Three Paths * Where Messengers Gather (Ulmia's Path) * Promathia Mission 7-4: Calm Before the ..."
"Christoph","2530","""Bastok (S)"", ""Bastok Markets (S)""","266","medium-long","Notes: ""Senator Werner is adamant about having a technologically advanced military. He even goes so far as to visit the Metalworks from time to time. It seems Chief Engineer Cid is extremely busy after taking up the addi..."
"Gwinar","325","""Port Bastok""","266","medium-long","Notes: Marks one's town map with the locations of various NPCs important to adventures: *Home Points *Item Depository *Melody Minstrels *Weather Reporters *Traveling Bards *Reputation *Immigration *Armor Depository *Tele..."
"Rumoie","757","""San d'Oria"", ""Southern San d'Oria""","266","medium-long","Notes: Marks one's town map with the locations of various NPCs important to adventures: *Home Points *Item Depository *Melody Minstrels *Weather Reporters *Traveling Bards *Reputation *Immigration *Armor Depository *Tele..."
"Mhoti Pyiahrs","2700","""Windurst (S)"", ""Windurst Waters (S)""","265","medium-long","Notes: Will allow those who originally aligned to Windurst's campaign and later switched to other nations' campaign to return to Windurst for a price of 300 AN and the two highest campaign medals. Recompleting Snake on t..."
"Nuria","1509","""Jeuno"", ""Ru'Lude Gardens""","265","medium-long","Notes: Marks one's town map with the locations of various NPCs important to adventures: *Home Points *Item Depository *Melody Mistrels *Weather Reporters *Traveling Bards *Reputation *Immigration *Armor Depository *Telep..."
"Travialce","5338","""San d'Oria""","265","medium-long","Involved in Quests: * Divine Interference Starts Missions: * Aht Urhgan Mission 38: Stirrings of War Involved in Missions: * Aht Urhgan Mission 5: Confessions of Royalty * Aht Urhgan Mission 20: Teahouse Tumult * Aht Urh..."
"Fenrir (NPC)","4324","""Full Moon Fountain"", ""Windurst""","262","medium-long","Involved in Quests: * The Moonlit Path * Mama Mia * Howl from the Heavens Involved in Missions: * Windurst Mission 9-1: Doll of the Dead * Windurst Mission 9-2: Moon Reading * Promathia Mission 5-3: Three Paths * The Pur..."
"Houilloumie","2630","""San d'Oria (S)"", ""Southern San d'Oria (S)""","262","medium-long","Notes: Will allow those who originally aligned to San d'Oria's campaign and later switched to other nations' campaign to return to San d'Oria for a price of 300 AN and the two highest campaign medals. Recompleting Steame..."
"Flame Giant","5515","""Various"", ""Windurst (S)""","261","medium-long; wiki markup","Notes: * Appears during Campaign Battles as the avatar pet of Gariri. *Uses all of Ifrit's bloodpacts, favoring Meteor Strike. *Unlike normal avatars, it can be enhanced and healed like NPCs. *All of his melee attacks ha..."
"Fridolin","2542","""Bastok (S)"", ""Bastok Markets (S)""","261","medium-long","Notes: Will allow those who originally aligned to Bastok's campaign and later switched to other nations' campaign to return to Bastok for a price of 300 AN and the two highest campaign medals. Recompleting The Fighting F..."
"Shahayl","2202","""Al Zahbi"", ""Alzadaal Undersea Ruins""","260","medium-long; instruction wording","Notes: * Speak with him to receive an Assault Armband for Nyzul Isle Investigation. *He does not accept the Supplies Package for Aht Urhgan Mission 2: Immortal Sentries; you must use one of the other five staging points...."
"Zeid (S)","3296","""Bastok (S)"", ""Cut Scenes Only"", ""Cutscene""","260","medium-long","Involved in Quests: * Fires of Discontent * Light in the Darkness * Burden of Suspicion * Storm on the Horizon * Fire in the Hole * Quelling the Storm * Honor Under Fire * Beneath the Mask * What Price Loyalty * The Trut..."
"Drangord (S)","2533","""Bastok (S)"", ""Bastok Markets (S)""","259","medium-long","Notes: ""Mining activities were forced to a halt when a squadron of Quadav seiged the entrance to the Palborough Mines. Not to say that mining day after day is a bag of laughs, but having no work at all is even worse. May..."
"Goldagrik","1332","""Jeuno"", ""Lower Jeuno""","258","medium-long; instruction wording","Notes: The owner of the Moblin Maze Mongers. Speaking to Goldagrik will allow you to obtain a starter set of items for the Moblin Maze Mongers system which includes: *Tattered Maze Monger Pouch *Maze Tabula M01 *Maze Vou..."
"Parlemaille","1873","""Norg""","258","medium-long","Notes: ""The jungle that covers this island is so big, it's divided into two--the Yhoator Jungle and the Yuhtunga Jungle. I wouldn't recommend traveling without a map, since you could get lost, or...eaten. Remember, it's ..."
"Event Moogle","470","""Northern San d'Oria""","257","medium-long","Notes: * These moogles appear during seasonal events, usually at the major towns, but sometimes in the fields. *There are two types of Event Moogles, ones responsible for guiding adventurers through the various activitie..."
"Grumblix","5043","""Outland"", ""See Goblin Footprint""","257","medium-long; instruction wording","Notes: If you come across a Goblin Footprint in the depths of Promyvion, you may hear voices. If so, you can trade any item to the Footprint to have Grumblix will appear and replay cutscenes for you. Any items traded (fo..."
"Vauderame","5341","""San d'Oria""","257","medium-long","Involved in Quests: * The Tenshodo Showdown * Hitting the Marquisate Involved in Missions: * San d'Oria Mission 1-2: Bat Hunt * San d'Oria Mission 3-1: Infiltrate Davoi * Bastok Mission 2-3: The Emissary * Windurst Missi..."
"Chapa-Cha","840","""Port Windurst"", ""Windurst""","256","medium-long; instruction wording","Notes: ""Beyond this gateway is the Windurst residential area, where you can stay in a Mog House or Rent-a-Room. If you need to hear an explanation, that's Boronene job. So pluck up the courage, and ask Boroene over there..."
"Gentle Tiger (S)","2544","""Bastok (S)"", ""Bastok Markets (S)""","255","medium-long","Starts Quests: * Light in the Darkness * Burden of Suspicion * Honor Under Fire * What Price Loyalty Involved in Quests: * Fires of Discontent * Storm on the Horizon * Fire in the Hole * Quelling The Storm * Beneath the ..."
"Pikini-Mikini","1644","""Mhaura""","255","medium-long","Notes: Sells: *Eye Drops 2,335 - 2,776 *Antidote 284 - 338 *Echo Drops 720 - 856 *Potion 819 - 973 *Distilled Water 10 - 12 *Parchment 1,821 - 1,999 *Lugworm 9 - 12 *Hatchet 450 - 535 *Meat Jerky 108 - 128 *Salsa 133 - 1..."
"Ark Angel TT","4760","""Lumoria""","253","medium-long","Involved in Quests: * Divine Might * Overcome Your Cowardice Involved in Missions: * Zilart Mission 1: The New Frontier * Zilart Mission 8: Return to Delkfutt's Tower * Zilart Mission 14: Ark Angels * Promathia Mission 7..."
"Tillecoe","1523","""Jeuno"", ""Ru'Lude Gardens""","253","medium-long","Notes: As student of the great mage Abdhaljs, she handles all matters related to Diorama Abdhaljs-Ghelsba where private Ballista matches are played, including the distribution of the Ballista Redbook and Whitebook and tr..."
"Wyatt","2671","""San d'Oria (S)"", ""Southern San d'Oria (S)""","252","medium-long; instruction wording","Starts Quests: * Seeing Spots Involved in Quests: * Wrath of the Griffon (interested in the Military Scrip) * Beast from the East (seen in the background talking with customer) * Comeback Queen (Approaches Laila in the p..."
"Ark Angel EV","4754","""Lumoria""","251","medium-long","Involved in Quests: * Divine Might * Temper Your Arrogance Involved in Missions: * Zilart Mission 1: The New Frontier * Zilart Mission 8: Return to Delkfutt's Tower * Zilart Mission 14: Ark Angels * Promathia Mission 7-5..."
"Ark Angel HM","4758","""Lumoria""","251","medium-long","Involved in Quests: * Divine Might * Eliminate Your Apathy Involved in Missions: * Zilart Mission 1: The New Frontier * Zilart Mission 8: Return to Delkfutt's Tower * Zilart Mission 14: Ark Angels * Promathia Mission 7-5..."
"Hakaru-Marikaru","1098","""Windurst"", ""Windurst Woods""","251","medium-long","Notes: Dialog: Elvaan are all so high and haughty. It almost seems like they look down at us Tarutaru at times. Huh...? How dare you say that's because we are so short that everyone can't help but look down at us! Beat i..."
"Larkin, C.A.","4646","""Jugner Forest (S)""","251","medium-long; instruction wording","Notes: * Jeuno affiliated Campaign Arbiter. Present when Beastmen have control of Jugner Forest (S). *Offers Campaign Information, Campaign Allied Tags, Teleportation *Campaign Sword in front of name during Campaign *Loc..."
"Bahamut","5021","""Outland""","250","medium-long","Involved in Quests: * Storms of Fate * The Wyrmking Descends Involved in Missions: * Promathia Mission 1-1: The Rites of Life * Promathia Mission 2-5: Ancient Vows * Promathia Mission 4-2: The Savage * Promathia Mission ..."
"Chayaya","2115","""Al Zahbi""","249","medium-long","Notes: * Can be taken in a Besieged. * When prisoner, the Al Zahbi Woodworking Guild Merchant will be too distraught to open her shop. * Corsairs looking to collect the dice for Phantom Roll should also seek out Jajaroon..."
"Luuh Koplehn","1002","""Windurst"", ""Windurst Walls""","249","medium-long","Notes: Dialog: Come on, Professorrr Koru-Moru. I'm not moving until you cough up the gil forrr yourrr overdue accounts at the Bonework's Guild. As both a ministerrr and the principal of our local school, shouldn't you be..."
"Nalba-Dalaba","3912","""Crawlers' Nest (S)"", ""Windurst (S)""","249","medium-long","Notes: ""...Ever since the Federal Forces took over the storerooms for their operations, my business has become a literal casualty of war.And the fields are being trompy-stomped from the battles with turtlemen. What's an ..."
"Runje Desaali","2465","""Adoulin"", ""Cutscene"", ""Eastern Adoulin""","249","medium-long; instruction wording; wiki markup","Notes: * Sells High-purity Bayld for 10,000 bayld apiece. **You must ask her about Geosuke before this service is available. **Purchasing 100 H-P Bayld in one transaction nets you a free pinch of H-P Bayld. *Provides bay..."
"Umbral Diabolos","5108","""Outland"", ""Removed from the game""","248","medium-long","Notes: * These were four true-sight NPCs that spawned Diabolos Heart, Diabolos Diamond, Diabolos Spade, or Diabolos Club when aggroed. They despawned after aggroing. They were removed from the game when Dynamis - Tavnazi..."
"Kuroido-Moido","5197","""Port Windurst on stage inside Orastery"", ""Windurst""","247","medium-long","Starts Quests: * Making Amens! * Orastery Woes Involved in Missions: * Windurst Mission 1-1: The Horutoto Ruins Experiment * Windurst Mission 3-1: To Each His Own Right * Windurst Mission 6-1: Full Moon Fountain * That W..."
"Ark Angel MR","4759","""Lumoria"", ""Various Cutscenes, La'Loff Amphitheater""","246","medium-long","Involved in Quests: * Divine Might * Stifle Your Envy Involved in Missions: * Zilart Mission 1: The New Frontier * Zilart Mission 8: Return to Delkfutt's Tower * Zilart Mission 14: Ark Angels * Promathia Mission 7-5: The..."
"Quiri-Aliri","2461","""Adoulin"", ""Eastern Adoulin""","246","medium-long","Notes: * Ionis is a beneficial Status Effect recognizing adventurers as an official participant in the Ulbukan pioneering effort. The application of the Signet, Sanction, Sigil, and Ionis effects are mutually exclusive a..."
"Ark Angel GK","4757","""Lumoria""","245","medium-long","Involved in Quests: * Divine Might * Quell Your Rage Involved in Missions: * Zilart Mission 1: The New Frontier * Zilart Mission 8: Return to Delkfutt's Tower * Zilart Mission 14: Ark Angels * Promathia Mission 7-5: The ..."
"Bottomless Gorge","2529","""Bastok (S)"", ""Bastok Markets (S)""","245","medium-long","Notes: ""This is the Freidrich Battery. It bears the name of President Freidrich, our great leader during the First Battle of Konschtat. The battery has been reinforced with the finest Bastokan artillery to repel the sieg..."
"Rararoon","2275","""Nashmau""","245","medium-long; instruction wording","Notes: * Automaton parts stack to 12 * Automaton parts may be purchased in quantities of 1~12 * You only need to have Puppetmaster at the stated Level Requirement to purchase Rararoon's wares, you do not have your main j..."
"Ace of Batons","5601","""Windurst""","242","medium-long","Involved in Missions: * Windurst Mission 1-2: The Heart of the Matter * Windurst Mission 2-1: Lost for Words * Windurst Mission 8-2: The Jester Who'd Be King * Windurst Mission 9-1: Doll of the Dead * Windurst Mission 9-..."
"Ace of Cups","5604","""Windurst""","242","medium-long","Involved in Missions: * Windurst Mission 1-2: The Heart of the Matter * Windurst Mission 2-1: Lost for Words * Windurst Mission 8-2: The Jester Who'd Be King * Windurst Mission 9-1: Doll of the Dead * Windurst Mission 9-..."
"Ace of Swords","5605","""Windurst""","242","medium-long","Involved in Missions: * Windurst Mission 1-2: The Heart of the Matter * Windurst Mission 2-1: Lost for Words * Windurst Mission 8-2: The Jester Who'd Be King * Windurst Mission 9-1: Doll of the Dead * Windurst Mission 9-..."
"Burute-Sorute","969","""Windurst"", ""Windurst Walls""","242","medium-long","Notes: * Will change your Title for a fee or can give you a random title for free. *For a full list of titles, which you can get with this NPC, see Titles. *This npc has moved, slightly. He is now on top of rock across f..."
"Matthias (S)","2564","""Bastok (S)"", ""Bastok Markets (S)""","242","medium-long","Notes: ""I'm a huge fan of Laila's dancing! She's such an artist! Everyone agrees that she is a child prodigy. It's undeniable! Unfortunately, she's also famous for not signing autographs. Promise if you ever get one, you..."
"Nicadio (A)","2920","""Abyssea"", ""Abyssea - Misareaux""","242","medium-long; wiki markup","Starts Quests: * Reports your progress towards finishing Abyssea - Misareaux's objectives. * =Goals completed= * Completing all quests: 8,000 Cruor. * Obtaining all Abyssite: 10,000 Cruor * Obtaining all Atma: 12,000 Cru..."
"Deadly Spider (A)","2824","""Abyssea"", ""Abyssea - Grauberg""","241","medium-long; wiki markup","Starts Quests: * Reports your progress towards finishing Abyssea - Grauberg's objectives. * =Goals completed= * Completing all quests: 8,000 Cruor. * Obtaining all Abyssite: 10,000 Cruor * Obtaining all Atma: 12,000 Cruo..."
"Leffquen","1253","""Jeuno"", ""Port Jeuno""","241","medium-long; wiki markup","Notes: Checks the weather for the following locations: :*Valkurm Dunes :*Jugner Forest :*Batallia Downs :*Pashhow Marshlands :*Rolanberry Fields :*Meriphataud Mountains :*Sauromugue Champaign :*The Sanctuary of Zi'Tah :*..."
"1st Legion Reiter","3242","""Bastok (S)"", ""Bastok Markets (S)Crawlers' Nest (S)"", ""Battle""","240","medium-long","Notes: * Appears in Campaign Battles in Bastok Markets (S) and Crawlers' Nest (S), following Else. They will cure themselves, as well as Else. *""1st Legion"" probably indicates they are the cavalry of Legatus Berger's 1st..."
"Adelinde","2517","""Bastok (S)"", ""Bastok Markets (S)""","240","medium-long","Notes: ""The Brilioth Estate lies in the residential area. They are certainly the most notable family of dancers in these parts. They say the only daughter, Laila, is doing her dancer training now under the strict tutelag..."
"Pakeke","1014","""Windurst"", ""Windurst Walls""","240","medium-long","Notes: Dialog: Welcome to the magical town of Windurst. Home of fun-loving Tarutaru and free-willed Mithra. You are now in Windurst Walls. It's a holy site revered by us Tarutaru since ancientaru times. I hope you enjoy ..."
"Rodin-Comidin","2052","""Aht Urhgan Whitegate"", ""Al Zahbi"", ""Windurst""","240","medium-long","Involved in Quests: * Divine Interference Involved in Missions: * Aht Urhgan Mission 38: Stirrings of War * Aht Urhgan Mission 39: Allied Rumblings * Aht Urhgan Mission 41: Light of Judgment * Aht Urhgan Mission 42: Path..."
"Vavegallet (A)","2991","""Abyssea"", ""Abyssea - Vunkerl""","240","medium-long; wiki markup","Starts Quests: * Reports your progress towards finishing Abyssea - Vunkerl's objectives. * =Goals completed= * Completing all quests: 8,000 Cruor. * Obtaining all Abyssite: 10,000 Cruor * Obtaining all Atma: 12,000 Cruor..."
"Vestillet","5365","""San d'Oria (S)""","240","medium-long","Involved in Missions: * WOTG06: A Timeswept Butterfly * WOTG07: Purple, The New Black * WOTG08: In the Name of the Father * WOTG20: On Thin Ice * WOTG21: Proof of Valor * WOTG22: A Sanguinary Prelude * WOTG25: The Will o..."
"Volker (S)","3294","""Bastok (S)"", ""Cutscene"", ""Cutscenes""","240","medium-long","Involved in Quests: * Fires of Discontent * Light in the Darkness * Burden of Suspicion * Storm on the Horizon * Fire in the Hole * Quelling the Storm * Honor Under Fire * What Price Loyalty * The Truth Lies Hid * Bonds ..."
"Babenn","132","""Bastok Mines""","239","medium-long","Involved in Quests: * The Eleventh's Hour * Riding on the Clouds Involved in Missions: * San d'Oria Mission 4-1: Magicite * Bastok Mission 4-1: Magicite * Windurst Mission 4-1: Magicite * Bastok Mission 8-2: Enter the Ta..."
"Deidogg","142","""Bastok Mines""","239","medium-long","Starts Quests: * The Talekeeper's Truth * The Talekeeper's Gift Involved in Quests: * Lure of the Wildcat (Bastok) Involved in Missions: * Bastok Mission 8-2: Enter the Talekeeper * Bastok Mission 9-2: Where Two Paths Co..."
"Munitions Moogle","1258","""Port Jeuno""","238","medium-long; instruction wording","Notes: * Will return any lost ammunition-generating belt granted as part of augmenting REMA item level 119 ranged weaponry. Will only perform this service once per character. Trade the Moogle the corresponding item to re..."
"Palarillont","1437","""Jeuno"", ""Upper Jeuno""","238","medium-long; instruction wording","Notes: Dialog: *""Long have I hoarded my gil, and the time for purchase is at hand! But shall I buy weaponry or armor?"" *""In offense the best defense may lie, but quickly is the unarmored knight struck down. Hmm... Which ..."
"Wata Khamazom","2288","""Nashmau""","238","medium-long","Notes: Sells: *Shortbow 44 gil *Self Bow 536 gil *Wrapped Bow 7,920 gil *Longbow 492 gil *Great Bow 21,812 gil *Wooden Arrow 4 gil *Iron Arrow 8 gil *Silver Arrow 18 gil *Fire Arrow 140 gil *Crossbow Bolt 6 gil *Throwing..."
"Appollonia","1396","""Jeuno"", ""Upper Jeuno""","237","medium-long; wiki markup","Notes: Checks weather for the following locations: :*Valkurm Dunes :*Jugner Forest :*Batallia Downs :*Pashhow Marshlands :*Rolanberry Fields :*Meriphataud Mountains :*Sauromugue Champaign :*The Sanctuary of Zi'Tah :*Qufi..."
"Nicolaus","3280","""Bastok (S)"", ""Bastok Markets (S) (Cutscene only)"", ""Cutscene""","237","medium-long","Involved in Quests: * Fires of Discontent * Light in the Darkness * Burden of Suspicion * Storm on the Horizon * Fire in the Hole * On Sabbatical * Quelling the Storm * Honor Under Fire * Beneath the Mask * What Price Lo..."
"Shashan-Mishan","1370","""Jeuno"", ""Lower Jeuno""","237","medium-long; wiki markup","Notes: Checks weather for the following locations: :*Valkurm Dunes :*Jugner Forest :*Batallia Downs :*Pashhow Marshlands :*Rolanberry Fields :*Meriphataud Mountains :*Sauromugue Champaign :*The Sanctuary of Zi'Tah :*Qufi..."
"Petva","1512","""Jeuno"", ""Ru'Lude Gardens""","235","medium-long; instruction wording","Notes: Dialog: *""Sir Nag'molada often speaks with the common people of the duchy. I even heard that promotions are granted to those who happen to impress him."" *""I wonder if he will ever stop to speak with me... What wou..."
"Dhen Kwherri, M.C.","4812","""Meriphataud Mountains (S)"", ""Windurst (S)""","234","medium-long","Notes: * Windurst (S) affiliated Campaign Arbiter. Present when Windurst (S) has control of Meriphataud Mountains (S). *Offers Campaign Information, Campaign Allied Tags, Teleportation *Campaign Sword in front of name du..."
"Jakoh Wahcondalo","1773","""Kazham""","234","medium-long","Starts Quests: * A Question of Taste * Cloak and Dagger * Everyone's Grudging Involved in Quests: * Tuning Out Involved in Missions: * Windurst Mission 7-2: Awakening of the Gods * Zilart Mission 3: Kazham's Chieftainess"
"Raurart, R.K.","4816","""Meriphataud Mountains (S)"", ""San d'Oria (S)""","234","medium-long","Notes: * San d'Oria affiliated Campaign Arbiter. Present when San d'Oria (S) has control of Meriphataud Mountains (S). *Offers Campaign Information, Campaign Allied Tags, Teleportation *Campaign Sword in front of name du..."
"Alreage, R.K.","5347","""San d'Oria (S)"", ""Sauromugue Champaign (S)""","233","medium-long","Notes: * San d'Oria affiliated Campaign Arbiter. Present when San d'Oria (S) has control of Sauromugue Champaign (S). *Offers Campaign Information, Campaign Allied Tags, Teleportation *Campaign Sword in front of name dur..."
"Hdya Mhirako, M.C.","5379","""Sauromugue Champaign (S)"", ""Windurst (S)""","233","medium-long","Notes: * Windurst (S) affiliated Campaign Arbiter. Present when Windurst (S) has control of Sauromugue Champaign (S). *Offers Campaign Information, Campaign Allied Tags, Teleportation *Campaign Sword in front of name dur..."
"Lorissa","3102","""Adoulin"", ""Yorcia Weald""","233","medium-long; instruction wording","Notes: You need to have previously entered an Alluvion Skirmish before she will appear. She will store Mellidopt Wings traded to the ??? and exchange them for the following items. ---- ? Weapons ? Armour ? Augmentation S..."
"Patrol Worm","4283","""Fort Karugo-Narugo (S)"", ""Windurst (S)""","233","medium-long","Notes: * Appears during Campaign Battles as a squadron of Nyumomo pets. * While they don't move, they will spawn around Nyumomo periodically. * Devastates enemy forces with high tier earth elemental spells (usually cast ..."
"Jakaka","3206","""Attohwa Chasm"", ""Outland""","232","medium-long; instruction wording","Notes: For a walkthrough to the top of the mountain: *Parradamo Tor Trade her a Pouch of Parradamo Stones for the Miasma Filter needed for the following ENM's: *Like the Wind *Sheep in Antlion's Clothing *Shell We Dance?..."
"Aymeric, T.K.","3740","""Castle Zvahl Baileys (S)"", ""San d'Oria (S)""","231","medium-long","Notes: * San d'Oria affiliated Campaign Arbiter. Present when San d'Oria has control of Castle Zvahl Baileys (S). *Offers Campaign Information, Campaign Allied Tags, Teleportation. *Campaign Sword in front of name during..."
"Caulaise, R.K.","4268","""Fort Karugo-Narugo (S)"", ""San d'Oria (S)""","231","medium-long","Notes: * San d'Oria affiliated Campaign Arbiter. Present when San d'Oria (S) has control of Fort Karugo-Narugo (S). *Offers Campaign Information, Campaign Allied Tags, Teleportation *Campaign Sword in front of name durin..."
"Disserond, R.K.","3587","""Beaucedine Glacier (S)"", ""San d'Oria (S)""","231","medium-long","Notes: * San d'Oria affiliated Campaign Arbiter. Present when San d'Oria (S) has control of Beaucedine Glacier (S). *Offers Campaign Information, Campaign Allied Tags, Teleportation *Campaign Sword in front of name durin..."
"Feathered Foe","4208","""Everbloom Hollow""","231","medium-long","Notes: * Multiple varieties of birds will appear over time and roam the area during Aquatic Depopulation Team. (Birds and Rocs) *Will consume any fish you have in your possession if you stray too close to them before dis..."
"Myllue, R.K.","3339","""Batallia Downs (S)"", ""San d'Oria (S)""","231","medium-long","Notes: * San d'Oria (S) affiliated Campaign Arbiter. Present when San d'Oria (S) has control of Batallia Downs (S). *Offers Campaign Information, Campaign Allied Tags, Teleportation *Campaign Sword in front of name durin..."
"Renvriche, T.K.","5362","""San d'Oria (S)"", ""The Eldieme Necropolis (S)""","231","medium-long","Notes: * San d'Oria affiliated Campaign Arbiter. Present when San d'Oria has control of The Eldieme Necropolis (S). *Offers Campaign Information, Campaign Allied Tags, Teleportation *Campaign Sword in front of name durin..."
"Rululu, C.C.","4188","""Eldieme Necropolis (S)"", ""Windurst (S)""","231","medium-long","Notes: * Windurst (S) affiliated Campaign Arbiter. Present when Windurst (S) has control of Eldieme Necropolis (S). *Offers Campaign Information, Campaign Allied Tags, Teleportation *Campaign Sword in front of name durin..."
"Trailmix","4761","""Lumoria"", ""See Goblin Footprint""","231","medium-long; instruction wording","Notes: If you click a Goblin Footprint in Lumoria, you may hear a voice. If so, you can trade any item to the Footprint to have Trailmix appear and replay cutscenes for you. Any items traded (for example, 1 gil), will no..."
"Yuvalbaux, R.K.","5179","""Pashhow Marshlands (S)"", ""San d'Oria (S)""","231","medium-long","Notes: * San d'Oria affiliated Campaign Arbiter. Present when San d'Oria (S) has control of Pashhow Marshlands (S). *Offers Campaign Information, Campaign Allied Tags, Teleportation *Campaign Sword in front of name durin..."
"Excenmille (S)","2624","""San d'Oria (S)"", ""Southern San d'Oria (S)""","230","medium-long","Involved in Quests: * Gifts of the Griffon * Claws of the Griffon * Boy and the Beast * Wrath of the Griffon * Perils of the Griffon * In a Haze of Glory * The Price of Valor * Songbirds in a Snowstorm * Blood of Heroes"
"Hedioste, R.K.","5264","""Rolanberry Fields (S)"", ""San d'Oria (S)""","230","medium-long","Notes: * San d'Oria affiliated Campaign Arbiter. Present when San d'Oria (S) has control of Rolanberry Fields (S). *Offers Campaign Information, Campaign Allied Tags, Teleportation *Campaign Sword in front of name during..."
"Immortal Guard","2151","""Al Zahbi"", ""Battle"", ""Besieged""","230","medium-long","Notes: * Unknown if all Immortal Guards have the same spell set in each Besieged, or if each has her own unique spell set. *The Imperial Defense value needed for Immortal Guards to appear is rather high, around 160-170 o..."
"Madelleon, R.K.","5359","""San d'Oria (S)"", ""West Sarutabaruta (S)""","230","medium-long","Notes: * San d'Oria affiliated Campaign Arbiter. Present when San d'Oria (S) has control of West Sarutabaruta (S). *Offers Campaign Information, Campaign Allied Tags, Teleportation *Campaign Sword in front of name during..."
"Piketo-Puketo","5717","""Windurst"", ""Windurst Waters map = North|D-9""","230","medium-long; instruction wording; wiki markup","Notes: This NPC will: :*Sign you up for the Culinarians' Guild :*Accept the items you need to turn in, to go up in rank for the Cooking Guild. :*You must have Cooking skill level 28 (Novice) or higher to sign up for Guil..."
"Vavegallet","557","""Northern San d'Oria"", ""San d'Oria""","230","medium-long; instruction wording","Notes: ""Hrmm... You look like another adventurer obsessed with shining swords and gleaming shields. Am I wrong?"" ""Well, the hallmark of an adventurer is a richly-decorated domicile. Really, you must visit the furniture s..."
"Yhu Lyehga, M.C.","5176","""Pashhow Marshlands (S)"", ""Windurst (S)""","230","medium-long","Notes: * Windurst (S) affliated Campaign Arbiter. Present when Windurst (S) has control of Pashhow Marshlands (S). *Offers Campaign Information, Campaign Allied Tags, Teleportation *Campaign Sword in front of name during..."
"Charmealaut","451","""Northern San d'Oria"", ""San d'Oria""","229","medium-long; instruction wording","Notes: This NPC was a Smilemaker for the 2004 Starlight Celebration event Fellowship of the Red Hat, and then a Smilebringer for Starlight Celebration 2006 event. In 2004 he was located at (D-8); in 2006 he was located i..."
"Lidaise, T.K.","4344","""Garlaige Citadel (S)"", ""San d'Oria (S)""","229","medium-long","Notes: * San d'Oria affiliated Campaign Arbiter. Present when San d'Oria (S) has control of Garlaige Citadel (S). *Offers Campaign Information, Campaign Allied Tags, Teleportation *Campaign Sword in front of name during ..."
"Nori Kharoiro, M.C.","5268","""Rolanberry Fields (S)"", ""Windurst (S)""","229","medium-long","Notes: * Windurst (S) affliated Campaign Arbiter. Present when Windurst (S) has control of Rolanberry Fields (S). *Offers Campaign Information, Campaign Allied Tags, Teleportation *Campaign Sword in front of name during ..."
"Tomoa-Nomoa, C.C.","4354","""Garlaige Citadel (S)"", ""Windurst (S)""","229","medium-long","Notes: * Windurst (S) affiliated Campaign Arbiter. Present when Windurst (S) has control of Garlaige Citadel (S). *Offers Campaign Information, Campaign Allied Tags, Teleportation *Campaign Sword in front of name during ..."
"Emmah Laali, M.C.","4643","""Jugner Forest (S)"", ""Windurst (S)""","228","medium-long","Notes: * Windurst (S) affiliated Campaign Arbiter. Present when Windurst (S) has control of Jugner Forest (S). *Offers Campaign Information, Campaign Allied Tags, Teleportation. *Campaign Sword in front of name during Ca..."
"Estineau, R.K.","4955","""North Gustaberg (S)"", ""San d'Oria (S)""","228","medium-long","Notes: * San d'Oria affiliated Campaign Arbiter. Present when San d'Oria (S) has control of North Gustaberg (S). *Offers Campaign Information, Campaign Allied Tags, Teleportation *Campaign Sword in front of name during C..."
"Chefroucauld, T.K.","3901","""Crawlers' Nest (S)"", ""San d'Oria (S)""","227","medium-long","Notes: * San d'Oria affiliated Campaign Arbiter. Present when San d'Oria (S) has control of Crawlers' Nest (S). *Offers Campaign Information, Campaign Allied Tags, Teleportation *Campaign Sword in front of name during Ca..."
"Dhi Emwaltih, M.C.","4954","""North Gustaberg (S)"", ""Windurst (S)""","227","medium-long","Notes: * Windurst (S) affliated Campaign Arbiter. Present when Windurst (S) has control of North Gustaberg (S). *Offers Campaign Information, Campaign Allied Tags, Teleportation *Campaign Sword in front of name during Ca..."
"Luhk Leotih, M.C.","3590","""Beaucedine Glacier (S)"", ""Windurst (S)""","227","medium-long","Notes: * Windurst affiliated Campaign Arbiter. Present when Windurst (S) has control of Beaucedine Glacier (S). *Offers Campaign Information, Campaign Allied Tags, Teleportation *Campaign Sword in front of name during Ca..."
"Mikra-Lekra, C.C.","3743","""Castle Zvahl Baileys (S)"", ""Windurst (S)""","227","medium-long","Notes: * Windurst affiliated Campaign Arbiter. Present when Windurst has control of Castle Zvahl Baileys (S). *Offers Campaign Information, Campaign Allied Tags, Teleportation. *Campaign Sword in front of name during Cam..."
"Puttsu-Montsu, C.C.","3924","""Crawlers' Nest (S), (k-8)"", ""Windurst (S)""","227","medium-long","Notes: * Windurst (S) affiliated Campaign Arbiter. Present when Windurst (S) has control of Crawlers' Nest (S). *Offers Campaign Information, Campaign Allied Tags, Teleportation *Campaign Sword in front of name during Ca..."
"Stray Boar, L.C.","3288","""Bastok (S)"", ""Pashhow Marshlands (S)""","227","medium-long","Notes: * Bastok (S) affiliated Campaign Arbiter. Present when Bastok (S) has control of Pashhow Marshlands (S). *Offers Campaign Information, Campaign Allied Tags, Teleportation *Campaign Sword in front of name during Ca..."
"Kih Katteh, M.C.","5544","""Vunkerl Inlet (S)"", ""Windurst (S)""","226","medium-long","Notes: * Windurst (S) affiliated Campaign Arbiter. Present when Windurst (S) has control of Vunkerl Inlet (S). *Offers Campaign Information, Campaign Allied Tags, Teleportation *Campaign Sword in front of name during Cam..."
"Machella","501","""Northern San d'Oria"", ""San d'Oria""","226","medium-long","Notes: ""When I was young, San d'Oria was a beautiful city, where life was pleasant and the days were long."" ""But now our rulers favor adventurers, drawing mobs of foreigners to town. Oh, my ears burn with their babbling!..."
"Mhik Liusihlo, M.C.","5596","""West Sarutabaruta (S)"", ""Windurst (S)""","226","medium-long","Notes: * Windurst affiliated Campaign Arbiter. Present when Windurst (S) has control of West Sarutabaruta (S). *Offers Campaign Information, Campaign Allied Tags, Teleportation *Campaign Sword in front of name during Cam..."
"Pondering Peak, L.C.","3282","""Bastok (S)"", ""Meriphataud Mountains (S)""","226","medium-long","Notes: * Bastok affiliated Campaign Arbiter. Present when Bastok (S) has control of Meriphataud Mountains (S). *Offers Campaign Information, Campaign Allied Tags, Teleportation *Campaign Sword in front of name during Cam..."
"Ralka-Haralka, C.C.","5783","""Windurst (S)""","226","medium-long","Notes: * Windurst (S) affliated Campaign Arbiter. Present when Windurst (S) has control of Bastok Markets (S). *Offers Campaign Information, Campaign Allied Tags, Teleportation *Campaign Sword in front of name during Cam..."
"Rhu Arlohtt, M.C.","3340","""Batallia Downs (S)"", ""Windurst (S)""","226","medium-long","Notes: * Windurst (S) affliated Campaign Arbiter. Present when Windurst (S) has control of Batallia Downs (S). *Offers Campaign Information, Campaign Allied Tags, Teleportation *Campaign Sword in front of name during Cam..."
"Ringu-Tangu, C.C.","3722","""Castle Oztroja (S)"", ""Windurst (S)""","226","medium-long","Notes: * Windurst (S) affiliated Campaign Arbiter. Present when Windurst (S) has control of Castle Oztroja (S) *Offers Campaign Information, Campaign Allied Tags, Teleportation *Campaign Sword in front of name during Cam..."
"Sidoine, T.K.","3763","""Castle Zvahl Keep (S)"", ""San d'Oria (S)""","226","medium-long","Notes: * San d'Oria affiliated Campaign Arbiter. Present when San d'Oria has control of Castle Zvahl Keep (S). *Offers Campaign Information, Campaign Allied Tags, Teleportation *Campaign Sword in front of name during Cam..."
"Ygnas S. Adoulin","3151","""Adoulin"", ""Cutscene"", ""Eastern Adoulin (Residence)""","226","medium-long","Involved in Missions: * The Leafkin Monarch * The Merciless One * The Purgation * The Sacred Sapling * Tomatoes of Wrath * An Emergency Convocation * Balamor, the Deathborne Xol * Sugarcoated Salvation * The Charlatan"
"Amaliya, C.A.","4613","""Jeuno (S)"", ""The Eldieme Necropolis (S)""","225","medium-long","Notes: * Jeuno affiliated Campaign Arbiter. Present when Beastmen have control of The Eldieme Necropolis (S). *Offers Campaign Information, Campaign Allied Tags, Teleportation *Campaign Sword in front of name during Camp..."
"Dancing Thunder, L.C.","3256","""Bastok (S)"", ""Sauromugue Champaign (S)""","225","medium-long","Notes: * Bastok affiliated Campaign Arbiter. Present when Bastok (S) has control of Sauromugue Champaign (S). *Offers Campaign Information, Campaign Allied Tags, Teleportation *Campaign Sword in front of name during Camp..."
"Ihli Llamhya, M.C.","4133","""East Ronfaure (S)"", ""Windurst (S)""","225","medium-long","Notes: * Windurst (S) affliated Campaign Arbiter. Present when Windurst (S) has control of East Ronfaure (S). *Offers Campaign Information, Campaign Allied Tags, Teleportation *Campaign Sword in front of name during Camp..."
"Mog Dinghy","620","""Mog Garden"", ""Port San d'Oria""","225","medium-long","Notes: * Mog Garden: Provides access to Western Adoulin, Eastern Adoulin, and the area from which Mog Garden was entered. *Port San d'Oria / Port Bastok /Port Windurst: Provides access to Mog Garden if the player is elig..."
"Parelbriaux","1722","""Tavnazian Safehold"", ""Tavnazian Safehold Upper Level""","225","medium-long","Involved in Quests: * X Marks the Spot * Petals for Parelbriaux Involved in Missions: * Promathia Mission 2-3: Distant Beliefs * Promathia Mission 2-4: An Eternal Melody * Promathia Mission 4-3: The Secrets of Worship"
"Rholont","2657","""San d'Oria (S)"", ""Southern San d'Oria (S)""","225","medium-long","Starts Quests: * Claws of the Griffon * Wrath of the Griffon * Perils of the Griffon * The Price of Valor Involved in Quests: * Gifts of the Griffon * Boy and the Beast * In a Haze of Glory * Bonds That Never Die"
"Doijo-Amajo, C.C.","3759","""Castle Zvahl Keep (S)"", ""Windurst (S)""","224","medium-long","Notes: * Windurst affiliated Campaign Arbiter. Present when Windurst has control of Castle Zvahl Keep (S). *Offers Campaign Information, Campaign Allied Tags, Teleportation. *Campaign Sword in front of name during Campai..."
"Falzum","1976","""Aht Urhgan Whitegate"", ""Al Zahbi"", ""Cutscene""","224","medium-long","Involved in Quests: * Promotion: Lance Corporal * Promotion: Second Lieutenant * Promotion: First Lieutenant Involved in Missions: * Aht Urhgan Mission 4: Knight of Gold * Aht Urhgan Mission 22: Shield of Diplomacy"
"Field Musician Guard","3263","""Bastok (S)"", ""Battle"", ""Pashhow Marshlands (S)""","224","medium-long","Notes: * Participates in offensive Campaign Battles in Pashhow Marshlands, following Sonia. *They attack twice per combat round and occasionally Double Attack. *They can use all Hand-to-Hand weaponskills up to Howling Fi..."
"Gilgamesh (A)","2850","""Abyssea""","224","medium-long","Starts Quests: * An Officer and a Pirate * Death and Rebirth Involved in Quests: * First Contact * Tenuous Existence * A Sea Dog's Summons * Emissaries of God * Beneath a Blood-red Sky * Meanwhile, Back on Abyssea"
"Jagged Onyx, L.C.","3271","""Bastok (S)"", ""North Gustaberg (S)""","224","medium-long","Notes: * Bastok (S) affiliated Campaign Arbiter. Present when Bastok (S) has control of North Gustaberg (S). *Offers Campaign Information, Campaign Allied Tags, Teleportation *Campaign Sword in front of name during Campa..."
"Kearney, C.A.","4617","""Jeuno (S)"", ""Meriphataud Mountains (S)""","224","medium-long","Notes: * Jeuno affiliated Campaign Arbiter. Present when Beastmen have control of Meriphataud Mountains (S). *Offers Campaign Information, Campaign Allied Tags, Teleportation *Campaign Sword in front of name during Campa..."
"Maunadolace (A)","2901","""Abyssea"", ""Abyssea - Altepa""","224","medium-long","Starts Quests: * Reports your progress towards finishing Abyssea - Altepa's objectives. * =Goals completed= * Completing all quests: 8,000 Cruor. * Obtaining all Abyssite: 10,000 Cruor * Obtaining all Atma: 12,000 Cruor"
"Mhabi Molkot (A)","2904","""Abyssea"", ""Abyssea - Tahrongi""","224","medium-long; instruction wording","Notes: Talk: Can't figure out those ministry types out for the life of me. I don't care what you'rrre studyin', it can't be more important than the lives of your friends! My Terrible Tigresses... I hope they're alrrright..."
"Aligi-Kufongi","1664","""Tavnazian Safehold""","223","medium-long","Notes: * Will change your Title for a fee or can give you a random title for free. * If you play in an Xbox 360 he will also unlock your achievements. *For a full list of titles you can revert to with this NPC, see Title..."
"Johann, I.M.","3273","""Bastok (S)"", ""Eldieme Necropolis (S)""","223","medium-long","Notes: * Bastok affiliated Campaign Arbiter. Present when Bastok (S) has control of Eldieme Necropolis (S). *Offers Campaign Information, Campaign Allied Tags, Teleportation *Campaign Sword in front of name during Campai..."
"Lamurara, C.C.","4307","""Fort Karugo-Narugo (S), Fivespires map"", ""Windurst (S)""","223","medium-long","Notes: * Windurst affiliated Campaign Arbiter. Present when Windurst has control of Fort Karugo-Narugo (S). *Offers Campaign Information, Campaign Allied Tags, Teleportation *Campaign Sword in front of name during Campai..."
"Marianna, I.M.","3278","""Bastok (S)"", ""Fort Karugo-Narugo (S)""","223","medium-long","Notes: * Bastok affiliated Campaign Arbiter. Present when Bastok (S) has control of Fort Karugo-Narugo (S). *Offers Campaign Information, Campaign Allied Tags, Teleportation *Campaign Sword in front of name during Campai..."
"Marius, C.A.","4620","""Jeuno (S)"", ""Sauromugue Champaign (S)""","223","medium-long","Notes: * Jeuno affiliated Campaign Arbiter. Present when Beastmen have control of Sauromugue Champaign (S). *Offers Campaign Information, Campaign Allied Tags, Teleportation *Campaign Sword in front of name during Campai..."
"Rigobertine","2462","""Adoulin"", ""Eastern Adoulin""","223","medium-long","Starts Quests: * No Mercy for the Wicked * Mistress of Ceremonies Involved in Quests: * The Secret to Success * Eye of the Beholder * Order Up Involved in Missions: * A Curse from the Past * The Merciless One"
"Saunders, C.A.","3744","""Castle Zvahl Baileys (S)"", ""Jeuno (S)""","223","medium-long","Notes: * Jeuno affiliated Campaign Arbiter. Present when Beastmen have control of Castle Zvahl Baileys (S). *Offers Campaign Information, Campaign Allied Tags, Teleportation *Campaign Sword in front of name during Campai..."
"Arlayse, R.K.","4132","""East Ronfaure (S)"", ""San d'Oria (S)""","222","medium-long","Notes: * San d'Oria affiliated Campaign Arbiter. Present when San d'Oria has control of East Ronfaure (S). *Offers Campaign Information, Campaign Allied Tags, Teleportation *Campaign Sword in front of name during Campaig..."
"Detrovio","2321","""Adoulin"", ""Western Adoulin""","222","medium-long; instruction wording","Notes: He will augment any Level 99 J.S.E. Cape upon trading the cape with a Refractive Crystal for a 400 Bayld fee. *If you do not like the new augments and choose to keep the old ones, it will still consume the crystal..."
"Estaud, R.K.","5352","""San d'Oria (S)"", ""Xarcabard (S)""","222","medium-long","Notes: * San d'Oria affiliated Campaign Arbiter. Present when San d'Oria (S) has control of Xarcabard (S). *Offers Campaign Information, Campaign Allied Tags, Teleportation *Campaign Sword in front of name during Campaig..."
"Roiloux, R.K.","4647","""Jugner Forest (S)"", ""San d'Oria (S)""","222","medium-long","Notes: * San d'Oria affiliated Campaign Arbiter. Present when San d'Oria has control of Jugner Forest (S). *Offers Campaign Information, Campaign Allied Tags, Teleportation *Campaign Sword in front of name during Campaig..."
"Tenacious Fool, L.C.","3289","""Bastok (S)"", ""West Sarutabaruta (S)""","222","medium-long","Notes: * Bastok affiliated Campaign Arbiter. Present when Bastok (S) has control of West Sarutabaruta (S). *Offers Campaign Information, Campaign Allied Tags, Teleportation *Campaign Sword in front of name during Campaig..."
"Toulsard, R.K.","5363","""San d'Oria (S)"", ""Vunkerl Inlet (S)""","222","medium-long","Notes: * San d'Oria affiliated Campaign Arbiter. Present when San d'Oria has control of Vunkerl Inlet (S). *Offers Campaign Information, Campaign Allied Tags, Teleportation *Campaign Sword in front of name during Campaig..."
"Baehu-Faehu","5615","""Windurst"", ""Windurst Waters map = North|G-5""","221","medium-long","Notes: * When Windurst does not have control of Sarutabaruta, says: Sorry-dorry, but I'm taking a breaky-wakey! (Or, as you'll be knowing, since control of Sarutabaruta was lost, I'm out of stock, so go on, get going!)?"
"Barnett, C.A.","4615","""Jeuno (S)"", ""Pashhow Marshlands (S)""","221","medium-long","Notes: * Jeuno affiliated Campaign Arbiter. Present when Beastmen have control of Pashhow Marshlands (S). *Offers Campaign Information, Campaign Allied Tags, Teleportation *Campaign Sword in front of name during Campaign"
"Ruediger, I.M.","3287","""Bastok (S)"", ""Garlaige Citadel (S)""","221","medium-long","Notes: * Bastok affiliated Campaign Arbiter. Present when Bastok (S) has control of Garlaige Citadel (S). *Offers Campaign Information, Campaign Allied Tags, Teleportation *Campaign Sword in front of name during Campaign"
"Ulaciont, R.K.","4432","""Grauberg (S)"", ""San d'Oria (S)""","221","medium-long","Notes: * San d'Oria affiliated Campaign Arbiter. Present when San d'Oria (S) has control of Grauberg (S). *Offers Campaign Information, Campaign Allied Tags, Teleportation *Campaign Sword in front of name during Campaign"
"Addison, C.A.","4607","""Jeuno (S)"", ""West Sarutabaruta (S)""","220","medium-long","Notes: * Jeuno affiliated Campaign Arbiter. Present when Beastmen have control of West Sarutabaruta (S). *Offers Campaign Information, Campaign Allied Tags, Teleportation *Campaign Sword in front of name during Campaign"
"Barton, C.A.","3756","""Castle Zvahl Keep (S)"", ""Jeuno (S)""","220","medium-long","Notes: * Jeuno affiliated Campaign Arbiter. Present when Beastmen have control of Castle Zvahl Keep (S). *Offers Campaign Information, Campaign Allied Tags, Teleportation *Campaign Sword in front of name during Campaign"
"Five Moons","3265","""Bastok (S)"", ""Bastok Markets (S) (Cutscene only)"", ""Cutscene""","220","medium-long","Involved in Quests: * Fires of Discontent * Light in the Darkness * Burden of Suspicion * Storm on the Horizon * Fire in the Hole * Quelling the Storm * Honor Under Fire * Beneath the Mask * What Price Loyalty"
"Gisbert, C.A.","4523","""I-7, by the gate as you approach the outpost from the west (e.g. from the Cavernous Maw)"", ""Jeuno (S)""","220","medium-long","Notes: * Jeuno affiliated Campaign Arbiter. Present when Beastmen have control of Rolanberry Fields (S). *Offers Campaign Information, Campaign Allied Tags, Teleportation *Campaign Sword in front of name during Campaign"
"Lothur, I.M.","3277","""Bastok (S)"", ""Castle Zvahl Keep (S)""","220","medium-long","Notes: * Bastok affiliated Campaign Arbiter. Present when Bastok has control of Castle Zvahl Keep (S). *Offers Campaign Information, Campaign Allied Tags, Teleportation. *Campaign Sword in front of name during Campaign."
"Myuhn Rohli, M.C.","4431","""Grauberg (S)"", ""Windurst (S)""","220","medium-long","Notes: * Windurst (S) affliated Campaign Arbiter. Present when Windurst (S) has control of Grauberg (S). *Offers Campaign Information, Campaign Allied Tags, Teleportation *Campaign Sword in front of name during Campaign"
"Darden, C.A.","4367","""Garlaige Citadel (S), first map"", ""Jeuno (S)""","219","medium-long","Notes: * Jeuno affiliated Campaign Arbiter. Present when Beastmen have control of Garlaige Citadel (S). *Offers Campaign Information, Campaign Allied Tags, Teleportation *Campaign Sword in front of name during Campaign"
"Granite Fist, L.C.","3267","""Bastok (S)"", ""Batallia Downs (S)""","219","medium-long","Notes: * Bastok affiliated Campaign Arbiter. Present when Bastok (S) has control of Batallia Downs (S). *Offers Campaign Information, Campaign Allied Tags, Teleportation *Campaign Sword in front of name during Campaign"
"Gray Colossus, L.C.","3268","""Bastok (S)"", ""Beaucedine Glacier (S)""","219","medium-long","Notes: * Bastok affiliated Campaign Arbiter. Present when Bastok has control of Beaucedine Glacier (S). *Offers Campaign Information, Campaign Allied Tags, Teleportation *Campaign Sword in front of name during Campaign"
"Ineuteniace","3700","""Carpenters' Landing Barge"", ""Outland""","219","medium-long; instruction wording","Notes: * Located on the barge during the route from Central Landing to South Landing via Newtpool, and from South Landing to North Landing. *If Stubborn Dredvodd hops aboard the barge, he will utter a startled warning."
"Muckvix","1351","""Jeuno"", ""Lower Jeuno""","219","medium-long","Involved in Quests: * Return to the Depths Involved in Missions: * San d'Oria Mission 4-1: Magicite * Bastok Mission 4-1: Magicite * Windurst Mission 4-1: Magicite * Maat on the Rampage * Not Just a Pretty Face"
"Pattsu-Yabittsu","1149","""Windurst"", ""Windurst Woods""","219","medium-long; instruction wording","Notes: A teleport NPC. He is located at the lower-left of K-12 on your map, otherwise to the right of the Chocobo Circuit (slightly hidden behind a tree). He will teleport you for free to Tonana (Windurst Waters, G-8)."
"Aged Stone, L.C.","3250","""Bastok (S)"", ""East Ronfaure (S)""","218","medium-long","Notes: * Bastok affiliated Campaign Arbiter. Present when Bastok (S) has control of East Ronfaure (S). *Offers Campaign Information, Campaign Allied Tags, Teleportation *Campaign Sword in front of name during Campaign"
"Blazing Lizard, L.C.","3255","""Bastok (S)"", ""Jugner Forest (S)""","218","medium-long","Notes: * Bastok affiliated Campaign Arbiter. Present when Bastok (S) has control of Jugner Forest (S). *Offers Campaign Information, Campaign Allied Tags, Teleportation *Campaign Sword in front of name during Campaign"
"Feral Moon, L.C.","3262","""Bastok (S)"", ""Vunkerl Inlet (S)""","218","medium-long","Notes: * Bastok affiliated Campaign Arbiter. Present when Bastok (S) has control of Vunkerl Inlet (S). *Offers Campaign Information, Campaign Allied Tags, Teleportation *Campaign Sword in front of name during Campaign"
"Hakkuru-Rinkuru","863","""Port Windurst"", ""Windurst""","218","medium-long","Starts Quests: * Making Amends * Wonder Wands Involved in Missions: * Windurst Mission 1-1: The Horutoto Ruins Experiment * Windurst Mission 3-1: To Each His Own Right * Windurst Mission 6-1: Full Moon Fountain"
"Wayward Echo, L.C.","3295","""Bastok (S)"", ""Rolanberry Fields (S)""","218","medium-long","Notes: * Bastok affiliated Campaign Arbiter. Present when Bastok has control of Rolanberry Fields (S). *Offers Campaign Information, Campaign Allied Tags, Teleportation *Campaign Sword in front of name during Campaign"
"Yimi Jomkeh, M.C.","5792","""Windurst (S)"", ""Xarcabard (S), (?-?)""","218","medium-long","Notes: * Windurst affiliated Campaign Arbiter. Present when Windurst (S) has control of Xarcabard (S). *Offers Campaign Information, Campaign Allied Tags, Teleportation *Campaign Sword in front of name during Campaign"
"Detlef, I.M.","3259","""Bastok (S)"", ""Beadeaux (S)""","217","medium-long","Notes: * Bastok (S) affiliated Campaign Arbiter. Present when Bastok (S) has control of Beadeaux (S). *Offers Campaign Information, Campaign Allied Tags, Teleportation *Campaign Sword in front of name during Campaign"
"King Destin","4040","""Cutscenes"", ""San d'Oria""","217","medium-long","Involved in Missions: * San d'Oria Mission 4-1: Magicite * Bastok Mission 4-1: Magicite * Windurst Mission 4-1: Magicite * San d'Oria Mission 5-2: The Shadow Lord * San d'Oria Mission 9-2: The Heir to the Light"
"Landon, C.A.","3907","""Crawlers' Nest (S)"", ""Jeuno (S)""","217","medium-long","Notes: * Jeuno affiliated Campaign Arbiter. Present when Beastmen have control of Crawlers' Nest (S). *Offers Campaign Information, Campaign Allied Tags, Teleportation *Campaign Sword in front of name during Campaign"
"Pelinvarde","351","""Port Bastok""","217","medium-long; instruction wording","Notes: Pelinvarde will give a fortune/fate reading to an adventuring duo if both party members are present. The cost is 120 gil for the reading which appears to just be some random flavor text with no in-game effect."
"Polished Fang, L.C.","3281","""Bastok (S)"", ""Grauberg (S)""","217","medium-long","Notes: * Bastok (S) affiliated Campaign Arbiter. Present when Bastok (S) has control of Grauberg (S). *Offers Campaign Information, Campaign Allied Tags, Teleportation *Campaign Sword in front of name during Campaign"
"Ulmer, C.A.","3725","""Castle Oztroja (S),"", ""Jeuno (S)""","217","medium-long","Notes: * Jeuno affiliated Campaign Arbiter. Present when Beastmen have control of Castle Oztroja (S). *Offers Campaign Information, Campaign Allied Tags, Teleportation *Campaign Sword in front of name during Campaign"
"Uriah, C.A.","4622","""Jeuno (S)"", ""North Gustaberg (S)""","217","medium-long","Notes: * Jeuno affliated Campaign Arbiter. Present when Beastmen have control of North Gustaberg (S). *Offers Campaign Information, Campaign Allied Tags, Teleportation *Campaign Sword in front of name during Campaign"
"Felicia, C.A.","5541","""Vunkerl Inlet (S)""","216","medium-long","Notes: * Jeuno affiliated Campaign Arbiter. Present when Beastmen have control of Vunkerl Inlet (S). *Offers Campaign Information, Campaign Allied Tags, Teleportation *Campaign Sword in front of name during Campaign"
"Framaraix, T.K.","4702","""La Vaule (S)"", ""San d'Oria (S)""","216","medium-long","Notes: * San d'Oria affiliated Campaign Arbiter. Present when San d'Oria has control of La Vaule (S) *Offers Campaign Information, Campaign Allied Tags, Teleportation *Campaign Sword in front of name during Campaign"
"Tateeya","2071","""Aht Urhgan Whitegate"", ""Al Zahbi""","216","medium-long; instruction wording","Notes: Talk to her once as Puppetmaster and trade attachments to make them available to be equipped. After talking to her the initial time on Puppetmaster, she will accept attachments regardless of your current job."
"Waldo, C.A.","4135","""East Ronfaure (S)"", ""Jeuno (S)""","216","medium-long","Notes: * Jeuno affiliated Campaign Arbiter. Present when Beastmen have control of East Ronfaure (S). *Offers Campaign Information, Campaign Allied Tags, Teleportation *Campaign Sword in front of name during Campaign"
"Astrid, I.M.","3253","""Bastok (S)"", ""Crawlers' Nest (S)""","215","medium-long","Notes: * Bastok affiliated Campaign Arbiter. Present when Bastok has control of Crawlers' Nest (S). *Offers Campaign Information, Campaign Allied Tags, Teleportation *Campaign Sword in front of name during Campaign"
"Flasco-Rasco, C.C.","4699","""La Vaule (S)"", ""Windurst (S)""","215","medium-long","Notes: * Windurst affiliated Campaign Arbiter. Present when Windurst has control of La Vaule (S). *Offers Campaign Information, Campaign Allied Tags, Teleportation. *Campaign Sword in front of name during Campaign."
"Muchavatte","3955","""Cut scenes only"", ""Cutscene"", ""San d'Oria""","215","medium-long","Involved in Quests: * Undying Flames Involved in Missions: * San d'Oria Mission 4-1: Magicite * Bastok Mission 4-1: Magicite * Windurst Mission 4-1: Magicite * Promathia Mission 4-3: The Secrets of Worship"
"Solgierte","638","""Port San d'Oria"", ""San d'Oria""","215","medium-long","Notes: Dialogue: Orcs have been harassing us ever since they took West Ronfaure. Confound those beastmen! But where are the knights? They should have stomped their camps flat months ago, just like in the Great War."
"Ikhi Askamot","3089","""Adoulin"", ""Eastern Adoulin (Residence)""","214","medium-long","Involved in Quests: * The Bloodline of Zacariah * Geomancer Relic Armor Quests * Geomancerrific Involved in Missions: * The Leafkin Monarch * Tomatoes of Wrath * A Grave Mistake * An Emergency Convocation"
"Odoba","175","""Bastok Mines""","213","medium-long; instruction wording","Notes: * Open: Always. *No longer shares stock with Maymunah, and prices are static. *Has much higher stock limits than Maymunah, but can be depleted. *Stock is replenished over time, and everything is restocked."
"Pretty Heart","3304","""Bastok Markets (Patrols outside the Metalworks, from the south wall to the east wall and entrance to the north wall, and back again)""","213","medium-long","Notes: (Hard Witch) One of The Dark Lilies of the Harvest Festival event held each October since 2004. After receiving Witch Hat, follow Pretty Heart without being seen to receive, from the Exorcist, a Coven Hat."
"Stowastiq","4407","""Ghoyu's Reverie"", ""Outland""","213","medium-long","Notes: * Stores the items you get from either the Harvesting Points, Mining Points, or Logging Points scattered around the maze, or from the ??? by killing the various Impossible to Gauge enemies lurking around."
"Aloysius, I.M.","3251","""Bastok (S)"", ""La Vaule (S)""","211","medium-long","Notes: * Bastok affiliated Campaign Arbiter. Present when Bastok has control of La Vaule (S). *Offers Campaign Information, Campaign Allied Tags, Teleportation. *Campaign Sword in front of name during Campaign."
"Brutus","4571","""Jeuno"", ""Upper Jeuno Chocobo Stables""","211","medium-long","Starts Quests: * Chocobo on the Loose! * Chocobo's Wounds * Save My Son * Wings of Gold * Scattered into Shadow * Axe the Competition Involved in Quests: * A Chocobo's Tale * The Flying Machine of Eld"
"Thurlow, C.A.","3553","""Beadeaux (S)"", ""Jeuno (S)""","211","medium-long","Notes: * Jeuno affiliated Campaign Arbiter. Present when Beastmen have control of Beadeaux (S). *Offers Campaign Information, Campaign Allied Tags, Teleportation *Campaign Sword in front of name during Campaign"
"Voidwatch Purveyor","3160","""Al Zahbi Aht Urhgan Whitegate (I-8, North Wall) Nashmau Southern San d'Oria (S) Bastok Markets (S) (H-4, North Wall by Rye Bridge) Windurst Waters (S)"", ""Jeuno""","211","medium-long; instruction wording","Notes: Used to puchase Ascent Items for Voidwatch. Item will cost the player their regional credits and not cruor. Those wishing to use Cruor can purchase the cells at a Voidwatch Officer except for Jade Cells."
"Akta","1467","""Jeuno"", ""Ru'Lude Gardens""","210","medium-long","Notes: Dialog: A mighty fine palace, this is. Why, it's like a castle in the clouds! I'm so glad I came all this way to see it.Oh, now where'd the wife head off to? I suppose she'll show up if I stay put here."
"Nomad Moogle","1573","""Selbina"", ""Mhaura"", ""Rabao"", ""Kazham"", ""Norg"", ""Tavnazian Safehold"", ""Nashmau""","210","medium-long","Starts Quests: * New Worlds Await (Limit Break 6) * Expanding Horizons (Limit Break 7) * Beyond the Stars (Limit Break 8) * Dormant Power Dislodged (Limit Break 9) * Prelude to Puissance (Limit Break 10)"
"Radnor, C.A.","4591","""Jeuno"", ""La Vaule (S)""","210","medium-long","Notes: * Jeuno affiliated Campaign Arbiter. Present when Beastmen have control of La Vaule (S) *Offers Campaign Information, Campaign Allied Tags, Teleportation *Campaign Sword in front of name during Campaign"
"Timid Scorpion, L.C.","3291","""Bastok (S)"", ""Xarcabard (S), (?-?)""","210","medium-long","Notes: * Bastok affiliated Campaign Arbiter. Present when Bastok has control of Xarcabard (S). *Offers Campaign Information, Campaign Allied Tags, Teleportation *Campaign Sword in front of name during Campaign"
"Toppi-Meppi","1195","""Windurst"", ""Windurst Woods""","209","medium-long","Notes: * Used to sell items in exchange for Chocobucks (see Chocobuck items). *Replaced Robino-Mobino as of the [https://forum.square-enix.com/ffxi/threads/54790?p=611716#post611716 December 11, 2018] update."
"Celestia","448","""Northern San d'Oria"", ""Special Event""","208","medium-long; wiki markup","Notes: Celestia is the lead dancer of the Dancing Trio Cream Puff. She is capable of draining the life force of others through her dance moves, causing paralysis. left|thumb|Celestia during the 2012 festival"
"Duchille","4340","""Garlaige Citadel (S)"", ""San d'Oria (S)""","208","medium-long","Notes: :""If you pass through this gate and continue north, you will come upon the Firesand Storeroom. :But be warned. There are monsters about. :You would be wise to take great caution, for your own sake."""
"Helmyre","4645","""Jugner Forest (S)"", ""Outland""","208","medium-long; instruction wording","Notes: * Must be level 20, have a Chocobo License,and be affiliated with one of the armies of the three nations to be eligible to rent a Chocobo. *Rental fees will be charged in Allied Notes rather than gil."
"Lidaise","4815","""Meriphataud Mountains (S)"", ""Outland""","208","medium-long; instruction wording","Notes: * Must be level 20, have a Chocobo License,and be affiliated with one of the armies of the three nations to be eligible to rent a Chocobo. *Rental fees will be charged in Allied Notes rather than gil."
"Milloure","5063","""Outland"", ""Pashhow Marshlands (S)""","208","medium-long; instruction wording","Notes: * Must be level 20, have a Chocobo License,and be affiliated with one of the armies of the three nations to be eligible to rent a Chocobo. *Rental fees will be charged in Allied Notes rather than gil."
"Royal Guard","3405","""Battle"", ""East Ronfaure (S)"", ""San d'Oria (S)""","208","medium-long","Notes: * Under the command of General Valaineral R Davilles. *They are among the few that may be dispatched to Beaucedine Glacier (S) and Xarcabard (S) once San d'Oria regains most territory in their cordon."
"Telford, C.A.","3351","""Batallia Downs (S), on top of wall"", ""Jeuno (S)""","207","medium-long","Notes: * Jeuno affiliated Campaign Arbiter. Present when Beastmen have control of Batallia. *Offers Campaign Information, Campaign Allied Tags, Teleportation *Campaign Sword in front of name during Campaign"
"Alangriche","3869","""Chocobo Circuit - San d'Oria Entrance"", ""San d'Oria""","206","medium-long; wiki markup","Notes: * Provides information about Chocobo Racing, and recruits adventurers for the CRA San d'Oria team.This NPC used to be in Southern San d'Oria (H-11) prior to the 9/9/10 patch.| historicalbackground ="
"Cecilia","447","""Northern San d'Oria"", ""Special Event""","206","medium-long; wiki markup","Notes: Cecilia is the lead dancer of the Dancing Trio Cream Puff. She is capable of draining the life force of others through her dance moves, causing paralysis. left|thumb|Cecilia during the 2012 festival"
"Gordias","5649","""Windurst"", ""Windurst Waters map = North|F-9""","206","medium-long","Notes: Dialog: ""Ahhh, I'm sooo full! I just ate ten servings! Hahaha... Are you impressed? Well, that there resturant sells only Tarutaru-sized servings. Ten servings is quite an easy amount to stomach."""
"Mhao Kehtsoruho","1428","""Jeuno"", ""Upper Jeuno""","206","medium-long","Notes: * Paying this NPC 10 gil allows you to watch cutscenes that you have seen in Upper Jeuno for completed missions.Unlike most Melody Minstrels, she wears a Gambison, Linen Slacks, and Mithran Gaiters."
"Robino-Mobino (Windurst Woods)","1161","""Windurst"", ""Windurst Woods""","206","medium-long","Notes: * Used to sell items in exchange for Chocobucks (see Chocobuck items). *Renamed Toppi-Meppi as of the [https://forum.square-enix.com/ffxi/threads/54790?p=611716#post611716 December 11, 2018] update."
"Arciela","3052","""Adoulin"", ""Battle"", ""Cutscene"", ""Eastern Adoulin (Residence)""","204","medium-long; wiki markup","Involved in Missions: * Onward to Adoulin * Heartwings and the Kindhearted * Meeting of the Minds * An Aimless Journey * Ortharsyne * In the Presence of Royalty * The Twin World Trees{{Verification"
"Pekuku","1642","""Mhaura""","204","medium-long; wiki markup","Notes: Checks weather for the following locations: :* East Sarutabaruta :* West Sarutabaruta :* Tahrongi Canyon :* Buburimu Peninsula :* Meriphataud Mountains :* The Sanctuary of Zi'Tah :* Ferry :* Jeuno"
"Pohka Chichiyowahl","3610","""Bibiki Bay - Purgonorgo Isle"", ""Outland""","204","medium-long","Notes: Sells Fishing Equipment. ;Prices are determined by Windurst Fame. Sells: * Fastwater Fishing Rod Price: 1238-1667 gil * Single Hook Fishing Rod Price: 11845-15398 gil * Antidote Price: 290-656 gil"
"Ajen-Myoojen (S)","2676","""Windurst (S)"", ""Windurst Waters (S)""","203","medium-long","Notes: ""Hold on there, mister-wister!/missie-wissie! Do you know what's waiting on the other side of this gate for tenderific morsels like you, huh? Oh, you do now, do you? Well, it's your funeral..."""
"Minna","2569","""Bastok (S)"", ""Bastok Markets (S)""","203","medium-long","Notes: ""Through this tunnel lie the Fourth Division barracks. While far from luxurious, the rooms provide troops with a place to store their belongings, receive packages, and rest up before missions."""
"Chualulu","3875","""Chocobo Circuit - Windurst Entrance"", ""Windurst""","202","medium-long","Notes: Offers information on ""The Pashhow Swamptrot"". (New, jockeyless races intended for veteran chocobo breeders.) Will change your Chocobo Racing Association affiliation to Windurst if so desired."
"Balasiel","671","""San d'Oria"", ""Southern San d'Oria""","201","medium-long; instruction wording","Starts Quests: * A Squire's Test * A Squire's Test II * A Knight's Test * Methods Create Madness Involved in Quests: * Knight Stalker * Starlight Celebration 2008 * Starlight Celebration 2010"
"Felicific Buffalo","4965","""North Gustaberg, South Gustaberg, East Ronfaure, West Ronfaure, East Sarutabaruta, West Sarutabaruta"", ""Special Event""","201","medium-long","Notes: A buffalo found roaming in the areas outside of all three starting cities which is followed by two to three Rancher NPCs. Rancher NPCs mention the opening of the Buffalo Bonanza Ranch in Jeuno."
"Oboro","1264","""Jeuno"", ""Port Jeuno""","201","medium-long","Notes: This NPC manages player transactions related to upgrading Relic Weapon Mythic Weapon and Empyrean Weapons to Item Level:119. He also will craft Job Specific weapons for players he deems worthy."
"Zandjarl","5163","""Pankration"", ""The Colosseum""","201","medium-long; wiki markup","Notes: Zandjarl sells wares related to Pankration and where you convert Imperial Currency into Jetton, currency for Pankration. Jettons: Zandjarl will convert Imperial currency into Jettons: {{:Jetton"
"Joyful Alicorn","5452","""Special Event"", ""West Ronfaure / East Ronfaure / La Theine Plateau / Valkurm Dunes / Jugner Forest / Batallia Downs / North Gustaberg / South Gustaberg / Konschtat Highlands / Pashhow Marshlands / Rolanberry Fields / Beaucedine Glacier / Western Altepa Desert / Eastern Altepa Desert / West Sarutabaruta / East Sarutabaruta / Tahrongi Canyon / Buburimu Peninsula / Meriphataud Mountains / Sauromugue Champaign / The Sanctuary of Zi'Tah / Yuhtunga Jungle / Yhoator Jungle / Qufim Island""","200","medium-long","Notes: Follows Jubilant Alicorn, which is the only member of the procession with which interaction is possible. It is preceded by Jubilant Alicorn and Joyous Alicorn, and proceeded by Mirthful Ixion."
"Aja-Panja","1062","""Windurst"", ""Windurst Woods""","199","medium-long; wiki markup","Notes: Upon checking Aja Panja you will recieve the following diologue: :* If you want to learn how to craft bone into something useful, then you should study with us here at the Boneworker's Guild!"
"Ice Fiend","5518","""Various"", ""Windurst (S)""","199","medium-long","Notes: * Summoned by Kayeel-Payeel (S) during Campaign Battles along with the Thunder Fiend. * Mimics Kayeel-Payeel's casting. * You can cure the Thunder Fiend, even though it is a elemental / pet."
"Joyous Alicorn","5453","""Special Event"", ""West Ronfaure / East Ronfaure / La Theine Plateau / Valkurm Dunes / Jugner Forest / Batallia Downs / North Gustaberg / South Gustaberg / Konschtat Highlands / Pashhow Marshlands / Rolanberry Fields / Beaucedine Glacier / Western Altepa Desert / Eastern Altepa Desert / West Sarutabaruta / East Sarutabaruta / Tahrongi Canyon / Buburimu Peninsula / Meriphataud Mountains / Sauromugue Champaign / The Sanctuary of Zi'Tah / Yuhtunga Jungle / Yhoator Jungle / Qufim Island""","199","medium-long","Notes: Follows Jubilant Alicorn, which is the only member of the procession with which interaction is possible. It is preceded by Jubilant Alicorn and proceeded by Joyful Alicorn and Mirthful Ixion."
"Qiqirn Freelance","2184","""Al Zahbi"", ""Battle"", ""Besieged""","199","medium-long","Notes: * Only present in Al Zahbi when the Imperial Defense value is extremely low, around 30 or lower. *Appears in place of Volunteers. *Wields a dagger and shortbow. *Uses standard Qiqirn attacks."
"Diabolos (NPC)","5034","""Outland"", ""The Shrouded Maw""","198","medium-long","Involved in Quests: * Waking Dreams Involved in Missions: * Promathia Mission 3-5: Darkness Named * Promathia Mission 4-3: The Secrets of Worship * Promathia Mission 5-2: Desires of Emptiness"
"Rienne","2373","""Western Adoulin""","198","medium-long","Notes: * Once you have surveyed an Ergon Locus, the tincture associated with it will appear on the list for sale. *Check with Chamulele for current survey status affecting potency of each tincture."
"Sylvie","2378","""Adoulin"", ""Western Adoulin""","198","medium-long","Starts Quests: * Dances with Luopans * Elementary, My Dear Sylvie * For Whom the Bell Tolls * The Bloodline of Zacariah * The Communion * Geomancer Relic Armor Quests * Treasures of the Earth"
"Adjutant","2601","""San d'Oria (S)"", ""Southern San d'Oria (S)""","197","medium-long","Involved in Missions: * Crystal Fist I (S) * Crystal Fist II (S) * Crystal Fist III (S) * Crystal Fist IV (S) * Iron Anvil I (S) * Iron Anvil II (S) * Iron Anvil III (S) * Iron Anvil IV (S)"
"Adjutant (Bastok)","2518","""Bastok (S)"", ""Bastok Markets (S)""","197","medium-long","Involved in Missions: * Crystal Fist I (B) * Crystal Fist II (B) * Crystal Fist III (B) * Crystal Fist IV (B) * Iron Anvil I (B) * Iron Anvil II (B) * Iron Anvil III (B) * Iron Anvil IV (B)"
"Adjutant (Windurst)","5765","""Windurst (S)"", ""Windurst Waters (S) map = North|F-9""","197","medium-long","Involved in Missions: * Crystal Fist I (W) * Crystal Fist II (W) * Crystal Fist III (W) * Crystal Fist IV (W) * Iron Anvil I (W) * Iron Anvil II (W) * Iron Anvil III (W) * Iron Anvil IV (W)"
"Zazarg (S)","2595","""Bastok (S)"", ""Bastok Markets (S)"", ""Battle""","197","medium-long","Involved in Quests: * The Fighting Fourth Involved in Missions: * Back to the Beginning (WOTG02) * Affairs of State (WOTG12) * A Nation on the Brink (WOTG14) * Crossroads of Time (WOTG15)"
"Chimh Dlesbah","1314","""Jeuno"", ""Lower Jeuno""","196","medium-long; instruction wording","Notes: This NPC will let you watch cut-scenes that you have seen in Lower Jeuno in the past, for a small fee.Unlike most Melody Minstrels, she wears a Gambison, Linen Slacks, and Mithran Gaiters."
"Ghanraam","1986","""Aht Urhgan Whitegate""","196","medium-long; instruction wording","Salvage: * Exchanges required items for base level 75 Salvage armor pieces. * Trade all required items at once. * Completed pieces can then be upgraded by Irvina in Aht Urhgan Whitegate (K-11)."
"Monteverle","5248","""Removed from game"", ""San d'Oria""","196","medium-long","Notes: Provided information about Chocobo Racing and recruited adventurers for the CRA San d'Oria team. He was removed from the game on 9/9/2010, along with Salvador, Galienne, and Turumi-Byrumi."
"Prien","2576","""Bastok (S)"", ""Bastok Markets (S)"", ""Cutscene""","196","medium-long","Involved in Quests: * Fires of Discontent * Burden of Suspicion * Fire in the Hole * Quelling the Storm * Honor Under Fire * What Price Loyalty Involved in Missions: * Affairs of State"
"Royal Knight","3406","""Battle"", ""Jugner Forest (S), East Ronfaure (S), Batallia Downs (S)."", ""San d'Oria (S)""","196","medium-long","Notes: * Utilizes Weapon Skills: Fast Blade, Circle Blade, Shining Blade, Red Lotus Blade (Possibly others yet to be observed.). *Utilizes Spells: Banish II (Possibly others yet to be observed.)."
"Galienne","5245","""Removed from game""","195","medium-long","Notes: Provided information about Chocobo Racing and recruited adventurers for the CRA Bastok team. She was removed from the game on 9/9/2010, along with Monteverle, Salvador, and Turumi-Byrumi."
"Thunder Fiend","5519","""Various"", ""Windurst (S)""","195","medium-long","Notes: * Summoned by Kayeel-Payeel (S) during Campaign Battles along with the Ice Fiend. * Mimics Kayeel-Payeel's casting. * You can cure the Thunder Fiend, even though it is a elemental / pet."
"Ake","5442","""Special Event""","194","medium-long","Notes: According to Vana'diel Tribune http://www.playonline.com/ff11/guide/development/vt/08/02-2.html, this NPC was produced by Rhinostery and was presented to San d'Oria, Bastok and Windurst."
"Kohlo-Lakolo","873","""Port Windurst"", ""Windurst""","194","medium-long","Starts Quests: * Truth, Justice, and the Onion Way! * Know One's Onions * Inspector's Gadget! * Onion Rings * Crying Over Onions * The Promise Involved in Quests: * Wild Card (Quest)"
"Mihl Pakorhma","2702","""Windurst (S)"", ""Windurst Waters (S)""","194","medium-long","Involved in Quests: * The Tigress Stirs * The Tigress Strikes * Knot Quite There * A Manifest Problem * The Long March North * Howl from the Heavens * Manifest Destiny * At Journey's End"
"Ome","5455","""Special Event""","194","medium-long","Notes: According to Vana'diel Tribune http://www.playonline.com/ff11/guide/development/vt/08/02-2.html, this NPC was produced by Rhinostery and was presented to San d'Oria, Bastok and Windurst."
"Salvador","5249","""Removed from game""","194","medium-long","Notes: Provided information about Chocobo Racing and recruited adventurers for the CRA Bastok team. He was removed from the game on 9/9/2010, along with Monteverle, Galienne, and Turumi-Byrumi."
"Chocobo Tamer","2813","""Abyssea"", ""Abyssea - Attohwa""","193","medium-long","Involved in Quests: * Desert Rain II (Attohwa) * Desert Rain II (Misareaux) * Desert Rain II (Vunkerl) * Ward Warden II (Attohwa) * Ward Warden II (Misareaux) * Ward Warden II (Vunkerl)"
"Claidie","4035","""Cutscenes"", ""San d'Oria""","192","medium-long","Involved in Missions: * San d'Oria Mission 5-2: The Shadow Lord * San d'Oria Mission 8-1: Coming of Age * San d'Oria Mission 9-2: The Heir to the Light * A Crystalline Prophecy (Mission)"
"Red Canyon (S)","2580","""Bastok (S)"", ""Bastok Markets (S)""","192","medium-long","Notes: ""Port Bastok is strictly off-limits to all but authorized personnel. However, if you wish to travel to North Gustaberg, you may use the Republic's supply causeway. Cross the bridge?"""
"Ardrick","4628","""Jugner Forest""","191","medium-long; instruction wording; wiki markup","Notes: Provides players with assistance with Voidwatch operations or item issuance. *Ask a bunch of questions *Purchase Phase Displacers for 20,000 gil, which can be used to obtain {{KeyItem"
"Chigoe (NPC)","5445","""Special Event"", ""Varies""","191","medium-long","Notes: * Several are released by Choh Moui when her other two pets, Azo & Vahi, are defeated in battle. They will not disappear if she is defeated. *Also appeared in event: Blazing Buffaloes"
"Francmage","5318","""San d'Oria"", ""Various cutscenes""","191","medium-long","Involved in Quests: * Signed in Blood * Tea with a Tonberry? Involved in Missions: * San d'Oria Mission 4-1: Magicite * Bastok Mission 4-1: Magicite * Windurst Mission 4-1: Magicite"
"Inthius","2431","""Adoulin"", ""Eastern Adoulin""","191","medium-long; wiki markup","Notes: Checks weather for the following locations: :*Ceizak Battlegrounds :*Yahse Hunting Grounds :*Foret de Hennetiel :*Morimar Basalt Fields :*Yorcia Weald :*Marjami Ravine :*Kamihr Drifts"
"Vukki-Chebukki","4027","""Cutscene Only"", ""Outland""","191","medium-long","Involved in Quests: * The Search for Goldmane * One Good Deed? Involved in Missions: * Promathia Mission 5-3: Three Paths * Past Sins (Louverance Path) * Promathia Mission 8-4: Dawn"
"2nd Legion Grenadier","3244","""Bastok (S)"", ""Battle"", ""Rolanberry Fields (S)""","190","medium-long","Notes: * Appears in Campaign Battles at Rolanberry Fields, following Striking Bull. *""2nd Legion"" probably indicates they are the heavy infantry of Legatus Eichberg's 2nd Division/Legion."
"Jirokichi","1852","""Norg""","190","medium-long; instruction wording","Notes: Buys and sells weapons and ammo usable by martial arts jobs (Monk, Ninja, Samurai). *Open: 9:00 - 23:00 *Closed: Darksday *Must be a member of the Tenshodo to buy from this merchant."
"Omran","3956","""Cut scenes only"", ""Cutscene""","190","medium-long","Involved in Quests: * Hearts of Mythril * The Eleventh's Hour Involved in Missions: * San d'Oria Mission 4-1: Magicite * Bastok Mission 4-1: Magicite * Windurst Mission 4-1: Magicite"
"Amaura","654","""San d'Oria"", ""Southern San d'Oria""","189","medium-long","Starts Quests: * To Cure a Cough * Her Memories: Of Malign Maladies Involved in Quests: * The Medicine Woman * Her Memories: Old Bean Involved in Missions: * Daughter of a Knight"
"Mathilde","1566","""Selbina""","189","medium-long","Involved in Quests: * Riding on the Clouds Involved in Missions: * Promathia Mission 6-3: More Questions than Answers * Those Who Lurk in Shadows (III) * Remember Me in Your Dreams"
"Nbu Latteh","85","""Bastok Markets""","189","medium-long","Starts Quests: * Mom, the Adventurer? * The Signpost Marks the Spot Involved in Quests: * The Tenshodo Showdown Involved in Missions: * The Voracious Resurgence #2: The Brygid Cup"
"Noble Warrior","3397","""Battle"", ""Cirdas Caverns (U)"", ""Outland""","189","medium-long","Notes: * Assists the player in The Gates. *Uses Into the Light, 12 Blades of Remorse, Vehement Resolution, Camaraderie of the Crevasse, and Arduous Decision. *His true identity is Morimar."
"Tilala","1587","""Selbina""","189","medium-long","Notes: Despite being a male Tarutaru, his name conforms to female Tarutaru naming conventions. This may be a subtle nod to the preponderance of feminine tendencies in the fashion industry."
"Turumi-Byrumi","5250","""Removed from game"", ""Windurst""","189","medium-long","Notes: Provided information about Chocobo Racing and recruited adventurers for the CRA Bastok team. He was removed from the game on 9/9/2010, along with Monteverle, Galienne, and Salvador."
"Uran-Mafran","5756","""Windurst""","189","medium-long","Involved in Quests: * Trial by Fire * Trial by Ice * Trial by Wind * Trial by Earth * Trial by Lightning * Trial by Water * SMN AF1: The Puppet Master * SMN AF3: Carbuncle Debacle"
"Cait Sith Seachd","5558","""Walk of Echoes""","187","medium-long","Involved in Missions: * WOTG08: In the Name of the Father * WOTG09: Dancers in Distress * WOTG18: Traitor in the Midst * WOTG22: A Sanguinary Prelude * WOTG23: Dungeons and Dancers"
"Libran Caster","3394","""Battle"", ""Various"", ""Windurst (S)""","187","medium-long; wiki markup","Notes: :*Leader of the Libran Casters is Zolku-Azolku. :*Squadron appears in various locations either fortifying or in Campaign Battles. :*Buffs themselves with Protect IV and Shell III."
"Alexander (NPC)","4981","""Nyzul Isle""","186","medium-long","Involved in Quests: * Waking the Colossus * Divine Interference Involved in Missions: * Aht Urhgan Mission 44: Nashmeira's Plea * Aht Urhgan Mission 45: Ragnarok * Prime Number"
"Artinien","574","""Port San d'Oria"", ""San d'Oria""","185","medium-long","Notes: Dialogue: Hey! I may be a child, but I am the captain of the Royal Knights Youth Division! My troops...well, it's just me and my brother, but Orcs shiver at our name! It's true!"
"Atagei-Portagei","1068","""Windurst"", ""Windurst Woods""","185","medium-long","Notes: This NPC was a Smilebringer for Starlight Celebration 2004, Starlight Celebration 2005, Starlight Celebration 2006, Starlight Celebration 2007, Starlight Celebration 2008 event."
"Cait Sith Aon","5552","""Walk of Echoes""","185","medium-long","Involved in Missions: * WOTG08: In the Name of the Father * WOTG09: Dancers in Distress * WOTG15: Crossroads of Time * WOTG18: Traitor in the Midst * WOTG23: Dungeons and Dancers"
"Cait Sith Tri","5560","""Walk of Echoes""","185","medium-long","Involved in Missions: * WOTG08: In the Name of the Father * WOTG09: Dancers in Distress * WOTG15: Crossroads of Time * WOTG18: Traitor in the Midst * WOTG23: Dungeons and Dancers"
"Crimson Wolf Esquire","3332","""Batallia Downs (S)"", ""Battle"", ""San d'Oria (S)""","185","medium-long","Notes: * Elvaan Warriors lead by Mieuseloir B Enchelles in Campaign Battles in Batallia Downs (S) as well as Southern San d'Oria (S). **use Polearm Weapon Skills and have Double Attack"
"Zuah Lepahnyu","1294","""Jeuno"", ""Port Jeuno""","185","medium-long; wiki markup","Notes: * Will change your Title for a fee or can give you a random title for free. *For a full list of titles, which you can get with this NPC, see Titles. :*She resets Abyssea titles."
"Koyol-Futenol","2014","""Aht Urhgan Whitegate"", ""Al Zahbi""","184","medium-long","Notes: * Will change your Title for a fee or can give you a random title for free. * Xbox Achievement unlocker *For a full list of titles, which you can get with this NPC, see Titles."
"Leadavox","5055","""Outland"", ""Vunkerl Inlet (S)""","183","medium-long","Involved in Quests: * Better Part of Valor * Boy and the Beast (appears in cutscene) * Knot Quite There (appears in cutscene) * Beneath the Mask * Her Memories: Operation Cupid"
"Tressia","1736","""3rd floor in Tavnazian Safehold at"", ""Tavnazian Safehold""","182","medium-long","Involved in Quests: * In Search of the Truth * Petals for Parelbriaux Involved in Missions: * Promathia Mission 2-3: Distant Beliefs * Promathia Mission 2-4: An Eternal Melody"
"Alrauverat (A)","2781","""Abyssea"", ""Abyssea - Attohwa""","181","medium-long; instruction wording","Notes: * Used to get down from the Field Encampment (or the player can jump the ledge which is quicker). Simply talk to him, then he will teleport you below the ledge to Red Ghost."
"Anomaly Expert","2399","""Adoulin"", ""Eastern Adoulin""","181","medium-long","Notes: While the Anomaly Expert will synthesize entry key items, she will only do it based upon the Naakual Crests you possess. Please see the entry items (below) for more details."
"Maryse","5187","""Patrols set route in Northern San d'Oria (E-5 >"", ""San d'Oria""","180","medium-long","Notes: One of The Dark Lilies of the Harvest Festival event held each October since 2004. Follow Maryse without being seen to receive, from the Exorcist, a Witch Hat or Coven Hat."
"Nudara (S)","2571","""Bastok (S)"", ""Bastok Markets (S)""","180","medium-long","Notes: * This NPC appears in the present and can be found at Nudara ""Things sure have taken a turn for the worse around here as of late. That's why everyone is closing up shop."""
"Ohbiru-Dohbiru","5706","""Windurst"", ""Windurst Waters map = South|J-9, in the Rhinostery""","180","medium-long","Starts Quests: * Water Way to Go * Toraimarai Turmoil Involved in Quests: * Food for Thought * Say It with Flowers Involved in Missions: * The Road Forks: The Road Forks"
"Teodor","3136","""Adoulin"", ""Cutscenes only""","180","medium-long","Involved in Quests: * Flavors of Our Lives Involved in Missions: * Budding Prospects * The Smallest of Favors * The Man in Black * To the Victor... * The Order's Treasures"
"Estiliphire","693","""Southern San d'Oria"", ""Special Event""","178","instruction wording","Notes: Allows you play a spot the difference mini-game. You must have the blue swimsuits from the main event to participate in hard mode (for chance to earn a Red Prize Balloon."
"Klaas","335","""Port Bastok"", ""Special Event""","174","instruction wording","Notes: Allows you play a shooting range mini-game. You must have the blue swimsuits from the main event to participate in hard mode (for chance to earn a Blue Prize Balloon."
"Ropchop","4396","""Ghelsba Outpost"", ""Outland""","172","instruction wording","Notes: * Inside the Hut battlefield. *Talking to him during a BC, allows the option to run away, for 100 gil. *Talking to him from outside the Burning Circle does nothing."
"Tsih Kolgimih","2076","""Aht Urhgan Whitegate"", ""Al Zahbi""","172","instruction wording","Notes: This NPC will let you watch cut-scenes that you have seen in Aht Urhgan Whitegate in the past, for 10 gil.Unlike most Melody Minstrels, she wears a Yigit Armor Set."
"Mololo","1637","""Mhaura""","171","instruction wording","Notes: : Open always. :No longer shares stock with Kamilah. :Stock is the same selection as Lucretia and Vicious Eye offers. :Never runs out of stock. :Prices are static."
"Bwi Kaghonsa","1074","""Windurst"", ""Windurst Woods""","170","wiki markup","Notes: This NPC will: :*Explain the basics and rules for The Chocobo Hot and Cold Game. :*Hand-out Tandjana Wildgrass for the The Chocobo Hot and Cold Game once per day."
"Fouvia","1841","""Norg""","170","instruction wording","Notes: Speaking with her with your main job set as Dragoon you get the option to change your Wyvern's name for 9800 gil. For a complete list of names see Dragoon Wyvern."
"Hani","3953","""Cut scenes only"", ""Cutscene""","170","wiki markup","Involved in Quests: * | Involved in Missions: * Bastok Character Creation in Bastok Mines * Bastok Mission 3-1: The Four Musketeers * Bastok Mission 7-2: On My Way"
"Mariadok","168","""Bastok Mines""","170","wiki markup","Notes: Checks weather for the following locations: :*Pashhow Marshlands :*Valkurm Dunes :*Gustaberg :*Konschtat Highlands :*Eastern Altepa Desert :*Western Altepa Desert"
"Crocodile Mercenary","3378","""Battle"", ""Sauromugue Champaign (S)"", ""Windurst (S)""","168","wiki markup","Notes: :*Appears during Campaign Battles as part of the Crocodile Mercenary squadron, led by Vhino Delkahngo. :*This squadron is only deployed to Sauromugue Champaign."
"Allied Mantelet","3364","""Battle"", ""Varies""","167","wiki markup","Notes: * Constructed in Allied Forces-controlled areas by their respective engineer units (4th Legionnaires, Gold Badger Esquires, and Piscean Casters).{{verification"
"Diaphanous Transposer","4660","""Kamihr Drifts""","167","wiki markup","Notes: * Grants entry to the Sortie battlefield in Outer Ra'Kaznar (U). *Approaching it after 20 hours have elapsed since your last Sortie will convert your {{KeyItem"
"Fo Mocorho","320","""Port Bastok""","166","wiki markup","Notes: Checks weather for the following locations: :*Valkurm Dunes :*Gustaberg :*Konschtat Highlands :*Pashhow Marshlands :*Rabao :*Eastern and Western Altepa Desert"
"Shiftrix","5226","""Reisenjima""","165","instruction wording","Notes: Sells Various Items and Key Items for Escha Silt. See Geas Fete for more details.You must talk with him at least once before you can augment armor via Oseem."
"Cougar Volunteer","3377","""Battle"", ""Meriphataud Mountains (S)"", ""Windurst (S)""","164","wiki markup","Notes: :*Appears during Campaign Battles as part of the Cougar Volunteer squadron, led by Mikhe Aryohcha :*This squadron is deployed only to Meriphataud Mountains."
"Teerth","112","""Bastok Markets""","164","instruction wording","Notes: * Open: Always *No longer closed Iceday. *No longer shares stock with Visala. Stock is the same selection as Celestina offers. *Prices and stock are static."
"Chichiroon","2240","""Nashmau""","162","instruction wording","Notes: * Is located just north of Jajaroon in Nashmau. * Corsairs looking to collect the other dice should seek out Jajaroon in Nashmau and Chayaya in Al Zahbi."
"Zebada","5113","""Outland"", ""Uleguerand Range""","162","instruction wording","Notes: Trade him Chamnaet Ice to receive the Zephyr Fan needed to enter the following ENM's: *Brothers *Follow the White Rabbit *Holy Cow *When Hell Freezes Over"
"Prillaure","2046","""Aht Urhgan Whitegate"", ""Al Zahbi""","160","instruction wording","Notes: This NPC will let you watch cut-scenes that you have seen in Aht Urhgan Whitegate in the past, for 10 gil. Dialog: :Which memory will you have recalled?"
"Eya Bhithroh","853","""Port Windurst"", ""Windurst""","159","wiki markup","Notes: Checks weather for the following locations: :* East Sarutabaruta :* West Sarutabaruta :* Tahrongi Canyon :* Buburimu Peninsula :* Meriphataud Mountains"
"Furan-Furin","5645","""Windurst"", ""Windurst Waters map = North|F-8""","159","wiki markup","Notes: Checks weather for the following locations: :* East Sarutabaruta :* West Sarutabaruta :* Tahrongi Canyon :* Buburimu Peninsula :* Meriphataud Mountains"
"Mushuhi-Metahi","1137","""Windurst"", ""Windurst Woods""","159","wiki markup","Notes: Checks weather for the following locations: :* East Sarutabaruta :* West Sarutabaruta :* Tahrongi Canyon :* Buburimu Peninsula :* Meriphataud Mountains"
"Collione","5122","""Outside the Chocobo stables in Southern San d'Oria"", ""San d'Oria""","158","wiki markup","Notes: :*Explains the basics and rules for The Chocobo Hot and Cold Game. :*Hands-out Tandjana Wildgrass for the The Chocobo Hot and Cold Game, once per day."
"Debadle-Levadle","2319","""Adoulin"", ""Western Adoulin""","158","wiki markup","Notes: * Will change your Title for a fee or can give you a random title for free. *For a full list of titles, which you can get with this NPC, see Titles. |"
"General Mihli","2140","""Al Zahbi"", ""Battle"", ""Besieged""","154","wiki markup","Notes: * She starts near the Hall of Binding in Flameserpent Square. *As long as she is present in Besieged, everybody will receive a Megalixir {{temp|nc"
"Svenja","3134","""Adoulin"", ""Cutscene"", ""Western Adoulin (Residence)""","152","wiki markup","Involved in Quests: * A Barrel of Laughs * Flowers for Svenja * Sick and Tired * Not-So-Clean Bill Involved in Missions: * *{{Information Needed"
"Blamor","3948","""Cut scenes only"", ""Cutscene""","151","wiki markup","Involved in Quests: * | Involved in Missions: * San d'Oria Mission 4-1: Magicite * Bastok Mission 4-1: Magicite * Windurst Mission 4-1: Magicite"
"Courisaille","3949","""Cut scenes only"", ""Cutscene"", ""San d'Oria""","151","wiki markup","Involved in Quests: * | Involved in Missions: * San d'Oria Mission 4-1: Magicite * Bastok Mission 4-1: Magicite * Windurst Mission 4-1: Magicite"
"Eunirange","3697","""Carpenters' Landing Barge"", ""Outland""","151","instruction wording","Notes: Located on the barge during the routes from North Landing to Central Landing, and from South Landing to Central Landing via the Emfea Waterway."
"General Gadalar","2139","""Al Zahbi"", ""Battle"", ""Besieged""","151","wiki markup","Notes: * He starts at the auction house in Springserpent Square. *As long as he is present in Besieged, everybody will receive a Fool's Drink{{temp|nc"
"Periduque","3957","""Cut scenes only"", ""Cutscene"", ""San d'Oria""","151","wiki markup","Involved in Quests: * | Involved in Missions: * San d'Oria Mission 4-1: Magicite * Bastok Mission 4-1: Magicite * Windurst Mission 4-1: Magicite"
"Vicious Eye","275","""Metalworks""","147","instruction wording","Notes: :Open: always :No longer closed Watersday. :No longer shares stock with Amulya. :Stock is the same selection as Lucretia and Mololo offers."
"Khaf Jhifanm","2012","""Aht Urhgan Whitegate"", ""Al Zahbi""","146","instruction wording","Notes: You must pay Tazhaal 100g to gain entry to Port Al Zahbi (ship to Mhaura)to reach Khaf Jhifanm, She is in front of boxes to the far right."
"Pherchabalet","911","""Port Windurst"", ""Windurst""","145","instruction wording","Notes: * Form a party of two and speak with him to have your fortune told for 120 gil. *Rewards can be received for good fortune (see talk page)"
"Kemha Flasehp","2011","""Aht Urhgan Whitegate"", ""Al Zahbi""","144","wiki markup","Notes: This NPC will: :*Provide Fishing Synth. Image Support for free. :*Provide Fishing Adv. Synth. Image Support for 1 Imperial Bronze Piece."
"Red Ghost (A)","2955","""Abyssea"", ""Abyssea - Attohwa""","142","instruction wording","Notes: * Used to get to the Field Encampment for the first time. Simply talk to him, then he will teleport you above the ledge to Alrauverat."
"Atma Infusionist","3022","""Abyssea - Altepa *Abyssea - Attohwa *Abyssea - Empyreal Paradox *Abyssea - Grauberg *Abyssea - La Theine *Abyssea - Konschtat *Abyssea - Misareaux *Abyssea - Tahrongi *Abyssea - Uleguerand *Abyssea - Vunkerl"", ""Abyssea""","141","instruction wording","Notes: * With at least one Lunar Abyssite in your possession, speak to an Atma Infusionist to have an Atma (Status Effect) effect activated."
"General Zazarg","2143","""Al Zahbi"", ""Battle"", ""Besieged.""","141","wiki markup","Notes: * He starts in Chocobo Alley atop the square. *As long as he is present in Besieged, everybody will receive a Giant's Drink {{temp|nc"
"Findaflok","5290","""Ruhotz Silvermines""","138","instruction wording","Notes: Goblin NPC that must be rescued in Moblin Maze Mongers Maze Voucher 05. Will cast PLD spells and uses Invincible when HP gets low."
"Lucretia","499","""Northern San d'Oria"", ""San d'Oria""","137","instruction wording","Notes: No longer closed on Watersday.No longer shares stock with Doggomehr.Stock is the same selection as Vicious Eye and Mololo offers."
"Mayuyu","4585","""Jeuno"", ""Rolanberry Fields""","136","instruction wording","Notes: * Trades a Legion Pass for a Legion tome page: minimus or Legion tome page: maximus. *Trades a legion medal for a legion trophy."
"Cantonment","3371","""Battle"", ""Yorcia Weald (U)""","132","instruction wording","Notes: * Must be protected in Yorcia Weald (U) Skirmishes. *Enemies head straight to the cantonment, rather than attacking players."
"Crabauble","2499","""Mog Garden"", ""Outland""","132","wiki markup","Notes: * A blue Crabauble lives in Mog Garden by default. *A red Crabauble comes to Mog Garden after the player obtains a {{KeyItem"
"General Najelith","2141","""Al Zahbi"", ""Battle"", ""Besieged""","132","wiki markup","Notes: * She starts atop Galeserpent Square. *As long as she is present in Besieged, everybody will receive a Revitalizer {{temp|nc"
"Ilita","328","""Port Bastok""","132","instruction wording; wiki markup","Notes: Store Holiday: Darksday Shop Hours: 12:00-20:00 Sells: *Linkshell 6000 gil *Pendant Compass 375 gil | historicalbackground ="
"Shelu-Mapelu","2277","""Nashmau""","132","instruction wording","Notes: Grants adventurers rewards in exchange for chunks of Guimauve Meat. *Gives Adamantite Armor in exchange for the first trade."
"General Rughadjeen","2142","""Al Zahbi"", ""Battle"", ""Besieged""","129","wiki markup","Notes: * He starts in Ulthalam Parade. *As long as he is present in Besieged, everybody will receive a Fanatic's Drink {{temp|nc"
"Gizel","703","""San d'Oria"", ""Southern San d'Oria""","128","instruction wording","Notes: This NPC will let you watch cut-scenes that you have seen in Southern San d'Oria in the past, for a small fee of 10 gil."
"Melledanne","728","""San d'Oria"", ""Southern San d'Oria""","128","instruction wording","Notes: This NPC will let you watch cut-scenes that you have seen in Southern San d'Oria in the past, for a small fee of 10 gil."
"Ghemp","223","""Metalworks""","127","instruction wording; wiki markup","Notes: :*Signs you up for the Smithing Guild :*Accepts the items you need to turn in, to go up in rank for the Smithing Guild."
"Resistance Sergeant","2960","""Abyssea"", ""Abyssea - Attohwa""","127","instruction wording","Notes: * Provides players with information about the resistance outpost status and the likelihood of Abyssean horde invasions."
"Zopago","200","""Bastok Mines""","126","instruction wording","Notes: A member of the Vana'diel Chocobo Society. This Galka will help you raise your own Chocobo if you trade an egg to him."
"Vuliaie","1890","""Norg""","120","instruction wording","Notes: * Open: 9:00 - 23:00 *No longer closed on Darksday. *Must be a member of the Tenshodo to buy from this merchant."
"Amaja-Kumaja","1902","""Rabao""","119","wiki markup","Notes: Checks weather for the following locations: :*Valkurm Dunes :*Cape Teriggan :*Eastern and Western Altepa Desert"
"Pulonono","1157","""Windurst"", ""Windurst Woods""","119","instruction wording","Notes: A member of the Vana'diel Chocobo Society. She will help you raise your own Chocobo if you trade an egg to her."
"Chaloutte","396","""Chateau d'Oraguille"", ""San d'Oria""","118","instruction wording","Notes: This NPC will let you watch cut-scenes that you have seen in Chateau d'Oraguille in the past, for a small fee."
"Durogg","463","""Northern San d'Oria"", ""San d'Oria""","118","instruction wording","Notes: This NPC will let you watch cut-scenes that you have seen in Northern San d'Oria in the past, for a small fee."
"Jufaue","492","""Northern San d'Oria"", ""San d'Oria""","118","instruction wording","Notes: This NPC will let you watch cut-scenes that you have seen in Northern San d'Oria in the past, for a small fee."
"Achika","1825","""Norg""","117","instruction wording","Notes: * Open: 9:00 - 23:00 *No longer closed Darksday. *Must be a member of the Tenshodo to buy from this merchant."
"Capricornian Caster","3372","""Battle"", ""West Sarutabaruta (S)"", ""Windurst (S)""","117","wiki markup","Notes: :*Leader of the Capricornian Casters is Zonpa-Zippa. :*This squadron is only deployed to West Sarutabaruta. |"
"Latteaune","1701","""Tavnazian Safehold""","116","instruction wording","Notes: This NPC will let you watch cut-scenes that you have seen in the Tavnazian Safehold in the past, for 10 gil."
"Taulluque","269","""Metalworks""","116","instruction wording","Notes: This NPC will let you watch cut-scenes that you have seen in Bastok Metalworks in the past, for a small fee."
"Silver Owl","366","""Port Bastok""","115","instruction wording","Notes: * Open: 1:00 - 23:00 *No longer closed Iceday. *Must be a member of the Tenshodo to buy from this merchant."
"Archanne","1472","""Jeuno"", ""Ru'Lude Gardens""","114","instruction wording","Notes: This NPC will let you watch cut-scenes that you have seen in Ru'lude Gardens in the past, for a small fee."
"Dabbio","591","""Port San d'Oria"", ""San d'Oria""","114","instruction wording","Notes: This NPC will let you watch cut-scenes that you have seen in Port San d'Oria in the past, for a small fee."
"Dienger","5633","""Windurst"", ""Windurst Waters map = North|F-5""","114","instruction wording","Notes: This NPC will let you watch cut-scenes that you have seen in Windurst Waters in the past, for a small fee."
"Adrienaure","3045","""Adoulin"", ""Rala Waterways""","113","instruction wording","Notes: This NPC will let you watch cut-scenes that you have seen in Rala Waterways in the past, for a small fee."
"Bozack","1073","""Windurst"", ""Windurst Woods""","113","instruction wording","Notes: This NPC will let you watch cut-scenes that you have seen in Windurst Woods in the past, for a small fee."
"Juvillie","987","""Windurst"", ""Windurst Walls""","113","instruction wording","Notes: This NPC will let you watch cut-scenes that you have seen in Windurst Walls in the past, for a small fee."
"Lamepaue","76","""Bastok Markets""","113","instruction wording","Notes: This NPC will let you watch cut-scenes that you have seen in Bastok Markets in the past, for a small fee."
"Mashua","802","""Heavens Tower"", ""Windurst""","112","instruction wording","Notes: This NPC will let you watch cut-scenes that you have seen in Heavens Tower in the past, for a small fee."
"Sevah Kummekihn","1168","""Windurst"", ""Windurst Woods""","112","instruction wording","Notes: This NPC will let you watch cut-scenes that you have seen in Heavens Tower in the past, for a small fee."
"Tonule","944","""Port Windurst"", ""Windurst""","112","instruction wording","Notes: This NPC will let you watch cut-scenes that you have seen in Port Windurst in the past, for a small fee."
"Dehbi Moshal","2122","""Al Zahbi""","111","instruction wording","Notes: :Open: 6:00 - 21:00 :No longer closed on Firesday. :Refuses to sell items if Chayaya is taken prisoner."
"Gorvik","159","""Bastok Mines""","111","instruction wording","Notes: This NPC will let you watch cut-scenes that you have seen in Bastok Mines in the past, for a small fee."
"Jovial Rat","1695","""Sealion's Den"", ""Tavnazian Safehold""","111","instruction wording","Notes: This NPC will let you watch cut-scenes that you have seen in the Sealion's Den in the past, for 10 gil."
"Dalba","302","""Port Bastok""","110","instruction wording","Notes: This NPC will let you watch cut-scenes that you have seen in Port Bastok in the past, for a small fee."
"Geuhbe","1330","""Jeuno"", ""Lower Jeuno""","110","instruction wording","Notes: This NPC will let you watch cut-scenes that you have seen in Lower Jeuno in the past, for a small fee."
"Seer Soromai","811","""Heavens Tower""","110","instruction wording","Summit of the Stars: * Starts the Summit of the Stars unlock quest on a level 75 job. * Talk twice to begin."
"Dhima Polevhia","1969","""Aht Urhgan Whitegate"", ""Al Zahbi""","109","wiki markup","Notes: Used in Puppetmaster crafted artifact armor: :*Puppetry Babouches :*Puppetry Dastanas :*Puppetry Tobe"
"Dohhel","1231","""Jeuno"", ""Port Jeuno""","109","instruction wording","Notes: This NPC will let you watch cut-scenes that you have seen in Port Jeuno in the past, for a small fee."
"Givorj","224","""Metalworks""","109","instruction wording","Notes: This NPC will let you watch cut-scenes that you have seen in Metalworks in the past, for a small fee."
"Tinjue","1454","""Jeuno"", ""Upper Jeuno""","109","instruction wording","Notes: This NPC will let you watch cutscenes that you have seen in Upper Jeuno in the past, for a small fee."
"Ulzana","4044","""Cutscenes""","109","wiki markup","Starts Quests: * | involved in missions Involved in Quests: * A Chocobo's Tale * Hitting the Marquisate"
"Battal","1541","""Selbina""","108","instruction wording","Notes: * This NPC will let you watch cut-scenes that you have seen in Selbina in the past, for a small fee."
"Ariesian Caster","3368","""Battle"", ""Garlaige Citadel (S)"", ""Windurst (S)""","107","wiki markup","Notes: :*Leader of the Ariesian Casters is Lutete. :*This squadron is only deployed to Garlaige Citadel. |"
"Divainy-Gamainy","2323","""Adoulin"", ""Western Adoulin""","107","wiki markup","Notes: Transmutation: * Transforms NQ Skirmish Armors to their High Quality (+1) versions with a {{KeyItem"
"Gehuha","2244","""Nashmau""","106","instruction wording","Notes: This NPC will let you watch cut-scenes that you have seen in Nashmau in the past, for a small fee."
"Zungutt","1943","""Rabao""","106","instruction wording","Notes: * This NPC will let you watch cut-scenes that you have seen in Rabao in the past, for a small fee."
"Beyzen","1750","""Kazham""","105","instruction wording","Notes: This NPC will let you watch cut-scenes that you have seen in Kazham in the past, for a small fee."
"Mathele","1633","""Mhaura""","105","instruction wording","Notes: This NPC will let you watch cut-scenes that you have seen in Mhaura in the past, for a small fee."
"Twinkbrix","4994","""Oldton Movalpolos""","105","wiki markup","Notes: Gambling: Twinkbrix likes to gamble, and if you play and win, he will reward you with a {{KeyItem"
"Bernal","4085","""Davoi""","103","instruction wording","Notes: * Located on a platform only accessible through Monastic Cavern, just across from Sedal-Godjal."
"Colleraie","1834","""Norg""","103","instruction wording","Notes: This NPC will let you watch cut-scenes that you have seen in Norg in the past, for a small fee."
"Chaupire","453","""Northern San d'Oria"", ""San d'Oria""","99","instruction wording","Notes: :Open: 6:00 - 21:00 :No longer closed on Firesday. :No longer shares stock with Cauzeriste."
"Eggbert","17","""Southern San d'Oria"", ""Windurst Woods"", ""Bastok Mines""","99","instruction wording","Easter Event: * Crystal Warrior egg exchange NPC. * Trades eggs 3-to-1 outside nation Mog Houses."
"Amulya","206","""Metalworks""","98","instruction wording","Notes: :Open: 8:00 - 23:00 :No longer closed Watersday. :No longer shares stock with Vicious Eye."
"Gabbot","3952","""Cut scenes only"", ""Cutscene""","97","wiki markup","Involved in Quests: * | Involved in Missions: * Bastok Mission 6-1: Return of the Talekeeper"
"Povall","3958","""Cut scenes only"", ""Cutscene""","97","wiki markup","Involved in Quests: * | Involved in Missions: * Bastok Mission 6-1: Return of the Talekeeper"
"Erich","310","""Abyssea"", ""Port Bastok""","96","wiki markup","Notes: * Supplies players with additional Traverser Stones. His stock is shared with Joachim. |"
"Fabien","1484","""Abyssea"", ""Ru'Lude Gardens""","96","wiki markup","Notes: * Supplies players with additional Traverser Stones. His stock is shared with Joachim. |"
"Fabricius","854","""Abyssea"", ""Port Windurst""","96","wiki markup","Notes: * Supplies players with additional Traverser Stones. His stock is shared with Joachim. |"
"Gilburt","602","""Abyssea"", ""Port San d'Oria""","96","wiki markup","Notes: * Supplies players with additional Traverser Stones. His stock is shared with Joachim. |"
"Jerrett","2872","""Abyssea"", ""Heavens Tower - Near fountain""","96","wiki markup","Notes: * Supplies players with additional Traverser Stones. His stock is shared with Joachim. |"
"Kevan","2556","""Bastok (S)"", ""Bastok Markets (S)""","95","instruction wording","Notes: * Trade Sealed Containers to him to receive the corresponding key item for SCNM battle."
"Lurouillat","2637","""San d'Oria (S)"", ""Southern San d'Oria (S)""","95","instruction wording","Notes: * Trade Sealed Containers to her to receive the corresponding key item for SCNM battle."
"Pogigi","2714","""Windurst (S)"", ""Windurst Waters (S)""","95","instruction wording","Notes: * Trade Sealed Containers to her to receive the corresponding key item for SCNM battle."
"Wondrix","2085","""Aht Urhgan Whitegate"", ""Al Zahbi""","95","wiki markup","Notes: * Bountibox has moved from Bhaflau Thickets to Aht Urhgan Whitegate (F-11). {{GobbieBox"
"Shuvo","2728","""Special Event"", ""Windurst (S)"", ""Windurst Waters (S)""","94","wiki markup","Notes: * Shuvo only appears at ({{Location Tooltip|area=Windurst Waters (S)|map=North|pos=G-7"
"Tcinono","1811","""Kazham""","94","wiki markup","Notes: Checks weather for the following locations: :*Yuhtunga Jungle :*Yhoator Jungle :*Jeuno"
"Yabby Tanmikey","1658","""Mhaura""","94","instruction wording","Notes: * Open: 8:00 - 23:00 *No longer closed Iceday. *No longer shares stock with Celestina."
"Giddy Sleipnir","5449","""Special Event"", ""Xarcabard""","93","wiki markup","Notes: * Roams Xarcabard followed by Fablinix and Goblin Year-ringers. *{{Information Needed"
"Maymunah","169","""Bastok Mines""","92","instruction wording","Notes: :Open: 8:00 - 23:00 :No longer closed Lightsday. :No longer shares stock with Odoba."
"Cauzeriste","446","""Northern San d'Oria"", ""San d'Oria""","91","instruction wording","Notes: :Open: Always :No longer closed on Firesday. :No longer shares stock with Chaupire."
"Ceraulian","583","""Port San d'Oria"", ""San d'Oria""","91","instruction wording","Starts Quests: * Chasing Quotas Involved in Quests: * The Holy Crest * Knight Stalker"
"Syndella","1521","""Jeuno"", ""Ru'Lude Gardens""","91","instruction wording; wiki markup","Notes: Speak with her after completing the first Trust quest and after obtaining {{KeyItem"
"Visala","115","""Bastok Markets""","89","instruction wording","Notes: * Open: 8:00 - 23:00 *No longer closed Iceday *No longer shares stock with Teerth"
"Palson","3837","""Chocobo Circuit""","88","wiki markup","Notes: * Shop inventory changes based on the rank of one's chocobo team. {{verification"
"Reinwald","3843","""Chocobo Circuit""","88","wiki markup","Notes: * Shop inventory changes based on the rank of one's chocobo team. {{verification"
"Shixo","2663","""San d'Oria (S)"", ""Southern San d'Oria (S)"", ""Special Event""","88","wiki markup","Notes: * Shixo only appears at ({{Location Tooltip|area=Southern San d'Oria (S)|pos=F-9"
"Cehn Teyohngo","5006","""Open sea route to Al Zahbi"", ""Outland""","87","instruction wording","Notes: * Open: 1:00 - 23:00 *Similar to, but does not share stock with Pashi Maccaleh."
"Kagero","4235","""Far East""","87","wiki markup","Involved in Missions: * Several Rhapsodies of Vana'diel Missions{{Information Needed"
"Pulloie","537","""Northern San d'Oria"", ""San d'Oria""","87","instruction wording","Notes: * This NPC will give you a room in the Residential Area if you talk to him/her."
"Aznahf","3935","""Cut scenes"", ""Cutscene""","86","wiki markup","Involved in Quests: * Luck of the Draw * Equipped for All Occasions {{Verification"
"Mutihb","3939","""Cut scenes"", ""Cutscene""","86","wiki markup","Involved in Quests: * Luck of the Draw * Equipped for All Occasions {{Verification"
"Orsa-Porsa","3116","""Adoulin"", ""Morimar Basalt Fields""","86","instruction wording","Starts Quests: * Talk About Wrinkly Skin Involved in Quests: * Did You Feel That?"
"Pashi Maccaleh","5009","""Open sea route to Mhaura"", ""Outland""","86","instruction wording","Notes: * Open: 1:00 - 23:00 *Similar to, but does not share stock with Cehn Teyohngo."
"Apollyon Operator","3183","""Apollyon""","85","wiki markup","Notes: * Gives various explanations for the content flow within {{Cl|Limbus|Apollyon"
"Ohsi Shomahl","2044","""Aht Urhgan Whitegate"", ""Al Zahbi""","84","instruction wording","Notes: This NPC will let you change the background music while in the Kokba Hostel."
"Shenni","2585","""Bastok (S)"", ""Bastok Markets (S)"", ""Special Event""","84","wiki markup","Notes: * Shenni only appears at ({{Location Tooltip|area=Bastok Markets (S)|pos=F-9"
"Temenos Operator","5472","""Temenos""","84","wiki markup","Notes: * Gives various explanations for the content flow within {{Cl|Limbus|Temenos"
"Berangere","1963","""Aht Urhgan Whitegate"", ""Al Zahbi""","83","instruction wording","Notes: Trades completed astrarium from Nyzul Isle Uncharted Area Survey for armor."
"Sweepstox","1375","""Jeuno"", ""Lower Jeuno""","83","wiki markup","Notes: * Sweepstox has moved from Batallia Downs to Lower Jeuno (I-6). {{GobbieBox"
"Felisa","1613","""Mhaura""","82","instruction wording","Notes: * Ship bound for Mhaura or Open sea route to Al Zahbi rides costs 100 gil."
"Bountibox","134","""Bastok Mines""","81","wiki markup","Notes: * Bountibox has moved from Port Bastok to Bastok Mines (K-9). {{GobbieBox"
"Eideialc","4036","""Cutscenes"", ""San d'Oria""","80","wiki markup","Notes: An Adventurer encountered during various San d'Oria Missions. {{Spoiler3"
"Jidwahn","5049","""Outland"", ""Silver Sea route to Nashmau""","79","instruction wording","Notes: * Open: 1:00 - 23:00 *Similar to, but does not share stock with Yahliq."
"Othellius","2454","""Adoulin"", ""Cutscene"", ""Eastern Adoulin""","77","wiki markup","Involved in Quests: * A Barrel of Laughs * Flowers for Svenja{{Verification"
"Denvihr","304","""Port Bastok""","75","instruction wording","Notes: * Located on the airship dock accessible only with an Airship pass."
"Scavnix","5500","""Under the bridge in Windurst Walls at"", ""Windurst""","75","instruction wording","Notes: Need to go down a ramp at H-4 in order to find him under the bridge"
"Promurouve","1360","""Jeuno"", ""Lower Jeuno""","74","instruction wording","Notes: Located in the Chamber of Commerce, across from the Auction House."
"Luminous Coalescence","3395","""Battle"", ""Windurst (S)"", ""Windurst Waters (S), Garlaige Citadel (S)""","72","wiki markup","Notes: * Summoned by Lutete during Campaign Battles (up to 4 {{PAGENAME"
"Bhoyu Halpatacco","1752","""Kazham""","70","instruction wording","Notes: Outbound NPC to talk to for boarding the Kazham-Jeuno Airship."
"Jeanvirgaud","491","""Northern San d'Oria"", ""San d'Oria""","70","instruction wording","Notes: As of 7-12-2011 he is now located near the Mog House entrance."
"Apollyon Furnace","3180","""Apollyon""","69","instruction wording; wiki markup","Notes: * Accepts trades of pieces of {{Cl|Reforged Artifact Armor +3"
"Moblin Showman","4876","""Newton Movalpolos""","66","instruction wording","Notes: * Trade an Air Tank to this NPC to pop the Bugbear Matman."
"Temenos Furnace","5469","""Temenos""","66","instruction wording; wiki markup","Notes: * Accepts trades of pieces of {{Cl|Reforged Relic Armor +3"
"Abeaule","416","""Northern San d'Oria"", ""San d'Oria""","64","instruction wording","Starts Quests: * The Trader in the Forest * The Medicine Woman"
"Eauvague, T.K.","2621","""San d'Oria (S)"", ""Southern San d'Oria (S)""","59","instruction wording","Notes: * Speak to this NPC to exit into East Ronfaure (S)."
"The Keeper","3137","""Adoulin"", ""Cutscene"", ""Rala Waterways""","59","wiki markup","Involved in Missions: * For Whom Do We Toil?{{Verification"
"Ari-Barali","2400","""Adoulin"", ""Cutscene"", ""Eastern Adoulin""","55","wiki markup","Involved in Quests: * Flowers for Svenja{{Verification"
"Logan","2440","""Adoulin"", ""Cutscene"", ""Eastern Adoulin""","55","wiki markup","Involved in Quests: * Flowers for Svenja{{Verification"
"Puo Rhen","914","""Port Windurst"", ""Windurst""","54","wiki markup","Starts Missions: * Windurst Missions {{Verification"
"Kopopo","5676","""Windurst"", ""Windurst Waters map = North|E-8""","53","instruction wording","Notes: Open: 5:00 - 20:00.No longer closed Darksday."
"Shih Tayuun","1171","""Windurst"", ""Windurst Woods""","53","instruction wording","Notes: Open: 8:00 - 23:00.No longer closed Windsday."
"Adrian","2775","""Abyssea"", ""Chocobo Circuit""","52","wiki markup","Notes: * Supplies players with additional {{KeyItem"
"Incantrix","5235","""Reisenjima ?-? Ethereal Ingress #10""","51","wiki markup","Notes: * Grants players in possession of {{KeyItem"
"Phairet","5330","""San d'Oria"", ""West Ronfaure""","49","instruction wording","Involved in Quests: * The Trader in the Forest"
"Altana","3980","""Cutscene""","48","wiki markup","Involved in Missions: * *{{Information Needed"
"Ludwig (S)","2560","""Bastok (S)"", ""Bastok Markets (S)"", ""Battle""","47","wiki markup","Involved in Missions: * | involved in quests"
"Grennith","3082","""Adoulin"", ""Cutscene"", ""Eastern Adoulin (Residence)""","46","wiki markup","Involved in Missions: * *{{Information Needed"
"Ruspix","4709","""Leafallia""","36","wiki markup","Notes: * Grants players a {{KeyItem"
"Antiqix","3711","""Castle Oztroja"", ""Outland""","35","instruction wording; wiki markup","Notes: You must have the {{KeyItem"
"Shanene","3342","""Batallia Downs (S)"", ""Outland""","35","wiki markup","Involved in Quests: * *{{KeyItem"
"Rusese","1445","""Jeuno"", ""Upper Jeuno""","34","instruction wording","Notes: Located in M & P's Market."
"Haggleblix","3548","""Beadeaux"", ""Outland""","33","instruction wording; wiki markup","Notes: You must have a {{KeyItem"
"Lootblox","4088","""Davoi"", ""Outland""","33","instruction wording; wiki markup","Notes: You must have a {{KeyItem"
"Vrednev","5110","""Outland"", ""Sauromugue Champaign""","31","wiki markup","Notes: If you have a {{KeyItem"
"Jamal","1490","""Ru'Lude Gardens""","30","wiki markup","Starts Quests: * *{{KeyItem"
"Mep Nhapopoluko","3602","""Bibiki Bay"", ""Outland""","28","instruction wording","Notes: * Open: 1:00 - 18:00"
"Churano-Shurano","5625","""Windurst"", ""Windurst Waters map = North|F-8""","27","wiki markup","Notes: * Sells a {{KeyItem"
"Eppel-Treppel","2418","""Adoulin"", ""Eastern Adoulin""","27","instruction wording; wiki markup","Notes: Speak to {{PAGENAME"
"Drahbah","1971","""Aht Urhgan Whitegate"", ""Al Zahbi""","26","wiki markup","Notes: * Takes {{Gil Icon"
"Malobra","5202","""Ra'Kaznar Inner Court""","26","instruction wording; wiki markup","Notes: * Trades {{KeyItem"
"Meandering Leafkin","4705","""Leafallia""","25","wiki markup","Notes: * Many {{PAGENAME"
"Thirkell","2666","""San d'Oria (S)"", ""Southern San d'Oria (S)""","25","wiki markup","Notes: * Sells {{KeyItem"
"Goblin Year-ringer","5451","""Special Event"", ""Xarcabard""","24","wiki markup","Notes: * Two {{PAGENAME"
"Patient Snake","2456","""Adoulin"", ""Eastern Adoulin""","23","wiki markup","Notes: Sells {{KeyItem"
"Arbitrix","965","""Windurst"", ""Windurst Walls""","19","wiki markup","Notes: {{GobbieBox"
"Funtrox","1094","""Windurst"", ""Windurst Woods""","19","wiki markup","Notes: {{GobbieBox"
"Habitox","605","""Port San d'Oria"", ""San d'Oria""","19","wiki markup","Notes: {{GobbieBox"
"Mystrix","734","""San d'Oria"", ""Southern San d'Oria""","19","wiki markup","Notes: {{GobbieBox"
"Priztrix","1440","""Jeuno"", ""Upper Jeuno""","19","wiki markup","Notes: {{GobbieBox"
"Rewardox","2372","""Adoulin"", ""Western Adoulin""","19","wiki markup","Notes: {{GobbieBox"
"Specilox","107","""Bastok Markets""","19","wiki markup","Notes: {{GobbieBox"
"Winrix","2476","""Adoulin"", ""Eastern Adoulin""","19","wiki markup","Notes: {{GobbieBox"
