Missing from npc_icons.lua:
--------------------------------
16781329
16781330
16781331
16781332
16781333
16781335
16781336
16781337
16781338
16781339
16781340
16781341
16781342
16781343
16781344
16781345
16781346
16781347
16781348
16781349
16781350
16781351
16781352
16781353
16781354
16781355
16781356
16785727
16785728
16785729
16785730
16785731
16785732
16785733
16785734
16785735
16785736
16785737
16785738
16785740
16785741
16785742
16785743
16785744
16785745
16785746
16785747
16785748
16785749
16785750
16785751
16785752
16785753
16785754
16785755
16785756
16785757
16785758
16785759
16785760
16785761
16785762
16785763
16785764
16785765
16785766
16785767
16785768
16785769
16785770
16785771
16785772
16785773
16785774
16785775
16785776
16785777
16785778
16785779
16785780
16785781
16785782
16785783
16785784
16785785
16785786
16785787
16785788
16785789
16789519
16789520
16789521
16789522
16789523
16789525
16789526
16789527
16789528
16789529
16789530
16789531
16789532
16789533
16789534
16789535
16789536
16789537
16789538
16789539
16789540
16789541
16789542
16789543
16793968
16793969
16793970
16793971
16793972
16793973
16793975
16793976
16793977
16793978
16793979
16793980
16793981
16793982
16793983
16793984
16793985
16793986
16793987
16793988
16793989
16793990
16793991
16793992
16793993
16793994
16793995
16793996
16793997
16793998
16793999
16794000
16794001
16794002
16794003
16794004
16794005
16794006
16794007
16794008
16794009
16794010
16794011
16794012
16794013
16794014
16794015
16794016
16794017
16794018
16794019
16794020
16794021
16794022
16794023
16794024
16794025
16794026
16794027
16794028
16794029
16794030
16794031
16794032
16794033
16794034
16794035
16794036
16794037
16794038
16794039
16794040
16794041
16794042
16794043
16794044
16794045
16794046
16794047
16794048
16794049
16794050
16794051
16794052
16794053
16794054
16794055
16798096
16798097
16798098
16798099
16798100
16798101
16798102
16798103
16798105
16798106
16798107
16798108
16798109
16798110
16798111
16798112
16798113
16798114
16798115
16798116
16798117
16798118
16798119
16798120
16798121
16798122
16798123
16798124
16798125
16798126
16798127
16798128
16798129
16798130
16798131
16798132
16798133
16798134
16798135
16798136
16798137
16798138
16798139
16798140
16798141
16798142
16798143
16798144
16798145
16798146
16798147
16798148
16798149
16798150
16798151
16798152
16798153
16798154
16798155
16798156
16798157
16798158
16798159
16801802
16801809
16801816
16801817
16801824
16801825
16801832
16801833
16801840
16801843
16801846
16801849
16801851
16801853
16801855
16801856
16801862
16801863
16801869
16801870
16801876
16801877
16801878
16801879
16801881
16801882
16801883
16801884
16801885
16801886
16801887
16801888
16801889
16801890
16801891
16801892
16801893
16801894
16801895
16801896
16801897
16801898
16801899
16801900
16801901
16801902
16801903
16801904
16801905
16801906
16801907
16801908
16801909
16801910
16801911
16801912
16801913
16801914
16801915
16801916
16801917
16801918
16801919
16801920
16801921
16801922
16801923
16801924
16801925
16801926
16801927
16801928
16801929
16801930
16806289
16806290
16806291
16806292
16806293
16806294
16806295
16806296
16806297
16806298
16806299
16806301
16806302
16806303
16806304
16806305
16806306
16806307
16806308
16806309
16806310
16806311
16806312
16806313
16806314
16806315
16806316
16806317
16806318
16806319
16806320
16806321
16806322
16806323
16806324
16806325
16806326
16806327
16806328
16806329
16806330
16806331
16806332
16806333
16806334
16806335
16806336
16806337
16806338
16806339
16806340
16806341
16806342
16806343
16806344
16806345
16806346
16806347
16806348
16806349
16806350
16806351
16806352
16806353
16806354
16806355
16806356
16806357
16806358
16806359
16806360
16806361
16806362
16806363
16806364
16806365
16806366
16806367
16806368
16806369
16806370
16806371
16806372
16806373
16806374
16806375
16806376
16806377
16806378
16806379
16806380
16806381
16806382
16806383
16806384
16806385
16806386
16806387
16806388
16806389
16806390
16806391
16806392
16806393
16806394
16810000
16810005
16810006
16810011
16810012
16810017
16810019
16810021
16810023
16810032
16810041
16810050
16810061
16810072
16810083
16810089
16810095
16810101
16810107
16810113
16810119
16810195
16810196
16810197
16810199
16810200
16810201
16810202
16810203
16810204
16810205
16810206
16810207
16810208
16810209
16810210
16810211
16810212
16810213
16810214
16810215
16810216
16810217
16810218
16810219
16810220
16810221
16810222
16810223
16810224
16810225
16810226
16810227
16810228
16810229
16810230
16810231
16810232
16814433
16814434
16814435
16814436
16814437
16814439
16814440
16814441
16814442
16814443
16814444
16814445
16814446
16814447
16814448
16814449
16814450
16814451
16814452
16814453
16814454
16814455
16814456
16814457
16814458
16814459
16814460
16814461
16814462
16814463
16814464
16814465
16814466
16814467
16814468
16814469
16814470
16814471
16814472
16814473
16814474
16814475
16814476
16814477
16814478
16814479
16814480
16814481
16814482
16814483
16814484
16814485
16814486
16814487
16814488
16814489
16814490
16814491
16814492
16814493
16814494
16814495
16814496
16814497
16814498
16814499
16814500
16814501
16814502
16814503
16814504
16814505
16814506
16814507
16814508
16814509
16814510
16814511
16814512
16814513
16814514
16814515
16814516
16814517
16814518
16814519
16814520
16814521
16814522
16814523
16814524
16814525
16814526
16814527
16814528
16814529
16814530
16814531
16814532
16814533
16814534
16814535
16814536
16814537
16814538
16814539
16814540
16814541
16814542
16814543
16814544
16814545
16814546
16814547
16814548
16814549
16814550
16814551
16814552
16814553
16814554
16814555
16814556
16814557
16814558
16814559
16814560
16814561
16814562
16814563
16814564
16814565
16814566
16814567
16814568
16814569
16814570
16814571
16814572
16818199
16818201
16818203
16818240
16818241
16818242
16818243
16818245
16818246
16818247
16818248
16818249
16818250
16818251
16818252
16818253
16818254
16818255
16818256
16818257
16818258
16818259
16818260
16818261
16818262
16818263
16818264
16818265
16818266
16818267
16818268
16818269
16818270
16818271
16818272
16818273
16818274
16818275
16818276
16818277
16818278
16818279
16818280
16818281
16818282
16818283
16818284
16818285
16818286
16818287
16818288
16818289
16818290
16818291
16818292
16818293
16818294
16818295
16818296
16818297
16818298
16818299
16818300
16818301
16818302
16818303
16818304
16818305
16822467
16822468
16822469
16822470
16822471
16822472
16822474
16822475
16822476
16822477
16822478
16822479
16822480
16822481
16822482
16822483
16822484
16822485
16822486
16822487
16822488
16822489
16822490
16822491
16822492
16822493
16822494
16822495
16822496
16822497
16822498
16822499
16822500
16822501
16822502
16822503
16822504
16822505
16822506
16822507
16822508
16822509
16822510
16822511
16822512
16822513
16822514
16822515
16822516
16822517
16822518
16822519
16822520
16822521
16822522
16822523
16822524
16822525
16822526
16822527
16822528
16822529
16822530
16822531
16822532
16822533
16822534
16822535
16822536
16822537
16822538
16822539
16822540
16822541
16822542
16822543
16822544
16822545
16822546
16822547
16822548
16822549
16822550
16822551
16822552
16822553
16822554
16822555
16822556
16822557
16822558
16826572
16826573
16826574
16826575
16826576
16826577
16826578
16826580
16826581
16826582
16826583
16826584
16826585
16826586
16826587
16826588
16826589
16826590
16826591
16826592
16826593
16826594
16826595
16826596
16826597
16826598
16826599
16826600
16826601
16826602
16826603
16826604
16826605
16826606
16826607
16826608
16826609
16826610
16826611
16826612
16826613
16826614
16826615
16826616
16826617
16826618
16826619
16826620
16826621
16826622
16826623
16826624
16826625
16826626
16826627
16826628
16826629
16826630
16826631
16826632
16826633
16826634
16826635
16830502
16830504
16830506
16830508
16830515
16830522
16830528
16830534
16830540
16830555
16830566
16830577
16830594
16830595
16830596
16830598
16830599
16830600
16830601
16830602
16830603
16830604
16830605
16830606
16830607
16830608
16830609
16830610
16830611
16830612
16830613
16830614
16830615
16830616
16830617
16830618
16830619
16830620
16830621
16830622
16830623
16830624
16830625
16830626
16830627
16830628
16830629
16830630
16830631
16830632
16830633
16830634
16830635
16830636
16830637
16830638
16830639
16830640
16830641
16830642
16830643
16830644
16830645
16830646
16830647
16830648
16830649
16830650
16830651
16830652
16830653
16830654
16830655
16830656
16830657
16830658
16830659
16830660
16830661
16830662
16830663
16830664
16830665
16830666
16830667
16830668
16830669
16830670
16830671
16830672
16830673
16830674
16830675
16830676
16830677
16830678
16830679
16830680
16830681
16830682
16830683
16834562
16834563
16834564
16834565
16834566
16834567
16834568
16834569
16834570
16834571
16834572
16834573
16834574
16834575
16834576
16834577
16834578
16834579
16834580
16834581
16834582
16834583
16834584
16834585
16834586
16834587
16834588
16834589
16834590
16834591
16834592
16834593
16834594
16834595
16834596
16834597
16834598
16834599
16834600
16834601
16834602
16834603
16834604
16834605
16834606
16834607
16834608
16834609
16834610
16834611
16839075
16839076
16839077
16839078
16839079
16839080
16839081
16839082
16839083
16839084
16839085
16839086
16839087
16839088
16839089
16839090
16839091
16839092
16839093
16839094
16839095
16839096
16839097
16839098
16839099
16839100
16839101
16839102
16839104
16839105
16839106
16839107
16839108
16839109
16839110
16839111
16839112
16839113
16839114
16839115
16839116
16839117
16839118
16839119
16839120
16839121
16839122
16839123
16839124
16839125
16839126
16839127
16839128
16839129
16839130
16839131
16839132
16839133
16839134
16839135
16839136
16839137
16839138
16839139
16839140
16839141
16839142
16839143
16839144
16839145
16839146
16839147
16839148
16839149
16839150
16839151
16839152
16839153
16839154
16839155
16839156
16839157
16839158
16839159
16839160
16839161
16839162
16839163
16839164
16839165
16839166
16839167
16839168
16839169
16839170
16839171
16839172
16839173
16839174
16839175
16839176
16839177
16839178
16839179
16839180
16839181
16839182
16839183
16839184
16839185
16839186
16839187
16839188
16839189
16839190
16839191
16839192
16839193
16839194
16839195
16839196
16839197
16839198
16839199
16839200
16839201
16839202
16839203
16839204
16839205
16839206
16839207
16839208
16839209
16839210
16839211
16839212
16839213
16839214
16839215
16839216
16839217
16839218
16839219
16839220
16839221
16839222
16839223
16839224
16839225
16839226
16839227
16839228
16839229
16839230
16839231
16839232
16839233
16839234
16839235
16839236
16839237
16839238
16839239
16839240
16839241
16839242
16839243
16839244
16839245
16839246
16839247
16839248
16839249
16839250
16839251
16839252
16839253
16839254
16839255
16839256
16839257
16839258
16839259
16839260
16839261
16839262
16839263
16839264
16839265
16839266
16839267
16839268
16839269
16839270
16839271
16839272
16839273
16839274
16839275
16839276
16839277
16839278
16839279
16839280
16839281
16839282
16839283
16842780
16842840
16842847
16842854
16842861
16842887
16842896
16842905
16842939
16842948
16842957
16843044
16843045
16843046
16843047
16843048
16843050
16843051
16843052
16843053
16843054
16843055
16843056
16843057
16843058
16843059
16843060
16843061
16843062
16843063
16843064
16843065
16843066
16843067
16843068
16843069
16843070
16843071
16843072
16843073
16843074
16843075
16843076
16843077
16843078
16843079
16843080
16843081
16843082
16843083
16843084
16843085
16843086
16843087
16846856
16846861
16846866
16846933
16846934
16846935
16846937
16846938
16846939
16846940
16846941
16846942
16846943
16846944
16846945
16846946
16846947
16846948
16846949
16846950
16846951
16846952
16846953
16846954
16846955
16846956
16846957
16846958
16846959
16846960
16846961
16846962
16846963
16846964
16846965
16846966
16846967
16846968
16846969
16846970
16846971
16846972
16846973
16846974
16846975
16846976
16846977
16846978
16846979
16850971
16851025
16851032
16851039
16851046
16851072
16851081
16851090
16851151
16851160
16851169
16851268
16851269
16851270
16851271
16851272
16851274
16851275
16851276
16851277
16851278
16851279
16851280
16851281
16851282
16851283
16851284
16851285
16851286
16851287
16851288
16851289
16851290
16851291
16851292
16851293
16851294
16851295
16851296
16851297
16851298
16851299
16851300
16851301
16851302
16851303
16851304
16851305
16851306
16851307
16851308
16851309
16851310
16851311
16855061
16855067
16855073
16855140
16855141
16855142
16855144
16855145
16855146
16855147
16855148
16855149
16855150
16855151
16855152
16855153
16855154
16855155
16855156
16855157
16855158
16855159
16855160
16855161
16855162
16855163
16855164
16855165
16855166
16855167
16855168
16855169
16855170
16855171
16855172
16855173
16855174
16855175
16855176
16855177
16855178
16855179
16855180
16855181
16855182
16855183
16855184
16855185
16855186
16859154
16859204
16859211
16859218
16859225
16859295
16859304
16859313
16859375
16859384
16859393
16859473
16859474
16859475
16859476
16859477
16859479
16859480
16859481
16859482
16859483
16859484
16859485
16859486
16859487
16859488
16859489
16859490
16859491
16859492
16859493
16859494
16859495
16859496
16859497
16859498
16859499
16859500
16859501
16859502
16859503
16859504
16859505
16859506
16859507
16859508
16859509
16859510
16859511
16859512
16859513
16859514
16859515
16859516
16863240
16863245
16863250
16863305
16863306
16863307
16863309
16863310
16863311
16863312
16863313
16863314
16863315
16863316
16863317
16863318
16863319
16863320
16863321
16863322
16863323
16863324
16863325
16863326
16863327
16863328
16863329
16863330
16863331
16863332
16863333
16863334
16863335
16863336
16863337
16863338
16863339
16863340
16863341
16863342
16863343
16863344
16863345
16863346
16863347
16863348
16863349
16863350
16863351
16867386
16867391
16867438
16867445
16867503
16867510
16867517
16867524
16867600
16867609
16867618
16867705
16867706
16867707
16867708
16867709
16867710
16867711
16867712
16867714
16867715
16867716
16867717
16867718
16867719
16867720
16867721
16867722
16867723
16867724
16867725
16867726
16867727
16867728
16867729
16867730
16867731
16867732
16867733
16867734
16867735
16867736
16867737
16867738
16867739
16867740
16867741
16867742
16867743
16867744
16867745
16867746
16867747
16867748
16867749
16867750
16867751
16867752
16867753
16867754
16867755
16867756
16867757
16867758
16867759
16867760
16867761
16867762
16867763
16867764
16871455
16871465
16871475
16871572
16871573
16871574
16871576
16871577
16871578
16871579
16871580
16871581
16871582
16871583
16871584
16871585
16871586
16871587
16871588
16871589
16871590
16871591
16871592
16871593
16871594
16871595
16871596
16871597
16871598
16871599
16871600
16871601
16871602
16871603
16871604
16871605
16871606
16871607
16871608
16871609
16871610
16871611
16871612
16871613
16871614
16871615
16871616
16871617
16875822
16875823
16875824
16875825
16875826
16875827
16875828
16875829
16875830
16875831
16875832
16875833
16875834
16875835
16875836
16875838
16875839
16875840
16875841
16875842
16875843
16875844
16875845
16875846
16875847
16875848
16875849
16875850
16875851
16875852
16875853
16875854
16875855
16875856
16875857
16875858
16875859
16875860
16875861
16875862
16875863
16875864
16875865
16875866
16875867
16875868
16875869
16875870
16875871
16875872
16875873
16875874
16875875
16875876
16875877
16875878
16875879
16875880
16875881
16875882
16875883
16875884
16875885
16875886
16875887
16875888
16875889
16875890
16875891
16875892
16875893
16875894
16875895
16875896
16875897
16875898
16875899
16875900
16875901
16875902
16875903
16875904
16875905
16875906
16875907
16875908
16875909
16875910
16875911
16875912
16875913
16875914
16875915
16875916
16875917
16875918
16875919
16875920
16875921
16875922
16875923
16875924
16879916
16879917
16879918
16879919
16879920
16879921
16879922
16879923
16879924
16879925
16879926
16879927
16879929
16879930
16879931
16879932
16879933
16879934
16879935
16879936
16879937
16879938
16879939
16879940
16879941
16879942
16879943
16879944
16879945
16879946
16879947
16879948
16879949
16879950
16879951
16879952
16879953
16879954
16879955
16879956
16879957
16879958
16879959
16879960
16879961
16879962
16879963
16879964
16879965
16879966
16879967
16879968
16879969
16879970
16879971
16879972
16879973
16879974
16879975
16879976
16879977
16879978
16879979
16879980
16879981
16879982
16879983
16879984
16879985
16879986
16879987
16879988
16879989
16879990
16879991
16879992
16879993
16879994
16879995
16879996
16879997
16879998
16879999
16880000
16880001
16880002
16880003
16880004
16880005
16880006
16880007
16880008
16880009
16880010
16880011
16880012
16880013
16880014
16880015
16883713
16883714
16883715
16883716
16883717
16883718
16883719
16883720
16883721
16883722
16883723
16883724
16883725
16883726
16883727
16883728
16883729
16883730
16883731
16883732
16883733
16883734
16883735
16883736
16883737
16883738
16883739
16883740
16883741
16883742
16883743
16883744
16883745
16883746
16883747
16883748
16883749
16883750
16883751
16883752
16883753
16883754
16883755
16883756
16883757
16883758
16883759
16883760
16883761
16883762
16883763
16883764
16883765
16883766
16883767
16883768
16883769
16883770
16883771
16883772
16883773
16883774
16883775
16883776
16883777
16883778
16883779
16883780
16883781
16883782
16883783
16883784
16883785
16883786
16883787
16883788
16883789
16883790
16883791
16883792
16883793
16883794
16883795
16883796
16883797
16883798
16883799
16883800
16883801
16883802
16883803
16883804
16883805
16883806
16883807
16883808
16883809
16883810
16883811
16883812
16883813
16883814
16883815
16883816
16883817
16883818
16883819
16883820
16883821
16883822
16883823
16883824
16883825
16883826
16883827
16883828
16883829
16883830
16883831
16883832
16883833
16883834
16883835
16883836
16883837
16883838
16883839
16883840
16883841
16883842
16883843
16883844
16883845
16883846
16883847
16883848
16883849
16883850
16883851
16883852
16883853
16883854
16883855
16883856
16883857
16883858
16883859
16883860
16883861
16883862
16883863
16883864
16883865
16883866
16883867
16883868
16883869
16883870
16883871
16883872
16883873
16883874
16883875
16883876
16883877
16883878
16883879
16883880
16883881
16883882
16883883
16883884
16883885
16883886
16883887
16883888
16883889
16883890
16883891
16883892
16883893
16883894
16883895
16883896
16883897
16888033
16888034
16888035
16888036
16888038
16888039
16888040
16888041
16888042
16888043
16888044
16888045
16888046
16888047
16888048
16888049
16888050
16888051
16888052
16888053
16888054
16888055
16888056
16888057
16888058
16888059
16888060
16888061
16888062
16888063
16888064
16888065
16888066
16888067
16888068
16888069
16888070
16888071
16888072
16888073
16888074
16888075
16888076
16888077
16888078
16888079
16888080
16888081
16888082
16888083
16888084
16888085
16888086
16888087
16888088
16888089
16888090
16888091
16888092
16888093
16888094
16888095
16888096
16888097
16888098
16888099
16888100
16888101
16888102
16888103
16888104
16888105
16888106
16888107
16888108
16888109
16888110
16888111
16888112
16888113
16888114
16888115
16888116
16888117
16888118
16888119
16888120
16888121
16888122
16888123
16888124
16888125
16888126
16888127
16892096
16892097
16892098
16892099
16892100
16892101
16892102
16892103
16892104
16892106
16892107
16892108
16892109
16892110
16892111
16892112
16892113
16892114
16892115
16892116
16892117
16892118
16892119
16892120
16892121
16892122
16892123
16892124
16892125
16892126
16892127
16892128
16892129
16892130
16892131
16892132
16892133
16892134
16892135
16892136
16892137
16892138
16892139
16892140
16892141
16892142
16892143
16892144
16892145
16892146
16892147
16892148
16892149
16892150
16892151
16892152
16892153
16892154
16892155
16892156
16892157
16892158
16892159
16892160
16892161
16892162
16892163
16892164
16892165
16892166
16892167
16892168
16892169
16892170
16892171
16892172
16892173
16892174
16892175
16892176
16892177
16892178
16892179
16892180
16892181
16892182
16892183
16892184
16892185
16892186
16896174
16896175
16896176
16896177
16896178
16896180
16896181
16896182
16896183
16896184
16896185
16896186
16896187
16896188
16896189
16896190
16896191
16896192
16896193
16896194
16896195
16896196
16896197
16896198
16896199
16896200
16896201
16896202
16896203
16896204
16896205
16896206
16896207
16896208
16896209
16896210
16896211
16896212
16896213
16896214
16896215
16896216
16896217
16896218
16896219
16896220
16896221
16896222
16896223
16896224
16896225
16896226
16896227
16896228
16896229
16896230
16896231
16896232
16896233
16896234
16896235
16896236
16896237
16896238
16896239
16896240
16896241
16896242
16896243
16896244
16896245
16896246
16896247
16896248
16896249
16896250
16896251
16896252
16896253
16896254
16896255
16896256
16896257
16896258
16900321
16900322
16900323
16900324
16900325
16900326
16900327
16900328
16900329
16900331
16900332
16900333
16900334
16900335
16900336
16900337
16900338
16900339
16900340
16900341
16900342
16900343
16900344
16900345
16900346
16900347
16900348
16900349
16900350
16900351
16900352
16900353
16900354
16900355
16900356
16900357
16900358
16900359
16900360
16900361
16900362
16900363
16900364
16900365
16900366
16900367
16900368
16900369
16900370
16900371
16900372
16900373
16900374
16900375
16900376
16900377
16900378
16900379
16900380
16900381
16900382
16900383
16900384
16900385
16900386
16900387
16900388
16900389
16900390
16900391
16900392
16900393
16900394
16900395
16900396
16900397
16900398
16900399
16900400
16900401
16900402
16900403
16900404
16900405
16900406
16900407
16904206
16904208
16904210
16904212
16904214
16904216
16904219
16904222
16904225
16904227
16904229
16904231
16904267
16904273
16904279
16904325
16904326
16904327
16904329
16904330
16904331
16904332
16904333
16904334
16904335
16904336
16904337
16904338
16904339
16904340
16904341
16904342
16904343
16904344
16904345
16904346
16904347
16904348
16904349
16904350
16904351
16904352
16904353
16904354
16904355
16904356
16904357
16904358
16904359
16904360
16904361
16904362
16904363
16904364
16904365
16904366
16904367
16904368
16904369
16904370
16904371
16904372
16904373
16904374
16904375
16904376
16904377
16904378
16904379
16904380
16904381
16904382
16904383
16904384
16904385
16904386
16904387
16904388
16904389
16904390
16904391
16904392
16904393
16908412
16908413
16908414
16908415
16908417
16908418
16908419
16908420
16908421
16908422
16908423
16908424
16908425
16908426
16908427
16908428
16908429
16908430
16908431
16908432
16908433
16908434
16908435
16908436
16908437
16908438
16908439
16908440
16908441
16908442
16908443
16908444
16908445
16908446
16908447
16908448
16908449
16908450
16908451
16908452
16908453
16908454
16908455
16908456
16908457
16908458
16908459
16908460
16908461
16908462
16908463
16908464
16908465
16908466
16908467
16908468
16908469
16908470
16908471
16908472
16908473
16908474
16908475
16908476
16908477
16908478
16908479
16908480
16908481
16912883
16912884
16912885
16912886
16912887
16912888
16912889
16912890
16912891
16912892
16912893
16912895
16912896
16912897
16912898
16912899
16912900
16912901
16912902
16912903
16912904
16912905
16912906
16912907
16912908
16912909
16912910
16912911
16912912
16912913
16912914
16912915
16912916
16912917
16912918
16912919
16912920
16912921
16912922
16912923
16912924
16912925
16912926
16912927
16912928
16912929
16912930
16912931
16912932
16912933
16912934
16912935
16912936
16912937
16912938
16912939
16912940
16912941
16912942
16912943
16912944
16912945
16912946
16912947
16912948
16912949
16912950
16912951
16912952
16912953
16912954
16912955
16912956
16912957
16912958
16912959
16912960
16912961
16912962
16912963
16912964
16912965
16912966
16912967
16912968
16912969
16912970
16912971
16912972
16912973
16912974
16912975
16912976
16912977
16912978
16912979
16912980
16912981
16912982
16912983
16912984
16912985
16912986
16912987
16912988
16912989
16912990
16912991
16912992
16912993
16912994
16912995
16912996
16912997
16912998
16912999
16913000
16913001
16916818
16916819
16916820
16916821
16916822
16916824
16916825
16916826
16916827
16916828
16916829
16916830
16916831
16916832
16916833
16916834
16916835
16916836
16916837
16916838
16916839
16916840
16916841
16916842
16916843
16916844
16916845
16916846
16916847
16916848
16916849
16916850
16916851
16916852
16916853
16916854
16916855
16916856
16916857
16916858
16916859
16916860
16916861
16916862
16916863
16916864
16916865
16916866
16916867
16916868
16916869
16916870
16916871
16916872
16916873
16916874
16916875
16916876
16916877
16916878
16916879
16916880
16916881
16916882
16916883
16916884
16916885
16916886
16916887
16916888
16916889
16916890
16916891
16916892
16916893
16916894
16916895
16916896
16916897
16916898
16916899
16916900
16916901
16916902
16916903
16916904
16916905
16916906
16916907
16916908
16916909
16916910
16916911
16916912
16916913
16916914
16916915
16916916
16916917
16916918
16916919
16916920
16916921
16916922
16916923
16916924
16916925
16916926
16916927
16916928
16916929
16916930
16916931
16916932
16916933
16916934
16916935
16916936
16916937
16916938
16916939
16916940
16916941
16916942
16916943
16916944
16916945
16921026
16921027
16921028
16921029
16921030
16921031
16921032
16921034
16921035
16921036
16921037
16921038
16921039
16921040
16921041
16921042
16921043
16921044
16921045
16921046
16921047
16921048
16921049
16921050
16921051
16921052
16921053
16921054
16921055
16921056
16921057
16921058
16921059
16921060
16921061
16921062
16921063
16921064
16921065
16921066
16921067
16921068
16921069
16921070
16921071
16921072
16921073
16921074
16921075
16921076
16921077
16921078
16921079
16921080
16921081
16921082
16921083
16921084
16921085
16921086
16921087
16921088
16921089
16921090
16921091
16921092
16921093
16921094
16921095
16921096
16921097
16921098
16921099
16921100
16921101
16921102
16921103
16921104
16921105
16921106
16921107
16921108
16921109
16921110
16921111
16921112
16921113
16921114
16921115
16921116
16921117
16921118
16921119
16921120
16921121
16921122
16921123
16921124
16921125
16921126
16921127
16921128
16921129
16921130
16921131
16921132
16921133
16921134
16921135
16921136
16921137
16921138
16921139
16921140
16921141
16921142
16921143
16924730
16924731
16924732
16924733
16924734
16924735
16924737
16924738
16924739
16924740
16924741
16924742
16924743
16924744
16924745
16924746
16924747
16924748
16924749
16924750
16924751
16924752
16924753
16924754
16924755
16924756
16924757
16924758
16924759
16924760
16924761
16924762
16924763
16924764
16924765
16924766
16924767
16924768
16924769
16924770
16924771
16924772
16924773
16924774
16924775
16924776
16924777
16924778
16924779
16924780
16924781
16924782
16924783
16924784
16924785
16924786
16924787
16924788
16924789
16924790
16924791
16924792
16924793
16924794
16924795
16924796
16924797
16924798
16924799
16924800
16924801
16924802
16924803
16924804
16924805
16924806
16924807
16924808
16924809
16924810
16924811
16924812
16924813
16924814
16924815
16929565
16929566
16929567
16929568
16929569
16929570
16929572
16929573
16929574
16929575
16929576
16929577
16929578
16929579
16929580
16929581
16929582
16929583
16929584
16929585
16929586
16929587
16929588
16929589
16929590
16929591
16929592
16929593
16929594
16929595
16929596
16929597
16929598
16929599
16929600
16929601
16929602
16929603
16929604
16929605
16929606
16929607
16929608
16929609
16929610
16929611
16929612
16929613
16929614
16929615
16929616
16929617
16929618
16929619
16929620
16929621
16929622
16929623
16929624
16929625
16929626
16929627
16929628
16929629
16929630
16929631
16929632
16929633
16929634
16929635
16929636
16929637
16929638
16929639
16929640
16929641
16929642
16929643
16929644
16929645
16929646
16929647
16929648
16929649
16929650
16929651
16929652
16929653
16929654
16929655
16929656
16929657
16929658
16929659
16929660
16929661
16929662
16929663
16929664
16929665
16929666
16929667
16929668
16929669
16929670
16929671
16929672
16929673
16933512
16933513
16933514
16933515
16933516
16933517
16933519
16933520
16933521
16933522
16933523
16933524
16933525
16933526
16933527
16933528
16933529
16933530
16933531
16933532
16933533
16933534
16933535
16933536
16933537
16933538
16933539
16933540
16933541
16933542
16933543
16933544
16933545
16933546
16933547
16933548
16933549
16933550
16933551
16933552
16933553
16933554
16933555
16933556
16933557
16933558
16933559
16933560
16933561
16933562
16933563
16933564
16933565
16933566
16933567
16933568
16933569
16933570
16933571
16933572
16937576
16937577
16937578
16937579
16937581
16937582
16937583
16937584
16937585
16937586
16937587
16937588
16937589
16937590
16937591
16937592
16937593
16937594
16937595
16937596
16937597
16937598
16937599
16941667
16941668
16941669
16941670
16941672
16941673
16941674
16941675
16941676
16941677
16941678
16941679
16941680
16941681
16941682
16941683
16941684
16941685
16941686
16941687
16941688
16941689
16941690
16941691
16945629
16945630
16945631
16945632
16945634
16945635
16945636
16945637
16945638
16945639
16945640
16945641
16945642
16945643
16945644
16945645
16945646
16945647
16945648
16945649
16945650
16945651
16945652
16945653
16949387
16949388
16949389
16949390
16949392
16949393
16949394
16949395
16949396
16949397
16949398
16949399
16949400
16949401
16949402
16949403
16949404
16949405
16949406
16949407
16949408
16949409
16949410
16949411
16953345
16953347
16953352
16953354
16953355
16953356
16953357
16953358
16953359
16953360
16953361
16953362
16953363
16953364
16953365
16953366
16953367
16953369
16953370
16953371
16953372
16953373
16953374
16953375
16953376
16957441
16957442
16957443
16957444
16957445
16957446
16957447
16957448
16957449
16957450
16957451
16957452
16957453
16957454
16957455
16957456
16957457
16957458
16957459
16957460
16957462
16957463
16957464
16957465
16957466
16957467
16957468
16957469
16957470
16957471
16957472
16957473
16957474
16957475
16957476
16957477
16957478
16961952
16961953
16961954
16961955
16961956
16961957
16961958
16961959
16961960
16961961
16961962
16961963
16961964
16961965
16961966
16961967
16961968
16961969
16961970
16961971
16961972
16961973
16961974
16961975
16961976
16961977
16961979
16961980
16961981
16961982
16961983
16961984
16961985
16961986
16961987
16961988
16961989
16961990
16961991
16961992
16961993
16961994
16961995
16961996
16961997
16961998
16961999
16962000
16962001
16962002
16962003
16962004
16962005
16962006
16962007
16962008
16962009
16962010
16962011
16962012
16962013
16962014
16962015
16962016
16962017
16962018
16962019
16962020
16962021
16962022
16962023
16962024
16962025
16962026
16962027
16962028
16962029
16962030
16962031
16962032
16962033
16962034
16962035
16962036
16962037
16962038
16962039
16962040
16962041
16962042
16962043
16962044
16962045
16962046
16962047
16962048
16962049
16962050
16962051
16962052
16962053
16962054
16962055
16962056
16962057
16962058
16962059
16962060
16962061
16962062
16962063
16962064
16962065
16962066
16962067
16962068
16962069
16962070
16962071
16962072
16962073
16962074
16962075
16962076
16962077
16962078
16962079
16962080
16962081
16962082
16962083
16962084
16962085
16962086
16962087
16962088
16962089
16962090
16962091
16962092
16962093
16962094
16962095
16962096
16962097
16962098
16962099
16962100
16962101
16962102
16962103
16962104
16962105
16962106
16962107
16962108
16962109
16962110
16962111
16962112
16962113
16962114
16962115
16962116
16962117
16962118
16962119
16962120
16962121
16962122
16962123
16962124
16962125
16962126
16962127
16962128
16962129
16962130
16962131
16962132
16962133
16962134
16962135
16962136
16962137
16962138
16962139
16962140
16962141
16962142
16962143
16962144
16962145
16962146
16962147
16962148
16962149
16962150
16962151
16962152
16962153
16962154
16962155
16962156
16962157
16962158
16962159
16962160
16962161
16962162
16962163
16962164
16962165
16962166
16962167
16962168
16962169
16962170
16962171
16962172
16962173
16962174
16962175
16965648
16965649
16965650
16965651
16965652
16965654
16965655
16965656
16965657
16965658
16965659
16965660
16965661
16965662
16965663
16965664
16965665
16965666
16965667
16965668
16965669
16965670
16965671
16965672
16965673
16965674
16965675
16965676
16965677
16965678
16969746
16969748
16969754
16969756
16969757
16969758
16969759
16969760
16969761
16969762
16969763
16969764
16969765
16969766
16969767
16969768
16969769
16969770
16969771
16969772
16969773
16969774
16974222
16974223
16974224
16974225
16974226
16974227
16974228
16974229
16974230
16974232
16974233
16974234
16974235
16974236
16974237
16974238
16974239
16974240
16974241
16974242
16974243
16974244
16974245
16974246
16974247
16974248
16974249
16974250
16974251
16974252
16974253
16974254
16974255
16974256
16974257
16974258
16974259
16974260
16974261
16974262
16974263
16974264
16974265
16974266
16974267
16974268
16974269
16974270
16974271
16974272
16974273
16974274
16974275
16974276
16974277
16974278
16974279
16974280
16974281
16974282
16974283
16974284
16974285
16974286
16974287
16974288
16974289
16974290
16974291
16974292
16974293
16974294
16974295
16974296
16974297
16974298
16974299
16974300
16974301
16974302
16974303
16974304
16974305
16974306
16974307
16974308
16974309
16974310
16974311
16974312
16974313
16974314
16974315
16974316
16974317
16974318
16974319
16974320
16974321
16974322
16974323
16974324
16974325
16974326
16974327
16974328
16974329
16974330
16974331
16974332
16974333
16974334
16974335
16974336
16974337
16974338
16974339
16974340
16974341
16974342
16974343
16974344
16974345
16974346
16974347
16974348
16974349
16974350
16974351
16974352
16974353
16974354
16974355
16974356
16974357
16974358
16974359
16974360
16974361
16974362
16974363
16974364
16974365
16974366
16974367
16974368
16974369
16974370
16974371
16974372
16974373
16974374
16974375
16974376
16974377
16974378
16974379
16974380
16974381
16974382
16974383
16974384
16974385
16974386
16974387
16974388
16974389
16974390
16974391
16974392
16974393
16974394
16974395
16974396
16974397
16974398
16974399
16974400
16974401
16974402
16974403
16974404
16974405
16974406
16974407
16982018
16982019
16982020
16982021
16982022
16982023
16982024
16982025
16982026
16982027
16982028
16982029
16982030
16982031
16982032
16982033
16982034
16982035
16982036
16982037
16982038
16982039
16982040
16982041
16982042
16982043
16982044
16982045
16982046
16982047
16982048
16982049
16982050
16982051
16982052
16982053
16982054
16982055
16982056
16982057
16982058
16982059
16982060
16982061
16982062
16982063
16982064
16982065
16982066
16982067
16982068
16982069
16982070
16982071
16982072
16982073
16982074
16982075
16982076
16982077
16982078
16982079
16982080
16982081
16982082
16982083
16982084
16982085
16982086
16982087
16982088
16982089
16982090
16982091
16982092
16982093
16982094
16982095
16982096
16982097
16982098
16982099
16982100
16982101
16982102
16982103
16982104
16982105
16982106
16982107
16982108
16982109
16982110
16982111
16982112
16982113
16982114
16982115
16982116
16982117
16982118
16982119
16982120
16982121
16982122
16982123
16982124
16982125
16982126
16982127
16982128
16982129
16982130
16982131
16982132
16982133
16982134
16982135
16982136
16982137
16982138
16982139
16982140
16982141
16982142
16982143
16982144
16982145
16982146
16982147
16982148
16982149
16982150
16982151
16982152
16982153
16982154
16982155
16982156
16982157
16982158
16982159
16982160
16982161
16982162
16982163
16982164
16982165
16982166
16982167
16982168
16982169
16982170
16982171
16982172
16982173
16982174
16982175
16982176
16982177
16982178
16982179
16982180
16982181
16982182
16982183
16982184
16982185
16982186
16982187
16982188
16982189
16982190
16982191
16982192
16982193
16982194
16982195
16982196
16982197
16982198
16982199
16982200
16982201
16982202
16982203
16982204
16982205
16982206
16982207
16982208
16982209
16982210
16982211
16982212
16982213
16982214
16982215
16982216
16982217
16982218
16982219
16982220
16982221
16982222
16982223
16982224
16982225
16982226
16982227
16982228
16982229
16982230
16982231
16982232
16982233
16982234
16982235
16982236
16982237
16982238
16982239
16982240
16982241
16982242
16982243
16982244
16982245
16982246
16982247
16982248
16982249
16982250
16982251
16982252
16982253
16982254
16982255
16982256
16982257
16982258
16982259
16982260
16982261
16982262
16982263
16982264
16982265
16982266
16982267
16982268
16982269
16982270
16982271
16982272
16982273
16982274
16982275
16982276
16982277
16982278
16982279
16982280
16982281
16982282
16982283
16982284
16982285
16982286
16982287
16982288
16982289
16982290
16982291
16982292
16982293
16982294
16982295
16982296
16982297
16982298
16982299
16982300
16982301
16982302
16982303
16982304
16982305
16982306
16982307
16982308
16982309
16982310
16982311
16982312
16982313
16982314
16982315
16982316
16982317
16982318
16982319
16982320
16982321
16982322
16982323
16982324
16982325
16982326
16982327
16982328
16982329
16982330
16982331
16982332
16982333
16982334
16982335
16982336
16982337
16982338
16982339
16982340
16982341
16982342
16982343
16982344
16982345
16982346
16982347
16982348
16982349
16982350
16982351
16982352
16982353
16982354
16982355
16982356
16982357
16982358
16982359
16982360
16982361
16982362
16982363
16982364
16982365
16982366
16982367
16982368
16982369
16982370
16982371
16982372
16982373
16982374
16982375
16982376
16982377
16982378
16982379
16982380
16982381
16982382
16982383
16982384
16982385
16982386
16982387
16982388
16982389
16982390
16982391
16982392
16982393
16982394
16982395
16982396
16982397
16982398
16982399
16982400
16982401
16982402
16982403
16982404
16982405
16982406
16982407
16982408
16982409
16982410
16982411
16982412
16982413
16982414
16982415
16982416
16982417
16982418
16982419
16982420
16982421
16982422
16982423
16982424
16982425
16982426
16982427
16982428
16982429
16982430
16982431
16982432
16982433
16982434
16982435
16982436
16982437
16982438
16982439
16982440
16982441
16982442
16982443
16982444
16982445
16982446
16982447
16982448
16982449
16982450
16982451
16982452
16982453
16982454
16982455
16982456
16982457
16982458
16982459
16982460
16982461
16982462
16982463
16982464
16982465
16982466
16982467
16982468
16982469
16982470
16982471
16982472
16982473
16982474
16982475
16982476
16982477
16982478
16982479
16982480
16982481
16982482
16982483
16982484
16982485
16982486
16982487
16982488
16982489
16982490
16982491
16982492
16982493
16982494
16982495
16982496
16982497
16982498
16982499
16982500
16982501
16982502
16982503
16982504
16982505
16982506
16982507
16982508
16982509
16982510
16982511
16982512
16982513
16982514
16982515
16982516
16982517
16982518
16982519
16982520
16982521
16982522
16982523
16982524
16982525
16982526
16982527
16982528
16982529
16982530
16982531
16982532
16982533
16982534
16982535
16982536
16982537
16982538
16982539
16982540
16982541
16982542
16982543
16982544
16982545
16982546
16982547
16982548
16982549
16982550
16982551
16982552
16982553
16982554
16982555
16982556
16982557
16982558
16982559
16982560
16982561
16982562
16982563
16982564
16982565
16982566
16982567
16982568
16982569
16982570
16982571
16982572
16982573
16982574
16982575
16982576
16982577
16982578
16982579
16982580
16982581
16982582
16982583
16982584
16982585
16982586
16982587
16982588
16982589
16982590
16982591
16982592
16982593
16982594
16982595
16982596
16982597
16982598
16982599
16982600
16982601
16982602
16982603
16982604
16982605
16982606
16982607
16982608
16982609
16982610
16982611
16982612
16982613
16982614
16982615
16982616
16982617
16982618
16982619
16982620
16982621
16982622
16982623
16982624
16982625
16982626
16982627
16982628
16982629
16982630
16982631
16982632
16982633
16982634
16982635
16982636
16982637
16982638
16982639
16982640
16982641
16982642
16982643
16982644
16982645
16982646
16982647
16982648
16982649
16982650
16982651
16982652
16982653
16982654
16982655
16982656
16982657
16982658
16982659
16982660
16982661
16982662
16982663
16982664
16982665
16982666
16986614
16986615
16986616
16986617
16986618
16986619
16986620
16986621
16986622
16986623
16986624
16986625
16986626
16986627
16986628
16986629
16986630
16986631
16986633
16986634
16986635
16986636
16986637
16986638
16986639
16986640
16986641
16986642
16986643
16986644
16986645
16986646
16986647
16986648
16986649
16986650
16986651
16986652
16986653
16986654
16986655
16986656
16986657
16986658
16986659
16986660
16986661
16986662
16986663
16986664
16986665
16986666
16986667
16986668
16986669
16986670
16986671
16986672
16986673
16986674
16986675
16986676
16986677
16986678
16986679
16986680
16986681
16986682
16986683
16986684
16986685
16986686
16986687
16986688
16986689
16986690
16986691
16986692
16986693
16986694
16986695
16986696
16986697
16986698
16986699
16986700
16986701
16986702
16986703
16986704
16986705
16986706
16986707
16986708
16986709
16986710
16986711
16986712
16986713
16986714
16986715
16986716
16986717
16986718
16986719
16986720
16986721
16986722
16986723
16986724
16986725
16986726
16986727
16986728
16986729
16986730
16986731
16986732
16986733
16986734
16986735
16986736
16986737
16986738
16986739
16986740
16986741
16986742
16986743
16986744
16986745
16986746
16986747
16986748
16986749
16986750
16986751
16986752
16986753
16986754
16986755
16986756
16986757
16986758
16986759
16986760
16986761
16986762
16986763
16986764
16986765
16986766
16986767
16986768
16986769
16986770
16986771
16986772
16986773
16986774
16986775
16986776
16986777
16986778
16986779
16986780
16986781
16986782
16986783
16986784
16986785
16986786
16986787
16986788
16986789
16986790
16986791
16986792
16986793
16986794
16986795
16986796
16986797
16986798
16986799
16986800
16986801
16986802
16986803
16986804
16986805
16986806
16986807
16986808
16986809
16986810
16986811
16986812
16986813
16986814
16986815
16986816
16986817
16986818
16986819
16986820
16986821
16986822
16986823
16986824
16986825
16986826
16986827
16986828
16986829
16986830
16986831
16986832
16986833
16986834
16986835
16986836
16986837
16986838
16986839
16986840
16986841
16986842
16986843
16986844
16986845
16986846
16986847
16986848
16986849
16986850
16986851
16986852
16986853
16986854
16990599
16990600
16990601
16990602
16990603
16990604
16990605
16990606
16990607
16990608
16990609
16990610
16990612
16990613
16990614
16990615
16990616
16990617
16990618
16990619
16990620
16990621
16990622
16990623
16990624
16990625
16990626
16990627
16990628
16990629
16990630
16990631
16990632
16990633
16990634
16990635
16990636
16990637
16990638
16990639
16990640
16990641
16990642
16990643
16990644
16990645
16990646
16990647
16990648
16990649
16990650
16990651
16990652
16990653
16990654
16990655
16990656
16990657
16990658
16990659
16990660
16990661
16990662
16990663
16990664
16994306
16994307
16994308
16994309
16994310
16994311
16994312
16994313
16994314
16994315
16994316
16994317
16994318
16994319
16994320
16994321
16994322
16994323
16994324
16994325
16994326
16994327
16994328
16994329
16994330
16994331
16994332
16994333
16994334
16994335
16994336
16994337
16994338
16994339
16994340
16994341
16994342
16994343
16994344
16994345
16994346
16994347
16994348
16994349
16994350
16994351
16994352
16994353
16994354
16994355
16994356
16994357
16994358
16994359
16994360
16994361
16994362
16994363
16994364
16994365
16994366
16994367
16994368
16994369
16994370
16994371
16994372
16994373
16994374
16994375
16994376
16994377
16994378
16994379
16994380
16994381
16994382
16994383
16994384
16994385
16994386
16994387
16994388
16994389
16994390
16994391
16994392
16994393
16994394
16994395
16994396
16994397
16994398
16994399
16994400
16994401
16994402
16994403
16994404
16994405
16994406
16994407
16994408
16994409
16994410
16994411
16994412
16994413
16994414
16994415
16994416
16994417
16994418
16994419
16994420
16994421
16994422
16994423
16994424
16994425
16994426
16994427
16994428
16994429
16994430
16994431
16994432
16994433
16994434
16994435
16994436
16994437
16994438
16994439
16994440
16994441
16994442
16994443
16998891
16998892
16998893
16998894
16998895
16998896
16998897
16998898
16998899
16998900
16998901
16998902
16998903
16998904
16998905
16998906
16998907
16998908
16998910
16998911
16998912
16998913
16998914
16998915
16998916
16998917
16998918
16998919
16998920
16998921
16998922
16998923
16998924
16998925
16998926
16998927
16998928
16998929
16998930
16998931
16998932
16998933
16998934
16998935
16998936
16998937
16998938
16998939
16998940
16998941
16998942
16998943
16998944
16998945
16998946
16998947
16998948
16998949
16998950
16998951
16998952
16998953
16998954
16998955
16998956
16998957
16998958
16998959
16998960
16998961
16998962
16998963
16998964
16998965
16998966
16998967
16998968
16998969
16998970
16998971
16998972
16998973
16998974
16998975
16998976
16998977
16998978
16998979
16998980
16998981
16998982
16998983
16998984
16998985
16998986
16998987
16998988
16998989
16998990
16998991
16998992
16998993
16998994
16998995
16998996
16998997
16998998
16998999
16999000
16999001
16999002
16999003
16999004
16999005
16999006
16999007
16999008
16999009
16999010
16999011
16999012
16999013
16999014
16999015
16999016
16999017
16999018
16999019
16999020
16999021
16999022
16999023
16999024
16999025
16999026
16999027
16999028
16999029
16999030
16999031
16999032
16999033
16999034
16999035
16999036
16999037
16999038
16999039
16999040
16999041
16999042
16999043
16999044
16999045
16999046
16999047
16999048
16999049
16999050
16999051
16999052
16999053
16999054
16999055
16999056
16999057
16999058
16999059
16999060
16999061
16999062
16999063
16999064
16999065
16999066
16999067
16999068
16999069
16999070
16999071
16999072
16999073
16999074
16999075
16999076
16999077
16999078
16999079
16999080
16999081
16999082
16999083
16999084
16999085
16999086
16999087
16999088
16999089
16999090
16999091
16999092
16999093
16999094
16999095
16999096
17002546
17002547
17002548
17002549
17002550
17002564
17002565
17002566
17002567
17002568
17002569
17002570
17002571
17002572
17002573
17002574
17002575
17002576
17002653
17002654
17002655
17002656
17002657
17002658
17002660
17002661
17002662
17002663
17002664
17002665
17002666
17002667
17002668
17002669
17002670
17002671
17002672
17002673
17002674
17002675
17002676
17002677
17002678
17002679
17002680
17002681
17002682
17002683
17002684
17002685
17002686
17002687
17002688
17002689
17002690
17002691
17002693
17002694
17002695
17002696
17002697
17002698
17002699
17002700
17002701
17002702
17002703
17002704
17002705
17002706
17002707
17002708
17002709
17002710
17002711
17002712
17002713
17002714
17002715
17002716
17002717
17002718
17002719
17002720
17002721
17002722
17002723
17002724
17002725
17002726
17002727
17002728
17002729
17002730
17002731
17002732
17002733
17002734
17002735
17002736
17002737
17002738
17002739
17002740
17002741
17002742
17002743
17002744
17002745
17002746
17002747
17002748
17002749
17002750
17002751
17002752
17002753
17002754
17002755
17002756
17006664
17006665
17006666
17006667
17006668
17006669
17006670
17006671
17006672
17006673
17006674
17006675
17006676
17006677
17006678
17006717
17006718
17006719
17006720
17006721
17006722
17006723
17006724
17006725
17006726
17006727
17006728
17006729
17006730
17006731
17006808
17006809
17006810
17006811
17006812
17006813
17006814
17006815
17006816
17006817
17006818
17006819
17006820
17006821
17006822
17006823
17006824
17006826
17006827
17006828
17006829
17006830
17006831
17006832
17006833
17006834
17006835
17006836
17006837
17006838
17006839
17006840
17006841
17006842
17006843
17006844
17006845
17006846
17006847
17006848
17006849
17006850
17006851
17006852
17006853
17006854
17006855
17006856
17006857
17006858
17006859
17006860
17006861
17006862
17006863
17006864
17006865
17006866
17006867
17006868
17006869
17006870
17006871
17006872
17006873
17006874
17006875
17006876
17006877
17006878
17006879
17006880
17006881
17006882
17006883
17006884
17006885
17006886
17006887
17006888
17006889
17006890
17006891
17006892
17006893
17006894
17006895
17006896
17006897
17006898
17006899
17006900
17006901
17010700
17010706
17010712
17010714
17010716
17010718
17010866
17010867
17010868
17010869
17010871
17010872
17010873
17010874
17010875
17010876
17010877
17010878
17010879
17010880
17010881
17010882
17010883
17010884
17010885
17010886
17010887
17010888
17010889
17010890
17010891
17010892
17010893
17010894
17010895
17010896
17010897
17010898
17010899
17010900
17010901
17010902
17010903
17010904
17010905
17010906
17010907
17010908
17010909
17010910
17010911
17010912
17010913
17010914
17010915
17010916
17010917
17010918
17010919
17010920
17010921
17010922
17010923
17010924
17010925
17014804
17014806
17014812
17014814
17014815
17014816
17014817
17014818
17014819
17014820
17014821
17014822
17014823
17014824
17014825
17014826
17014827
17014828
17014829
17014830
17014831
17014832
17014834
17018898
17018899
17018900
17018901
17018902
17018904
17018905
17018906
17018907
17018908
17018909
17018910
17018911
17018912
17018913
17018914
17018915
17018916
17018917
17018918
17018919
17018920
17018921
17018922
17018923
17018924
17018925
17018926
17018927
17018928
17018929
17023010
17023024
17023025
17023030
17023031
17023038
17023039
17023040
17023041
17023042
17023043
17023044
17023045
17023047
17023048
17023049
17023050
17023051
17023053
17023054
17023055
17023056
17023057
17023058
17023059
17023060
17023061
17023062
17023063
17023064
17023065
17023066
17023067
17027508
17027509
17027510
17027511
17027512
17027513
17027514
17027515
17027516
17027517
17027518
17027519
17027520
17027521
17027522
17027523
17027525
17027526
17027527
17027528
17027529
17027530
17027531
17027532
17027533
17027534
17027535
17027536
17027537
17027538
17027539
17027540
17027541
17027542
17027543
17027544
17027545
17027546
17027547
17027548
17027549
17027550
17027551
17027552
17027553
17027554
17027555
17027556
17027557
17027558
17027559
17027560
17027561
17027562
17027563
17027564
17027565
17027566
17027567
17027568
17027569
17027570
17027571
17027572
17027573
17027574
17027575
17027576
17027577
17027578
17027579
17027580
17027581
17027582
17027583
17027584
17027585
17027586
17027587
17027588
17027589
17027590
17027591
17027592
17027593
17027594
17027595
17027596
17027597
17027598
17027599
17027600
17027601
17027602
17027603
17027604
17027605
17027606
17027607
17027608
17027609
17027610
17027611
17027612
17027613
17027614
17027615
17027616
17027617
17027618
17027619
17027620
17027621
17027622
17027623
17027624
17027625
17027626
17027627
17027628
17027629
17027630
17027631
17027632
17027633
17027634
17027635
17027636
17027637
17027638
17027639
17027640
17031605
17031606
17031607
17031608
17031609
17031610
17031611
17031612
17031613
17031614
17031615
17031616
17031617
17031619
17031620
17031621
17031622
17031623
17031624
17031625
17031626
17031627
17031628
17031629
17031630
17031631
17031632
17031633
17031634
17031635
17031636
17031637
17031638
17031639
17031640
17031641
17031642
17031643
17031644
17031645
17031646
17031647
17031648
17031649
17031650
17031651
17031652
17031653
17031654
17031655
17031656
17031657
17031658
17031659
17031660
17031661
17031662
17031663
17031664
17031665
17031666
17031667
17031668
17031669
17031670
17031671
17031672
17031673
17031674
17031675
17031676
17031677
17031678
17031679
17031680
17031681
17031682
17031683
17031684
17031685
17031686
17031687
17031688
17031689
17031690
17031691
17031692
17031693
17031694
17031695
17031696
17031697
17031698
17031699
17031700
17031701
17031702
17031703
17031704
17031705
17031706
17031707
17031708
17031709
17031710
17031711
17031712
17031713
17031714
17031715
17031716
17031717
17031718
17031719
17031720
17031721
17031722
17031723
17031724
17031725
17031726
17031727
17031728
17031729
17031730
17031731
17031732
17031733
17031734
17031735
17031736
17031737
17031738
17031739
17031740
17031741
17035292
17035293
17035294
17035295
17035296
17035297
17035298
17035299
17035300
17035301
17035302
17035303
17035336
17035337
17035338
17035339
17035340
17035341
17035342
17035343
17035344
17035345
17035346
17035347
17035348
17035349
17035350
17035351
17035380
17035381
17035382
17035383
17035384
17035385
17035386
17035387
17035388
17035389
17035390
17035391
17035392
17035393
17035394
17035395
17035477
17035478
17035479
17035480
17035481
17035482
17035483
17035484
17035485
17035486
17035487
17035489
17035490
17035492
17035493
17035494
17035495
17035496
17035497
17035498
17035499
17035500
17035501
17035502
17035503
17035504
17035505
17035506
17035507
17035508
17035509
17035510
17035511
17035512
17035513
17035514
17035515
17035516
17035517
17035518
17035519
17035520
17035521
17035522
17035523
17035524
17035525
17035526
17035527
17035528
17035529
17035530
17035531
17035532
17035533
17035534
17035535
17035536
17035537
17035538
17035539
17035540
17035541
17035542
17035543
17035544
17035545
17035546
17035547
17035548
17035549
17035550
17035551
17035552
17035553
17035554
17035555
17035556
17035557
17035558
17035559
17035560
17035561
17035562
17039362
17039364
17039366
17039368
17039370
17039372
17039421
17039422
17039423
17039425
17039426
17039427
17039428
17039429
17039430
17039431
17039432
17039433
17039434
17039435
17039436
17039437
17039438
17039439
17039440
17039441
17039442
17039443
17039444
17039445
17039446
17039447
17039448
17039449
17039450
17039451
17039452
17039453
17039454
17039455
17039456
17039457
17039458
17039459
17039460
17039461
17039462
17039463
17039464
17039465
17039466
17039467
17039468
17043911
17043912
17043913
17043914
17043915
17043916
17043917
17043918
17043919
17043920
17043921
17043922
17043923
17043924
17043926
17043927
17043928
17043929
17043930
17043931
17043932
17043933
17043934
17043935
17043936
17043937
17043938
17043939
17043940
17043941
17043942
17043943
17043944
17043945
17043946
17043947
17043948
17043949
17043950
17043951
17043952
17043953
17043954
17043955
17043956
17043957
17043958
17043959
17043960
17043961
17043962
17043963
17043964
17043965
17043966
17043967
17043968
17043969
17043970
17043971
17043972
17043973
17043974
17043975
17043976
17043977
17043978
17043979
17043980
17043981
17043982
17043983
17043984
17043985
17043986
17043987
17043988
17043989
17043990
17043991
17043992
17043993
17043994
17043995
17043996
17043997
17043998
17043999
17044000
17044001
17044002
17044003
17044004
17044005
17044006
17044007
17044008
17044009
17044010
17044011
17044012
17044013
17044014
17044015
17044016
17044017
17044018
17044019
17044020
17044021
17044022
17044023
17044024
17044025
17044026
17044027
17044028
17044029
17044030
17044031
17044032
17044033
17044034
17044035
17044036
17044037
17044038
17044039
17044040
17044041
17044042
17044043
17044044
17044045
17044046
17044047
17044048
17044049
17044050
17044051
17044052
17044053
17044054
17044055
17044056
17044057
17044058
17044059
17047628
17047629
17047630
17047631
17047632
17047633
17047634
17047635
17047636
17047637
17047638
17047639
17047640
17047641
17047642
17047643
17047644
17047645
17047646
17047647
17047648
17047649
17047650
17047651
17047652
17047653
17047683
17047684
17047685
17047686
17047687
17047688
17047689
17047717
17047807
17047808
17047809
17047810
17047811
17047812
17047813
17047814
17047815
17047816
17047817
17047818
17047819
17047820
17047821
17047822
17047823
17047824
17047825
17047826
17047827
17047828
17047829
17047830
17047831
17047832
17047833
17047834
17047835
17047836
17047837
17047838
17047839
17047840
17047841
17047842
17047843
17047845
17047846
17047847
17047848
17047849
17047850
17047851
17047852
17047853
17047854
17047855
17047856
17047857
17047858
17047859
17047860
17047861
17047862
17047863
17047864
17047865
17047866
17047867
17047868
17047869
17047870
17047871
17047872
17047873
17047874
17047875
17047876
17047877
17047878
17047879
17047880
17047881
17047882
17047883
17047884
17047885
17047886
17047887
17047888
17047889
17047890
17047891
17047892
17047893
17047894
17047895
17047896
17047897
17047898
17047899
17047900
17047901
17047902
17047903
17047904
17047905
17047906
17047907
17047908
17047909
17047910
17047911
17047912
17047913
17047914
17047915
17047916
17047917
17047918
17047919
17047920
17047921
17047922
17047923
17051650
17051652
17051654
17051660
17051666
17051672
17051829
17051830
17051831
17051832
17051834
17051835
17051836
17051837
17051838
17051839
17051840
17051841
17051842
17051843
17051844
17051845
17051846
17051847
17051848
17051849
17051850
17051851
17051852
17051853
17051854
17051855
17051856
17051857
17051858
17051859
17051860
17051861
17051862
17051863
17051864
17051865
17051866
17051867
17051868
17051869
17051870
17051871
17051872
17051873
17051874
17051875
17051876
17051877
17051878
17051879
17051880
17051881
17051882
17051883
17051884
17051885
17051886
17051887
17051888
17051889
17051890
17051891
17051892
17051893
17051894
17051895
17051896
17051897
17051898
17051899
17051900
17051901
17051902
17051903
17051904
17051905
17051906
17051907
17051908
17051909
17051910
17051911
17051912
17051913
17051914
17051915
17051916
17051917
17051918
17051919
17051920
17051921
17051922
17051923
17051924
17051925
17051926
17051927
17051928
17051929
17051930
17051931
17051932
17051933
17051934
17051935
17051936
17051937
17051938
17051939
17051940
17051941
17051942
17051943
17051944
17051945
17051946
17051947
17051948
17051949
17051950
17051951
17051952
17051953
17051954
17051955
17056366
17056367
17056368
17056369
17056370
17056371
17056372
17056373
17056374
17056375
17056376
17056378
17056379
17056380
17056381
17056382
17056383
17056384
17056385
17056386
17056387
17056388
17056389
17056390
17056391
17056392
17056393
17056394
17056395
17056396
17056397
17056398
17056399
17056400
17056401
17056402
17056403
17056404
17056405
17056406
17056407
17056408
17056409
17056410
17056411
17056412
17056413
17056414
17056415
17056416
17056417
17056418
17056419
17056420
17056421
17056422
17056423
17056424
17056425
17056426
17056427
17056428
17056429
17056430
17056431
17056432
17056433
17056434
17056435
17056436
17056437
17056438
17056439
17056440
17056441
17056442
17056443
17056444
17056445
17056446
17056447
17056448
17056449
17056450
17056451
17056452
17056453
17056454
17056455
17056456
17056457
17056458
17056459
17056460
17056461
17056462
17056463
17056464
17056465
17056466
17056467
17056468
17056469
17056470
17056471
17056472
17056473
17056474
17056475
17056476
17056477
17056478
17056479
17056480
17056481
17056482
17056483
17056484
17056485
17056486
17056487
17056488
17056489
17056490
17056491
17056492
17056493
17059911
17059912
17059913
17059914
17059915
17059916
17059917
17059918
17059919
17059920
17059921
17059922
17059923
17059924
17059925
17059926
17059927
17059928
17059929
17059930
17059931
17059932
17059933
17059934
17059935
17060013
17060014
17060015
17060016
17060017
17060018
17060019
17060020
17060021
17060022
17060023
17060024
17060025
17060026
17060027
17060028
17060029
17060030
17060031
17060032
17060033
17060034
17060035
17060036
17060037
17060038
17060039
17060040
17060041
17060042
17060043
17060044
17060045
17060046
17060047
17060048
17060049
17060050
17060051
17060052
17060053
17060054
17060055
17060056
17060057
17060058
17060059
17060060
17060061
17060062
17060063
17060064
17060065
17060066
17060067
17060068
17060069
17060070
17060071
17060072
17060073
17060074
17060075
17060076
17060077
17060078
17060079
17060080
17060081
17060082
17060083
17060084
17060085
17060086
17060087
17060088
17060089
17060090
17060091
17060092
17060093
17060094
17060095
17060096
17060097
17060098
17060099
17060100
17060101
17060102
17060103
17060104
17060105
17060107
17060108
17060109
17060110
17060111
17060112
17060113
17060114
17060115
17060116
17060117
17060118
17060119
17060120
17060121
17060122
17060123
17060124
17060125
17060126
17060127
17060128
17060129
17060130
17060131
17060132
17060133
17060134
17060135
17060136
17060137
17060138
17060139
17060140
17060141
17060142
17060143
17060144
17060145
17060146
17060147
17060148
17060149
17060150
17060151
17060152
17060153
17060154
17060155
17060156
17060157
17060158
17060159
17060160
17060161
17060162
17060163
17060164
17060165
17060166
17060167
17060168
17060169
17060170
17060171
17060172
17060173
17060174
17060175
17060176
17060177
17063938
17063939
17063940
17063941
17063942
17063943
17063944
17063945
17063946
17063947
17063948
17063949
17063950
17063951
17063952
17063953
17063954
17063955
17063956
17063957
17063958
17063959
17063960
17063961
17063962
17063963
17063964
17063965
17063966
17063967
17063968
17063969
17063970
17063971
17063972
17063973
17063974
17063975
17063976
17063977
17063978
17063979
17063980
17063981
17063982
17063983
17063984
17063985
17063986
17063987
17063988
17063989
17063990
17063991
17063992
17063993
17063994
17063995
17063996
17063997
17063998
17063999
17064000
17064001
17064002
17064003
17064004
17064005
17064006
17064007
17064008
17064009
17064010
17064011
17064012
17064013
17064014
17064015
17064016
17064017
17064018
17064019
17064020
17064021
17064022
17064023
17064024
17064025
17064026
17064027
17064028
17064029
17064030
17064031
17064032
17064033
17064034
17064035
17064036
17064037
17064038
17064039
17064040
17064041
17064042
17064043
17064044
17064045
17064046
17064047
17064048
17064049
17064050
17064051
17064052
17064053
17064054
17064055
17064056
17064057
17064058
17064059
17064060
17064061
17064062
17064063
17064064
17064065
17064066
17064067
17064068
17064069
17064070
17064071
17064072
17064073
17064074
17064075
17064076
17064077
17064078
17064079
17064080
17064081
17064082
17064083
17064084
17064085
17064086
17064087
17064088
17064089
17064090
17064091
17064092
17064093
17064094
17064095
17064096
17064097
17064098
17064099
17064100
17064101
17064102
17064103
17064104
17064105
17064106
17064107
17064108
17064109
17064110
17064111
17064112
17064113
17064114
17064115
17064116
17064117
17064118
17064119
17064120
17064121
17064122
17064123
17064124
17064125
17064126
17064127
17064128
17064129
17064130
17064131
17064132
17064133
17064134
17064135
17064136
17064137
17064138
17064139
17064140
17064141
17064142
17064143
17064144
17064145
17064146
17064147
17064148
17064149
17064150
17064151
17064152
17064153
17064154
17064155
17064156
17064157
17064158
17064159
17064160
17064161
17064162
17064163
17064164
17064165
17064166
17064167
17064168
17064169
17064170
17064171
17064172
17064173
17064174
17064175
17064176
17064177
17064178
17064179
17064180
17064181
17064182
17064183
17064184
17064185
17064186
17064187
17064188
17064189
17064190
17064191
17064192
17064193
17064194
17064195
17064196
17064197
17064198
17068441
17068442
17068443
17068444
17068445
17068446
17068447
17068448
17068449
17068450
17068451
17068452
17068453
17068454
17068455
17068456
17068458
17068459
17068460
17068461
17068462
17068463
17068464
17068465
17068466
17068467
17068468
17068469
17068470
17068471
17068472
17068473
17068474
17068475
17068476
17068477
17068478
17068479
17068480
17068481
17068482
17068483
17068484
17068485
17068486
17068487
17068488
17068489
17068490
17068491
17068492
17068493
17068494
17068495
17068496
17068497
17068498
17068499
17068500
17068501
17068502
17068503
17068504
17068505
17068506
17068507
17068508
17068509
17068510
17068511
17068512
17068513
17068514
17068515
17068516
17068517
17068518
17068519
17068520
17068521
17068522
17068523
17068524
17068525
17068526
17068527
17068528
17068529
17068530
17068531
17068532
17068533
17068534
17068535
17068536
17068537
17068538
17068539
17068540
17068541
17068542
17068543
17068544
17068545
17068546
17068547
17068548
17068549
17068550
17068551
17068552
17068553
17068554
17068555
17068556
17068557
17068558
17068559
17068560
17068561
17068562
17068563
17068564
17068565
17072278
17072279
17072280
17072281
17072282
17072283
17072284
17072285
17072286
17072287
17072289
17072290
17072291
17072292
17072293
17072294
17072295
17072296
17072297
17072298
17072299
17072300
17072301
17072302
17072303
17072304
17072305
17072306
17072307
17072308
17072309
17072310
17072311
17072312
17072313
17072314
17072315
17072316
17072317
17072318
17072319
17072320
17072321
17072322
17072323
17072324
17072325
17072326
17072327
17072328
17072329
17072330
17072331
17072332
17072333
17072334
17072335
17072336
17072337
17072338
17072339
17072340
17072341
17072342
17072343
17072344
17072345
17072346
17072347
17072348
17072349
17072350
17072351
17072352
17072353
17072354
17072355
17072356
17072357
17072358
17072359
17072360
17072361
17072362
17072363
17072364
17072365
17072366
17072367
17072368
17072369
17072370
17072371
17072372
17072373
17072374
17072375
17072376
17072377
17072378
17072379
17072380
17072381
17072382
17072383
17072384
17072385
17072386
17072387
17072388
17072389
17072390
17072391
17072392
17072393
17072394
17076579
17076580
17076581
17076582
17076583
17076584
17076585
17076586
17076587
17076588
17076589
17076916
17076917
17076918
17076919
17076920
17076921
17076922
17076923
17076924
17076925
17076926
17076927
17076928
17076929
17076930
17076931
17076932
17076933
17076940
17076941
17076942
17076943
17076944
17076945
17076946
17076947
17076948
17076950
17076951
17076952
17076953
17076954
17076955
17076956
17076957
17076958
17076959
17076960
17076961
17076962
17076963
17076964
17076965
17076966
17076967
17076968
17076969
17076970
17080586
17080587
17080588
17080589
17080590
17080591
17080592
17080593
17080594
17080595
17080598
17080941
17080942
17080943
17080944
17080945
17080946
17080947
17080948
17080949
17080950
17080951
17080952
17080953
17080954
17080955
17080956
17080957
17080958
17080966
17080967
17080968
17080969
17080970
17080971
17080972
17080973
17080975
17080976
17080977
17080978
17080979
17080980
17080981
17080982
17080983
17080984
17080985
17080986
17080987
17080988
17080989
17080990
17080991
17080992
17080993
17080994
17080995
17080996
17084417
17084418
17084419
17084420
17084421
17084422
17084423
17084424
17084425
17084426
17084688
17084689
17084690
17084691
17084722
17084856
17084857
17084858
17084859
17084860
17084861
17084862
17084863
17084864
17084865
17084866
17084867
17084868
17084869
17084870
17084871
17084872
17084873
17084881
17084882
17084883
17084884
17084885
17084886
17084887
17084888
17084890
17084891
17084892
17084893
17084894
17084895
17084896
17084897
17084898
17084899
17084900
17084901
17084902
17084903
17084904
17084905
17084906
17084907
17084908
17084909
17084910
17084911
17084912
17084913
17084914
17084915
17084916
17084917
17084918
17084919
17084920
17084921
17084922
17084923
17084924
17084925
17084926
17088787
17088788
17088789
17088790
17088791
17088792
17088793
17088794
17088795
17088796
17088797
17088798
17088799
17088800
17088801
17088802
17088803
17088804
17088805
17088806
17088807
17088808
17088809
17088810
17088811
17088812
17088813
17088814
17088815
17088816
17088817
17088818
17088819
17088820
17088821
17088822
17088823
17089348
17089349
17089350
17089351
17089352
17089353
17089354
17089355
17089356
17089357
17089358
17089359
17089360
17089361
17089362
17089363
17089364
17089365
17089366
17089367
17089368
17089369
17089377
17089378
17089379
17089380
17089381
17089382
17089383
17089384
17089386
17089387
17089388
17089389
17089390
17089391
17089392
17089393
17089394
17089395
17089396
17089397
17089398
17089399
17089400
17089401
17089402
17089403
17089404
17089405
17089406
17089407
17089408
17089409
17089410
17089411
17089412
17089413
17089414
17089415
17089416
17089417
17089418
17089419
17089420
17089421
17089422
17092609
17092610
17092611
17092612
17092613
17092614
17092615
17092616
17092617
17092618
17092619
17092620
17092621
17092622
17092623
17092624
17092625
17092626
17092627
17092628
17093329
17093330
17093331
17093332
17093333
17093334
17093335
17093336
17093337
17093338
17093341
17093342
17093343
17093344
17093345
17093346
17093347
17093348
17093349
17093350
17093351
17093352
17093353
17093354
17093355
17093356
17093357
17093358
17093359
17093360
17093361
17093362
17093363
17093364
17093365
17093366
17093367
17093368
17093369
17093370
17093371
17093372
17093373
17093374
17093375
17093376
17093377
17093378
17093379
17093380
17093381
17093382
17093383
17093384
17093385
17093386
17093387
17093388
17093389
17093390
17093391
17093392
17093393
17093394
17093395
17093396
17093397
17093398
17093399
17093400
17093401
17093402
17093403
17093404
17093405
17093406
17093407
17093408
17093409
17093410
17093411
17093412
17093413
17093414
17093415
17093416
17093417
17093418
17093419
17093420
17093421
17093422
17093423
17093424
17093425
17093426
17093427
17093428
17093429
17093430
17093431
17093432
17093433
17093434
17093435
17093436
17093437
17093438
17093439
17093440
17093441
17093442
17093443
17093444
17093445
17093446
17093447
17093448
17093449
17093450
17093451
17093452
17093453
17093454
17093455
17093456
17093457
17093458
17093459
17093460
17093461
17093462
17093463
17093464
17093465
17093466
17093467
17093468
17093469
17093470
17093471
17093472
17093473
17093474
17093475
17093476
17093477
17093478
17093479
17093480
17093481
17093482
17093483
17093610
17093611
17093612
17096705
17096706
17096707
17096708
17096709
17096710
17097270
17097280
17097281
17097282
17097283
17097284
17097285
17097286
17097287
17097288
17097289
17097290
17097291
17097292
17097293
17097294
17097295
17097296
17097297
17097312
17097313
17097314
17097315
17097316
17097317
17097318
17097319
17097320
17097321
17097322
17097323
17097324
17097325
17097326
17097327
17097328
17097330
17097331
17097332
17097333
17097334
17097335
17097336
17097337
17097338
17097339
17097340
17097341
17097342
17097343
17097344
17097345
17097346
17097347
17097348
17097349
17097350
17097351
17097352
17097353
17097354
17097355
17097356
17097357
17097358
17097359
17097360
17097361
17097362
17097363
17097364
17097365
17097366
17097367
17097368
17097369
17097370
17097371
17097372
17097373
17097374
17097375
17097376
17097377
17097378
17097379
17097380
17097381
17097382
17097383
17097384
17097385
17097386
17097387
17097388
17097389
17097390
17097391
17097392
17097393
17097394
17101285
17101286
17101287
17101288
17101289
17101290
17101291
17101292
17101293
17101294
17101295
17101296
17101297
17101298
17101299
17101301
17101302
17101303
17101304
17101305
17101306
17101307
17101308
17101309
17101310
17101311
17101312
17101313
17101314
17101315
17101316
17101317
17101318
17101319
17101320
17101321
17101322
17101323
17101324
17101325
17101326
17101327
17101328
17101329
17101330
17101331
17101332
17101333
17101334
17101335
17101336
17101337
17101338
17101339
17101340
17101341
17101342
17101343
17101344
17101345
17101346
17101347
17101348
17101349
17101350
17101351
17101352
17101353
17101354
17101355
17101356
17101357
17101358
17101359
17101360
17101361
17101362
17101363
17101364
17101365
17101366
17101367
17101368
17101369
17101370
17101371
17101372
17101373
17101374
17101375
17101376
17101377
17101378
17101379
17101380
17101381
17101382
17101383
17101384
17101385
17101386
17101387
17101388
17101389
17101390
17101391
17101392
17101393
17101394
17101395
17101396
17101397
17101398
17101399
17101400
17101401
17101402
17101403
17101404
17101405
17101406
17101407
17101408
17101409
17101410
17101411
17101412
17101413
17101414
17101415
17101416
17101417
17101418
17101419
17105248
17105249
17105250
17105251
17105252
17105253
17105254
17105255
17105256
17105257
17105258
17105259
17105260
17105261
17105262
17105263
17105264
17105265
17105266
17105267
17105268
17105269
17105270
17105271
17105272
17105273
17105274
17105275
17105276
17105277
17105278
17105279
17105280
17105281
17105282
17105283
17105284
17105285
17105286
17105287
17105288
17105289
17105290
17105291
17105292
17105293
17105294
17105295
17105296
17105297
17105298
17105299
17105300
17105301
17105302
17105303
17105304
17105305
17105306
17105307
17105309
17105310
17105311
17105312
17105313
17105314
17105315
17105316
17105317
17105318
17105319
17105320
17105321
17105322
17105323
17105324
17105325
17105326
17105327
17105328
17105329
17105330
17105331
17105332
17105333
17105334
17105335
17105336
17105337
17105338
17105339
17105340
17105341
17105342
17105343
17105344
17105345
17105346
17105347
17105348
17105349
17105350
17105351
17105352
17105353
17105354
17105355
17105356
17105357
17105358
17105359
17105360
17105361
17105362
17105363
17105364
17105365
17105366
17105367
17105368
17105369
17105370
17105371
17105372
17105373
17105374
17105375
17105376
17105377
17105378
17105379
17105380
17105381
17105382
17105383
17105384
17105385
17105386
17105387
17105388
17105389
17105390
17105391
17105392
17105393
17105394
17105395
17105396
17105397
17105398
17105399
17105400
17105401
17105402
17105403
17105404
17105405
17105406
17105407
17105408
17105409
17105410
17105411
17105412
17105413
17105414
17105415
17105416
17105417
17105418
17105419
17105420
17105421
17105422
17105423
17105424
17105425
17105426
17105427
17105428
17105429
17105430
17105431
17105432
17105433
17105434
17105435
17105436
17105437
17105438
17105439
17105440
17105441
17105442
17105443
17105444
17105445
17105446
17105447
17105448
17105449
17105450
17105451
17105452
17105453
17105454
17105455
17105456
17105457
17105458
17105459
17105460
17105461
17105462
17105463
17105464
17105465
17105466
17105467
17105468
17105469
17105470
17105471
17105472
17105473
17105474
17105475
17105476
17105477
17105478
17105479
17105480
17105481
17105482
17105483
17105484
17105485
17105486
17105487
17105488
17105489
17105490
17105491
17105492
17105493
17105494
17105495
17105496
17105497
17105498
17105499
17105500
17105501
17105502
17105503
17105504
17105505
17105506
17105507
17105508
17105509
17105510
17105511
17105512
17105513
17105514
17105515
17105516
17105517
17105518
17105519
17105520
17105521
17105522
17105523
17105524
17105525
17105526
17105527
17105528
17105529
17105530
17105531
17105532
17105533
17105534
17105535
17105536
17105537
17105538
17105539
17105540
17105541
17105542
17105543
17105544
17105545
17105546
17105547
17105548
17105549
17105550
17105551
17105552
17105553
17105554
17105555
17105556
17105557
17105558
17105559
17105560
17105561
17105562
17105563
17105564
17105565
17105566
17105567
17105568
17105569
17105570
17105571
17105572
17105573
17105574
17105575
17105576
17105577
17105578
17105579
17105580
17105581
17105582
17105583
17105584
17105585
17105586
17105587
17105588
17105589
17105590
17105591
17105592
17105593
17105594
17105595
17105596
17105597
17105598
17105599
17105600
17105601
17105602
17105603
17105604
17105605
17105606
17105607
17105608
17105609
17105610
17105611
17105612
17105613
17105614
17105615
17105616
17105617
17105618
17105619
17105620
17105621
17105622
17105623
17105624
17105625
17105626
17105627
17105628
17105629
17105630
17105631
17105632
17105633
17105634
17105635
17105636
17105637
17105638
17105639
17105640
17105641
17105642
17105643
17105644
17105645
17105646
17105647
17105648
17105649
17105650
17105651
17105652
17105653
17105654
17105655
17105656
17105657
17105658
17105659
17105660
17105661
17105662
17105663
17105664
17105665
17105666
17105667
17105668
17105669
17105670
17105671
17105672
17105673
17105674
17105675
17105676
17105677
17105678
17105679
17105680
17105681
17105682
17105683
17105684
17105685
17105686
17105687
17105688
17105689
17105690
17105691
17105692
17105693
17105694
17105695
17105696
17105697
17105698
17105699
17105700
17105701
17105702
17105703
17105704
17105705
17105706
17105707
17105708
17109721
17109722
17109723
17109724
17109725
17109726
17109727
17109728
17109729
17109730
17109731
17109732
17109733
17109734
17109735
17109736
17109737
17109738
17109739
17109740
17109741
17109742
17109743
17109744
17109745
17109746
17109747
17109748
17109749
17109750
17109751
17109752
17109753
17109754
17109755
17109756
17109757
17109758
17109759
17109760
17109761
17109763
17109764
17109765
17109766
17109767
17109768
17109769
17109770
17109771
17109772
17109773
17109774
17109775
17109776
17109777
17109778
17109779
17109780
17109781
17109782
17109783
17109784
17109785
17109786
17109787
17109788
17109789
17109790
17109791
17109792
17109793
17109794
17109795
17109796
17109797
17109798
17109799
17109800
17109801
17109802
17109803
17109804
17109805
17109806
17109807
17109808
17109809
17109810
17109811
17109812
17109813
17109814
17109815
17109816
17109817
17109818
17109819
17109820
17109821
17109822
17109823
17109824
17109825
17109826
17109827
17109828
17109829
17109830
17109831
17109832
17109833
17109834
17109835
17109836
17109837
17109838
17109839
17109840
17109841
17109842
17109843
17109844
17109845
17109846
17109847
17109848
17109849
17109850
17109851
17109852
17109853
17109854
17109855
17109856
17109857
17113829
17113830
17113831
17113832
17113833
17113834
17113835
17113837
17113838
17113839
17113840
17113841
17113842
17113843
17113844
17113845
17113846
17113847
17113848
17113849
17113850
17113851
17113852
17113853
17113854
17113855
17113856
17113857
17113858
17113859
17113860
17113861
17113862
17113863
17113864
17113865
17113866
17113867
17113868
17113869
17113870
17113872
17113873
17113874
17113875
17113876
17113877
17113878
17113879
17113880
17113881
17113882
17113883
17113884
17113885
17113886
17113887
17113888
17113889
17113890
17113891
17113892
17113893
17113894
17113895
17113896
17113897
17113898
17113899
17113900
17113901
17113902
17113903
17113904
17113905
17113906
17113907
17113908
17113909
17113910
17113911
17113912
17113913
17113914
17113915
17113916
17113917
17113918
17113919
17113920
17113921
17113922
17113923
17113924
17113925
17113926
17113927
17113928
17113929
17113930
17113931
17113932
17113933
17113934
17113935
17113936
17113937
17113938
17113939
17113940
17113941
17113942
17113943
17113944
17113945
17113946
17113947
17113948
17113949
17113950
17113951
17113952
17113953
17113954
17113955
17113956
17113957
17113958
17113959
17113960
17113961
17113962
17113963
17113964
17113965
17113966
17113967
17113968
17113969
17113970
17113971
17113972
17113973
17113974
17113975
17113976
17113977
17113978
17113979
17113980
17113981
17113982
17113983
17113984
17113985
17113986
17113987
17113988
17113989
17113990
17113991
17113992
17113993
17113994
17113995
17113996
17113997
17113998
17113999
17114000
17114001
17114002
17114003
17114004
17114005
17114006
17114007
17114008
17114009
17114010
17114011
17114012
17114013
17114014
17114015
17114016
17114017
17114018
17114019
17114020
17114021
17114022
17114023
17114024
17114025
17114026
17114027
17114028
17114029
17114030
17114031
17114032
17114033
17114034
17114035
17114036
17114037
17114038
17114039
17114040
17114041
17114042
17114043
17114044
17114045
17114046
17114047
17117894
17117895
17117896
17117897
17117898
17117899
17117900
17117901
17117902
17117903
17117904
17117905
17117906
17117907
17117908
17117909
17117910
17117911
17117912
17117913
17117914
17117915
17117916
17117917
17117918
17117919
17117920
17117921
17117922
17117923
17117924
17117925
17117926
17117927
17117928
17117929
17117930
17117931
17117932
17117933
17117934
17117935
17117937
17117938
17117939
17117940
17117941
17117942
17117943
17117944
17117945
17117946
17117947
17117948
17117949
17117950
17117951
17117952
17117953
17117954
17117955
17117956
17117957
17117958
17117959
17117960
17117961
17117962
17117963
17117964
17117965
17117966
17117967
17117968
17117969
17117970
17117971
17117972
17117973
17117974
17117975
17117976
17117977
17117978
17117979
17117980
17117981
17117982
17117983
17117984
17117985
17117986
17117987
17117988
17117989
17117990
17117991
17117992
17117993
17117994
17117995
17117996
17117997
17117998
17117999
17118000
17118001
17118002
17118003
17118004
17118005
17118006
17118007
17118008
17118009
17118010
17118011
17118012
17118013
17118014
17118015
17118016
17118017
17118018
17118019
17118020
17118021
17118022
17118023
17118024
17118025
17118026
17118027
17118028
17118029
17118030
17118031
17118032
17118033
17118034
17118035
17118036
17118037
17118038
17118039
17118040
17118041
17118042
17118043
17118044
17118045
17118046
17118047
17118048
17118049
17122052
17122053
17122054
17122055
17122056
17122057
17122058
17122059
17122060
17122061
17122062
17122063
17122064
17122065
17122066
17122067
17122068
17122069
17122070
17122071
17122072
17122073
17122074
17122075
17122076
17122077
17122078
17122079
17122080
17122081
17122082
17122083
17122084
17122085
17122086
17122087
17122088
17122089
17122090
17122091
17122092
17122093
17122095
17122096
17122097
17122098
17122099
17122100
17122101
17122102
17122103
17122104
17122105
17122106
17122107
17122108
17122109
17122110
17122111
17122112
17122113
17122114
17122115
17122116
17122117
17122118
17122119
17122120
17122121
17122122
17122123
17122124
17122125
17122126
17122127
17122128
17122129
17122130
17122131
17122132
17122133
17122134
17122135
17122136
17122137
17122138
17122139
17122140
17122141
17122142
17122143
17122144
17122145
17122146
17122147
17122148
17122149
17122150
17122151
17122152
17122153
17122154
17122155
17122156
17122157
17122158
17122159
17122160
17122161
17122162
17122163
17122164
17122165
17122166
17122167
17122168
17122169
17122170
17122171
17122172
17122173
17122174
17122175
17122176
17122177
17122178
17122179
17122180
17122181
17122182
17122183
17122184
17122185
17122186
17122187
17122188
17122189
17122190
17122191
17122192
17122193
17122194
17122195
17122196
17122197
17122198
17122199
17122200
17122201
17122202
17122203
17122204
17122205
17122206
17122207
17122208
17122209
17122210
17122211
17122212
17122213
17122214
17122215
17122216
17122217
17122218
17122219
17122220
17122221
17122222
17122223
17122224
17122225
17122226
17122227
17122228
17122229
17122230
17122231
17122232
17122233
17122234
17122235
17122236
17122237
17122238
17122239
17122240
17122241
17122242
17122243
17122244
17122245
17122246
17122247
17122248
17122249
17122250
17122251
17122252
17122253
17122254
17122255
17122256
17122257
17122258
17122259
17122260
17122261
17122262
17122263
17122264
17122265
17122266
17122267
17122268
17122269
17122270
17122271
17122272
17122273
17122274
17122275
17122276
17122277
17122278
17122279
17122280
17122281
17122282
17122283
17122284
17122285
17122286
17122287
17122288
17122289
17122290
17122291
17122292
17122293
17122294
17125667
17125672
17125677
17125689
17125695
17125701
17126053
17126054
17126055
17126056
17126057
17126058
17126059
17126060
17126061
17126062
17126063
17126064
17126065
17126066
17126067
17126068
17126069
17126070
17126071
17126072
17126073
17126074
17126075
17126076
17126077
17126078
17126079
17126080
17126081
17126082
17126083
17126084
17126085
17126086
17126087
17126088
17126090
17126091
17126092
17126093
17126094
17126095
17126096
17126097
17126098
17126099
17126100
17126101
17126102
17126103
17126104
17126105
17126106
17126107
17126108
17126109
17126110
17126111
17126112
17126113
17126114
17126115
17126116
17126117
17126118
17126119
17126120
17126121
17126122
17126123
17126124
17126125
17126126
17126127
17126128
17126129
17126130
17126131
17126132
17126133
17126134
17126135
17126136
17126137
17126138
17126139
17126140
17126141
17126142
17126143
17126144
17126145
17126146
17126147
17126148
17126149
17126150
17126151
17126152
17126153
17126154
17126155
17126156
17126157
17126158
17126159
17126160
17126161
17126162
17126163
17126164
17126165
17126166
17126167
17126168
17126169
17126170
17126171
17126172
17126173
17126174
17126175
17126176
17126177
17126178
17126179
17126180
17126181
17126182
17126183
17126184
17126185
17126186
17126187
17126188
17126189
17126190
17126191
17126192
17126193
17126194
17126195
17126196
17129628
17129629
17129630
17129632
17129634
17129635
17129636
17129644
17129645
17129646
17129647
17129648
17129649
17129650
17129651
17129652
17129653
17129654
17129655
17129656
17129657
17129658
17129659
17129660
17129661
17129662
17129663
17129664
17129665
17129666
17129667
17129668
17129669
17129670
17129671
17129672
17129673
17129674
17129675
17129676
17129677
17129678
17129679
17129680
17129681
17129682
17129683
17129684
17129685
17129686
17129687
17129688
17129689
17129690
17129691
17129692
17129693
17129694
17129695
17129696
17129697
17129698
17129699
17129700
17129701
17129702
17129703
17129704
17129705
17129706
17129707
17129708
17129709
17129710
17129711
17129712
17129714
17129715
17129716
17129717
17129718
17129719
17129720
17129721
17129722
17129723
17129724
17129725
17129726
17129727
17129728
17129729
17129730
17129731
17129732
17129733
17129734
17129735
17129736
17129737
17129738
17129739
17129740
17129741
17129742
17129743
17129744
17129745
17129746
17129747
17129748
17129749
17129750
17129751
17129752
17129753
17129754
17129755
17129756
17129757
17129758
17129759
17129760
17129761
17129762
17129763
17129764
17129765
17129766
17129767
17129768
17129769
17129770
17129771
17129772
17133920
17133936
17133937
17133938
17133939
17133940
17133941
17133942
17133943
17133944
17133945
17133946
17133947
17133948
17133949
17133950
17133951
17133952
17133953
17133954
17133955
17133956
17133957
17133958
17133959
17133960
17133961
17133962
17133963
17133964
17133965
17133966
17133967
17133968
17133969
17133970
17133971
17133972
17133973
17133974
17133975
17133976
17133977
17133978
17133979
17133980
17133982
17133983
17133984
17133985
17133986
17133987
17133988
17133989
17133990
17133991
17133992
17133993
17133994
17133995
17133996
17133997
17133998
17133999
17134000
17134001
17134002
17134003
17134004
17134005
17134006
17134007
17134008
17134009
17134010
17134011
17134012
17134013
17134014
17134015
17134016
17134017
17134018
17134019
17134020
17134021
17134022
17134023
17134024
17134025
17134026
17134027
17134028
17134029
17134030
17134031
17134032
17134033
17134034
17134035
17134036
17134037
17134038
17134039
17134040
17134041
17134042
17134043
17134044
17134045
17134046
17134047
17134048
17134049
17134050
17134051
17134052
17134053
17134054
17134055
17134056
17134057
17134058
17134059
17134060
17134061
17134062
17134063
17134064
17134065
17134066
17134067
17134068
17134069
17134070
17134071
17134072
17134073
17134074
17134075
17134076
17134077
17134078
17134079
17134080
17134081
17134082
17134083
17134084
17134085
17134086
17134087
17134088
17134089
17134090
17134091
17134092
17134093
17134094
17134095
17134096
17134097
17134098
17134099
17134100
17134101
17134102
17134103
17134104
17134105
17134106
17134107
17134108
17134109
17134110
17134111
17134112
17134113
17134114
17134115
17134116
17134117
17134118
17134119
17134120
17134121
17134122
17134123
17134124
17134125
17134126
17134127
17134128
17134129
17134130
17134131
17134132
17134133
17134134
17134135
17134136
17134137
17134138
17134139
17134140
17134141
17134142
17134143
17134144
17134145
17134146
17134147
17134148
17134149
17134150
17134151
17134152
17134153
17134154
17134155
17134156
17134157
17134158
17134159
17134160
17134161
17134162
17134163
17134164
17134165
17134166
17134167
17134168
17134169
17134170
17134171
17134172
17134173
17134174
17134175
17134176
17134177
17134178
17134179
17134180
17134181
17134182
17134183
17134184
17134185
17134186
17134187
17134188
17134189
17134190
17134191
17134192
17134193
17134194
17134195
17134196
17134197
17134198
17134199
17134200
17134201
17134202
17134203
17134204
17134205
17134206
17134207
17134208
17134209
17134210
17134211
17134212
17134213
17134214
17134215
17134216
17134217
17134218
17134219
17134220
17134221
17134222
17134223
17134224
17134225
17134226
17134227
17134228
17134229
17134230
17134231
17134232
17134233
17134234
17134235
17134236
17134237
17134238
17134239
17134240
17134241
17134242
17134243
17134244
17134245
17134246
17134247
17134248
17134249
17134250
17134251
17134252
17134253
17134254
17134255
17134256
17134257
17134258
17134259
17134260
17134261
17134262
17134263
17134264
17134265
17134266
17134267
17134268
17134269
17134270
17134271
17134272
17134273
17134274
17134275
17134276
17134277
17134278
17134279
17134280
17134281
17134282
17134283
17138411
17138412
17138413
17138414
17138416
17138417
17138418
17138419
17138420
17138421
17138422
17138423
17138424
17138425
17138426
17138427
17138428
17138429
17138430
17138431
17138432
17138433
17138434
17138435
17138436
17138437
17138438
17138439
17138440
17138441
17138442
17138443
17138444
17138445
17138446
17138447
17138448
17138449
17138450
17138451
17138452
17138454
17138455
17138456
17138457
17138458
17138459
17138460
17138461
17138462
17138463
17138464
17138465
17138466
17138467
17138468
17138469
17138470
17138471
17138472
17138473
17138474
17138475
17138476
17138477
17138478
17138479
17138480
17138481
17138482
17138483
17138484
17138485
17138486
17138487
17138488
17138489
17138490
17138491
17138492
17138493
17138494
17138495
17138496
17138497
17138498
17138499
17138500
17138501
17138502
17138503
17138504
17138505
17138506
17138507
17138508
17138509
17138510
17138511
17138512
17138513
17138514
17138515
17138516
17138517
17138518
17138519
17138520
17138521
17138522
17138523
17138524
17138525
17138526
17138527
17138528
17138529
17138530
17138531
17138532
17138533
17138534
17138535
17138536
17138537
17138538
17138539
17138540
17138541
17138542
17138543
17138544
17138545
17138546
17138547
17138548
17138549
17138550
17138551
17138552
17138553
17138554
17138555
17138556
17138557
17138558
17138559
17138560
17138561
17138562
17138563
17138564
17138565
17138566
17138567
17138568
17138569
17138570
17138571
17138572
17138573
17138574
17138575
17138576
17138577
17138578
17138579
17138580
17138581
17138582
17138583
17138584
17138585
17138586
17138587
17138588
17138589
17138590
17138591
17138592
17138593
17138594
17138595
17138596
17138597
17138598
17138599
17138600
17138601
17138602
17138603
17138604
17138605
17138606
17138607
17138608
17138609
17138610
17138611
17138612
17138613
17142453
17142454
17142455
17142456
17142458
17142460
17142461
17142462
17142463
17142464
17142465
17142466
17142467
17142468
17142469
17142470
17142471
17142472
17142473
17142474
17142475
17142476
17142477
17142478
17142479
17142480
17142481
17142482
17142483
17142484
17142485
17142486
17142487
17142488
17142489
17142490
17142491
17142492
17142493
17142494
17142496
17142497
17142498
17142499
17142500
17142501
17142502
17142503
17142504
17142505
17142506
17142507
17142508
17142509
17142510
17142511
17142512
17142513
17142514
17142515
17142516
17142517
17142518
17142519
17142520
17142521
17142522
17142523
17142524
17142525
17142526
17142527
17142528
17142529
17142530
17142531
17142532
17142533
17142534
17142535
17142536
17142537
17142538
17142539
17142540
17142541
17142542
17142543
17142544
17142545
17142546
17142547
17142548
17142549
17142550
17142551
17142552
17142553
17142554
17142555
17142556
17142557
17142558
17142559
17142560
17142561
17142562
17142563
17142564
17142565
17142566
17142567
17142568
17142569
17142570
17142571
17142572
17142573
17142574
17142575
17142576
17142577
17142578
17142579
17142580
17142581
17142582
17142583
17142584
17142585
17142586
17142587
17142588
17142589
17142590
17142591
17142592
17142593
17142594
17142595
17142596
17142597
17142598
17142599
17142600
17142601
17142602
17142603
17142604
17142605
17142606
17142607
17142608
17142609
17142610
17142611
17142612
17142613
17142614
17142615
17142616
17142617
17142618
17142619
17142620
17142621
17142622
17142623
17142624
17142625
17142626
17142627
17142628
17142629
17142630
17142631
17142632
17142633
17142634
17142635
17142636
17142637
17142638
17142639
17142640
17146513
17146514
17146515
17146516
17146517
17146518
17146519
17146520
17146521
17146522
17146523
17146524
17146525
17146526
17146527
17146528
17146529
17146530
17146531
17146532
17146533
17146534
17146535
17146536
17146537
17146538
17146539
17146540
17146541
17146542
17146543
17146544
17146545
17146546
17146547
17146548
17146549
17146550
17146551
17146552
17146553
17146555
17146556
17146557
17146558
17146559
17146560
17146561
17146562
17146563
17146564
17146565
17146566
17146567
17146568
17146569
17146570
17146571
17146572
17146573
17146574
17146575
17146576
17146577
17146578
17146579
17146580
17146581
17146582
17146583
17146584
17146585
17146586
17146587
17146588
17146589
17146590
17146591
17146592
17146593
17146594
17146595
17146596
17146597
17146598
17146599
17146600
17146601
17146602
17146603
17146604
17146605
17146606
17146607
17146608
17146609
17146610
17146611
17146612
17146613
17146614
17146615
17146616
17146617
17146618
17146619
17146620
17146621
17146622
17146623
17146624
17146625
17146626
17146627
17146628
17146629
17146630
17146631
17146632
17146633
17146634
17146635
17146636
17146637
17146638
17146639
17146640
17146641
17146642
17146643
17146644
17146645
17146646
17146647
17146648
17146649
17146650
17146651
17146652
17146653
17146654
17146655
17146656
17146657
17146658
17146659
17146660
17146661
17146662
17150672
17150673
17150674
17150675
17150676
17150677
17150678
17150679
17150680
17150681
17150682
17150683
17150684
17150685
17150686
17150687
17150688
17150689
17150690
17150691
17150692
17150693
17150694
17150695
17150696
17150697
17150698
17150699
17150700
17150701
17150702
17150703
17150704
17150705
17150706
17150707
17150708
17150709
17150710
17150711
17150713
17150714
17150715
17150716
17150717
17150718
17150719
17150720
17150721
17150722
17150723
17150724
17150725
17150726
17150727
17150728
17150729
17150730
17150731
17150732
17150733
17150734
17150735
17150736
17150737
17150738
17150739
17150740
17150741
17150742
17150743
17150744
17150745
17150746
17150747
17150748
17150749
17150750
17150751
17150752
17150753
17150754
17150755
17150756
17150757
17150758
17150759
17150760
17150761
17150762
17150763
17150764
17150765
17150766
17150767
17150768
17150769
17150770
17150771
17150772
17150773
17150774
17150775
17150776
17150777
17150778
17150779
17150780
17150781
17150782
17150783
17150784
17150785
17150786
17150787
17150788
17150789
17150790
17150791
17150792
17150793
17150794
17150795
17150796
17150797
17150798
17150799
17150800
17150801
17150802
17150803
17150804
17150805
17150806
17150807
17150808
17150809
17150810
17150811
17150812
17150813
17150814
17150815
17150816
17150817
17150818
17150819
17150820
17150821
17150822
17150823
17150824
17150825
17150826
17150827
17150828
17150829
17150830
17150831
17150832
17150833
17150834
17150835
17150836
17150837
17150838
17150839
17150840
17150841
17150842
17150843
17150844
17150845
17150846
17150847
17150848
17150849
17150850
17150851
17154373
17154378
17154383
17154392
17154398
17154404
17154756
17154757
17154758
17154759
17154760
17154761
17154762
17154763
17154764
17154765
17154766
17154767
17154768
17154769
17154770
17154771
17154772
17154773
17154774
17154775
17154776
17154777
17154778
17154779
17154780
17154781
17154782
17154783
17154784
17154785
17154786
17154787
17154788
17154789
17154790
17154792
17154793
17154794
17154795
17154796
17154797
17154798
17154799
17154800
17154801
17154802
17154803
17154804
17154805
17154806
17154807
17154808
17154809
17154810
17154811
17154812
17154813
17154814
17154815
17154816
17154817
17154818
17154819
17154820
17154821
17154822
17154823
17154824
17154825
17154826
17154827
17154828
17154829
17154830
17154831
17154832
17154833
17154834
17154835
17154836
17154837
17154838
17154839
17154840
17154841
17154842
17154843
17154844
17154845
17154846
17154847
17154848
17154849
17154850
17154851
17154852
17154853
17154854
17154855
17154856
17154857
17154858
17154859
17154860
17154861
17154862
17158287
17158288
17158289
17158290
17158291
17158292
17158297
17158298
17158299
17158300
17158301
17158302
17158304
17158307
17158308
17158309
17158310
17158311
17158312
17158313
17158314
17158315
17158316
17158317
17158318
17158319
17158320
17158321
17158322
17158323
17158324
17158325
17158326
17158327
17158328
17158329
17158330
17158331
17158332
17158333
17158334
17158335
17158336
17158337
17158338
17158339
17158340
17158341
17158342
17158343
17158344
17158345
17158346
17158347
17158348
17158349
17158350
17158351
17158352
17158353
17158354
17158355
17158356
17158357
17158358
17158359
17158360
17158361
17158362
17158363
17158364
17158365
17158366
17158367
17158368
17158369
17158370
17158371
17158372
17158373
17158374
17158375
17158376
17158377
17158378
17158379
17158380
17158381
17158382
17158383
17158384
17158385
17158386
17158387
17158388
17158389
17158390
17158391
17158392
17158393
17158394
17158395
17158396
17158397
17158398
17158399
17158400
17162610
17162626
17162627
17162628
17162629
17162630
17162631
17162632
17162633
17162634
17162635
17162636
17162637
17162638
17162639
17162640
17162641
17162642
17162643
17162644
17162645
17162646
17162647
17162648
17162649
17162650
17162651
17162652
17162653
17162654
17162655
17162656
17162657
17162658
17162659
17162660
17162661
17162662
17162663
17162664
17162665
17162666
17162667
17162668
17162669
17162671
17162672
17162673
17162674
17162675
17162676
17162677
17162678
17162679
17162680
17162681
17162682
17162683
17162684
17162685
17162686
17162687
17162688
17162689
17162690
17162691
17162692
17162693
17162694
17162695
17162696
17162697
17162698
17162699
17162700
17162701
17162702
17162703
17162704
17162705
17162706
17162707
17162708
17162709
17162710
17162711
17162712
17162713
17162714
17162715
17162716
17162717
17162718
17162719
17162720
17162721
17162722
17162723
17162724
17162725
17162726
17162727
17162728
17162729
17162730
17162731
17162732
17162733
17162734
17162735
17162736
17162737
17162738
17162739
17162740
17162741
17162742
17162743
17162744
17162745
17162746
17162747
17162748
17162749
17162750
17162751
17162752
17162753
17162754
17162755
17162756
17162757
17162758
17162759
17162760
17162761
17162762
17162763
17162764
17162765
17162766
17162767
17162768
17162769
17162770
17162771
17162772
17162773
17162774
17162775
17162776
17162777
17162778
17162779
17162780
17162781
17162782
17162783
17162784
17162785
17162786
17162787
17162788
17162789
17162790
17162791
17162792
17162793
17162794
17162795
17162796
17162797
17162798
17162799
17162800
17162801
17162802
17162803
17162804
17162805
17162806
17162807
17162808
17162809
17162810
17162811
17162812
17162813
17162814
17162815
17162816
17162817
17162818
17162819
17162820
17162821
17162822
17162823
17162824
17162825
17162826
17162827
17162828
17162829
17162830
17162831
17162832
17162833
17162834
17162835
17162836
17162837
17162838
17162839
17162840
17162841
17162842
17162843
17162844
17162845
17162846
17162847
17162848
17162849
17162850
17162851
17162852
17162853
17162854
17162855
17162856
17162857
17162858
17162859
17162860
17162861
17162862
17162863
17162864
17162865
17162866
17162867
17162868
17162869
17162870
17162871
17162872
17162873
17162874
17162875
17162876
17162877
17162878
17162879
17162880
17162881
17162882
17162883
17162884
17162885
17162886
17162887
17162888
17162889
17162890
17162891
17162892
17162893
17162894
17162895
17162896
17162897
17162898
17162899
17162900
17162901
17162902
17162903
17162904
17162905
17162906
17162907
17162908
17162909
17162910
17162911
17162912
17162913
17162914
17162915
17162916
17162917
17162918
17162919
17162920
17162921
17162922
17162923
17162924
17162925
17162926
17162927
17162928
17162929
17162930
17162931
17162932
17162933
17162934
17162935
17162936
17162937
17162938
17162939
17162940
17162941
17162942
17162943
17162944
17162945
17162946
17162947
17162948
17162949
17162950
17162951
17162952
17162953
17162954
17162955
17162956
17162957
17162958
17162959
17162960
17162961
17162962
17162963
17162964
17162965
17162966
17162967
17162968
17162969
17162970
17162971
17162972
17162973
17162974
17162975
17162976
17162977
17162978
17162979
17162980
17162981
17162982
17162983
17162984
17162985
17162986
17162987
17162988
17162989
17162990
17162991
17162992
17162993
17162994
17162995
17162996
17162997
17162998
17162999
17163000
17163001
17163002
17163003
17163004
17163005
17163006
17163007
17163008
17163009
17163010
17163011
17163012
17163013
17163014
17163015
17163016
17163017
17163018
17163019
17163020
17163021
17163022
17163023
17163024
17163025
17163026
17163027
17163028
17167116
17167117
17167118
17167119
17167120
17167121
17167122
17167123
17167124
17167125
17167126
17167127
17167128
17167129
17167130
17167131
17167132
17167133
17167134
17167135
17167136
17167137
17167138
17167139
17167140
17167141
17167142
17167143
17167144
17167145
17167146
17167147
17167148
17167149
17167150
17167151
17167152
17167153
17167154
17167155
17167156
17167158
17167159
17167160
17167161
17167162
17167163
17167164
17167165
17167166
17167167
17167168
17167169
17167170
17167171
17167172
17167173
17167174
17167175
17167176
17167177
17167178
17167179
17167180
17167181
17167182
17167183
17167184
17167185
17167186
17167187
17167188
17167189
17167190
17167191
17167192
17167193
17167194
17167195
17167196
17167197
17167198
17167199
17167200
17167201
17167202
17167203
17167204
17167205
17167206
17167207
17167208
17167209
17167210
17167211
17167212
17167213
17167214
17167215
17167216
17167217
17167218
17167219
17167220
17167221
17167222
17167223
17167224
17167225
17167226
17167227
17167228
17167229
17167230
17167231
17167232
17167233
17167234
17167235
17167236
17167237
17167238
17167239
17167240
17167241
17167242
17167243
17167244
17167245
17167246
17167247
17167248
17167249
17167250
17167251
17167252
17167253
17167254
17167255
17167256
17167257
17167258
17167259
17167260
17167261
17167262
17167263
17167264
17167265
17167266
17167267
17167268
17167269
17167270
17167271
17167272
17167273
17167274
17167275
17167276
17167277
17167278
17167279
17167280
17167281
17167282
17167283
17167284
17167285
17167286
17167287
17167288
17167289
17167290
17167291
17167292
17167293
17167294
17167295
17167296
17167297
17167298
17167299
17167300
17167301
17167302
17167303
17167304
17167305
17167306
17167307
17167308
17167309
17167310
17167311
17167312
17167313
17167314
17167315
17167316
17167317
17167318
17167319
17167320
17167321
17167322
17167323
17167324
17167325
17167326
17171007
17171008
17171009
17171010
17171011
17171012
17171013
17171014
17171015
17171016
17171017
17171018
17171019
17171020
17171021
17171022
17171023
17171024
17171025
17171026
17171027
17171028
17171029
17171030
17171031
17171032
17171033
17171034
17171035
17171036
17171037
17171038
17171039
17171040
17171041
17171042
17171043
17171044
17171045
17171046
17171048
17171049
17171050
17171051
17171052
17171053
17171054
17171055
17171056
17171057
17171058
17171059
17171060
17171061
17171062
17171063
17171064
17171065
17171066
17171067
17171068
17171069
17171070
17171071
17171072
17171073
17171074
17171075
17171076
17171077
17171078
17171079
17171080
17171081
17171082
17171083
17171084
17171085
17171086
17171087
17171088
17171089
17171090
17171091
17171092
17171093
17171094
17171095
17171096
17171097
17171098
17171099
17171100
17171101
17171102
17171103
17171104
17171105
17171106
17171107
17171108
17171109
17171110
17171111
17171112
17171113
17171114
17171115
17171116
17171117
17171118
17171119
17171120
17171121
17171122
17171123
17171124
17171125
17171126
17171127
17171128
17171129
17171130
17171131
17171132
17171133
17171134
17171135
17171136
17171137
17171138
17171139
17171140
17171141
17171142
17171143
17171144
17171145
17171146
17171147
17171148
17171149
17171150
17171151
17171152
17171153
17171154
17171155
17171156
17171157
17171158
17171159
17171160
17171161
17171162
17171163
17171164
17171165
17171166
17171167
17171168
17171169
17171170
17171171
17171172
17171173
17171174
17171175
17171176
17171177
17171178
17171179
17171180
17171181
17171182
17171183
17171184
17171185
17171186
17171187
17171188
17171189
17171190
17171191
17171192
17171193
17171194
17171195
17171196
17171197
17171198
17171199
17171200
17171201
17171202
17171203
17171204
17171205
17171206
17171207
17171208
17171209
17171210
17171211
17171212
17171213
17171214
17171215
17171216
17171217
17171218
17171219
17171220
17171221
17171222
17171223
17171224
17171225
17171226
17171227
17171228
17171229
17171230
17171231
17171232
17171233
17171234
17171235
17171236
17171237
17171238
17171239
17171240
17171241
17171242
17171243
17171244
17171245
17171246
17171247
17171248
17171249
17171250
17171251
17171252
17171253
17171254
17171255
17171256
17171257
17171258
17171259
17171260
17171261
17171262
17171263
17171264
17171265
17171266
17171267
17171268
17171269
17171270
17171271
17171272
17171273
17171274
17171275
17171276
17171277
17171278
17171279
17171280
17171281
17171282
17171283
17171284
17171285
17171286
17171287
17171288
17171289
17171290
17171291
17175253
17175254
17175255
17175256
17175257
17175258
17175259
17175260
17175261
17175262
17175263
17175264
17175265
17175266
17175267
17175268
17175269
17175270
17175271
17175272
17175273
17175274
17175275
17175276
17175277
17175278
17175279
17175280
17175281
17175282
17175283
17175284
17175285
17175286
17175287
17175288
17175289
17175290
17175291
17175292
17175293
17175295
17175296
17175297
17175298
17175299
17175300
17175301
17175302
17175303
17175304
17175305
17175306
17175307
17175308
17175309
17175310
17175311
17175312
17175313
17175314
17175315
17175316
17175317
17175318
17175319
17175320
17175321
17175322
17175323
17175324
17175325
17175326
17175327
17175328
17175329
17175330
17175331
17175332
17175333
17175334
17175335
17175336
17175337
17175338
17175339
17175340
17175341
17175342
17175343
17175344
17175345
17175346
17175347
17175348
17175349
17175350
17175351
17175352
17175353
17175354
17175355
17175356
17175357
17175358
17175359
17175360
17175361
17175362
17175363
17175364
17175365
17175366
17175367
17175368
17175369
17175370
17175371
17175372
17175373
17175374
17175375
17175376
17175377
17175378
17175379
17175380
17175381
17175382
17175383
17175384
17175385
17175386
17175387
17175388
17175389
17175390
17175391
17175392
17175393
17175394
17175395
17175396
17175397
17175398
17175399
17175400
17175401
17175402
17175403
17175404
17175405
17175406
17175407
17175408
17175409
17175410
17175411
17175412
17175413
17175414
17175415
17175416
17175417
17175418
17175419
17175420
17175421
17175422
17175423
17175424
17175425
17175426
17175427
17175428
17175429
17179266
17179267
17179268
17179270
17179271
17179272
17179273
17179274
17179275
17179276
17179277
17179278
17179279
17179280
17179281
17179282
17179283
17179284
17179285
17179286
17179287
17179288
17179289
17179290
17179291
17179292
17179293
17179294
17179295
17179296
17179297
17179298
17179299
17179300
17179301
17179302
17179303
17179304
17179305
17179306
17179308
17179309
17179310
17179311
17179312
17179313
17179314
17179315
17179316
17179317
17179318
17179319
17179320
17179321
17179322
17179323
17179324
17179325
17179326
17179327
17179328
17179329
17179330
17179331
17179332
17179333
17179334
17179335
17179336
17179337
17179338
17179339
17179340
17179341
17179342
17179343
17179344
17179345
17179346
17179347
17179348
17179349
17179350
17179351
17179352
17179353
17179354
17179355
17179356
17179357
17179358
17179359
17179360
17179361
17179362
17179363
17179364
17179365
17179366
17179367
17179368
17179369
17179370
17179371
17179372
17179373
17179374
17179375
17179376
17179377
17179378
17179379
17179380
17179381
17179382
17179383
17179384
17179385
17179386
17179387
17179388
17179389
17179390
17179391
17179392
17179393
17179394
17179395
17179396
17179397
17179398
17179399
17179400
17179401
17179402
17179403
17179404
17179405
17179406
17179407
17179408
17179409
17179410
17179411
17179412
17179413
17179414
17179415
17179416
17179417
17179418
17179419
17179420
17179421
17179422
17179423
17179424
17179425
17179426
17179427
17179428
17179429
17179430
17179431
17179432
17179433
17179434
17179435
17179436
17179437
17179438
17179439
17179440
17179441
17179442
17179443
17179444
17179445
17179446
17179447
17179448
17179449
17179450
17179451
17179452
17179453
17179454
17179455
17179456
17179457
17179458
17179459
17179460
17179461
17179462
17179463
17179464
17179465
17179466
17179467
17179468
17179469
17179470
17179471
17179472
17179473
17179474
17179475
17179476
17179477
17179478
17179479
17179480
17179481
17179482
17179483
17179484
17179485
17179486
17179487
17179488
17179489
17179490
17179491
17179492
17179493
17179494
17179495
17179496
17179497
17179498
17179499
17179500
17179501
17179502
17179503
17179504
17179505
17179506
17179507
17179508
17179509
17179510
17179511
17179512
17179513
17179514
17179515
17179516
17179517
17179518
17179519
17179520
17179521
17179522
17179523
17179524
17179525
17179526
17179527
17179528
17179529
17179530
17179531
17179532
17179533
17179534
17179535
17183048
17183053
17183058
17183067
17183073
17183079
17183464
17183465
17183466
17183467
17183468
17183469
17183470
17183471
17183472
17183473
17183474
17183475
17183476
17183477
17183478
17183479
17183480
17183481
17183482
17183483
17183484
17183485
17183486
17183487
17183488
17183489
17183490
17183491
17183492
17183493
17183494
17183495
17183496
17183497
17183498
17183500
17183501
17183502
17183503
17183504
17183505
17183506
17183507
17183508
17183509
17183510
17183511
17183512
17183513
17183514
17183515
17183516
17183517
17183518
17183519
17183520
17183521
17183522
17183523
17183524
17183525
17183526
17183527
17183528
17183529
17183530
17183531
17183532
17183533
17183534
17183535
17183536
17183537
17183538
17183539
17183540
17183541
17183542
17183543
17183544
17183545
17183546
17183547
17183548
17183549
17183550
17183551
17183552
17183553
17183554
17183555
17183556
17183557
17183558
17183559
17183560
17183561
17183562
17183563
17183564
17183565
17183566
17183567
17183568
17183569
17183570
17183571
17183572
17183573
17183574
17183575
17183576
17183577
17183578
17183579
17183580
17183581
17183582
17183583
17183584
17183585
17183586
17183587
17183588
17183589
17183590
17183591
17183592
17183593
17183594
17183595
17183596
17183597
17183598
17183599
17183600
17183601
17183602
17183603
17183604
17183605
17183606
17183607
17183608
17183609
17183610
17183611
17183612
17183613
17183614
17183615
17183616
17183617
17183618
17183619
17183620
17183621
17183622
17183623
17183624
17183625
17183626
17183627
17183628
17183629
17183630
17183631
17183632
17183633
17183634
17183635
17183636
17183637
17183638
17183639
17183640
17183641
17183642
17183643
17183644
17183645
17183646
17183647
17183648
17183649
17183650
17183651
17183652
17183653
17187292
17187293
17187294
17187295
17187296
17187297
17187298
17187299
17187300
17187304
17187305
17187306
17187307
17187308
17187309
17187310
17187311
17187312
17187316
17187317
17187318
17187319
17187320
17187321
17187322
17187323
17187324
17187363
17187364
17187365
17187366
17187367
17187368
17187369
17187370
17187371
17187372
17187456
17187457
17187458
17187459
17187460
17187461
17187462
17187463
17187464
17187465
17187466
17187467
17187468
17187469
17187470
17187471
17187472
17187473
17187474
17187475
17187476
17187477
17187478
17187479
17187480
17187481
17187482
17187483
17187484
17187485
17187487
17187488
17187489
17187490
17187491
17187492
17187493
17187494
17187495
17187496
17187497
17187498
17187499
17187500
17187501
17187502
17187503
17187504
17187505
17187506
17187507
17187508
17187509
17187510
17187511
17187512
17187513
17187514
17187515
17187516
17187517
17187518
17187519
17187520
17187521
17187522
17187523
17187524
17187525
17187526
17187527
17187528
17187529
17187530
17187531
17187532
17187533
17187534
17187535
17187536
17187537
17187538
17187539
17187540
17187541
17187542
17187543
17187544
17187545
17187546
17187547
17187548
17187549
17187550
17187551
17187552
17187553
17187554
17187555
17187556
17187557
17187558
17187559
17187560
17187561
17187562
17187563
17187564
17187565
17187566
17187567
17187568
17187569
17187570
17187571
17187572
17187573
17187574
17187575
17187576
17187577
17187578
17187579
17187580
17187581
17187582
17191373
17191374
17191375
17191376
17191377
17191378
17191379
17191380
17191381
17191382
17191474
17191475
17191476
17191477
17191478
17191479
17191480
17191481
17191482
17191483
17191484
17191485
17191486
17191487
17191488
17191489
17191490
17191491
17191492
17191493
17191494
17191495
17191496
17191497
17191498
17191499
17191500
17191502
17191503
17191504
17191505
17191506
17191507
17191508
17191509
17191510
17191511
17191512
17191513
17191514
17191515
17191516
17191517
17191518
17191519
17191520
17191521
17191522
17191523
17191524
17191525
17191526
17191527
17191528
17191529
17191530
17191531
17191532
17191533
17191534
17191535
17191536
17191537
17191538
17191539
17191540
17191541
17191542
17191543
17191544
17191545
17191546
17191547
17191548
17191549
17191550
17191551
17191552
17191553
17191554
17191555
17191556
17191557
17191558
17191559
17191560
17191561
17191562
17191563
17191564
17191565
17191566
17191567
17191568
17191569
17191570
17191571
17191572
17191573
17191574
17191575
17191576
17191577
17191578
17191579
17191580
17191581
17191582
17191583
17191584
17191585
17195497
17195498
17195499
17195500
17195501
17195502
17195503
17195504
17195505
17195506
17195507
17195508
17195509
17195510
17195511
17195512
17195513
17195514
17195515
17195516
17195517
17195518
17195519
17195520
17195521
17195522
17195523
17195524
17195525
17195526
17195527
17195528
17195529
17195530
17195531
17195532
17195533
17195534
17195535
17195536
17195537
17195541
17195542
17195543
17195544
17195545
17195546
17195547
17195548
17195549
17195553
17195554
17195555
17195556
17195557
17195558
17195559
17195560
17195561
17195574
17195575
17195576
17195577
17195578
17195579
17195580
17195581
17195582
17195583
17195584
17195585
17195586
17195587
17195588
17195589
17195590
17195591
17195592
17195593
17195594
17195595
17195596
17195597
17195598
17195599
17195600
17195601
17195602
17195604
17195605
17195606
17195607
17195608
17195609
17195610
17195611
17195612
17195613
17195614
17195615
17195616
17195617
17195618
17195619
17195620
17195621
17195622
17195623
17195624
17195625
17195626
17195627
17195628
17195629
17195630
17195631
17195632
17195633
17195634
17195635
17195636
17195637
17195638
17195639
17195640
17195641
17195642
17195643
17195644
17195645
17195646
17195647
17195648
17195649
17195650
17195651
17195652
17195653
17195654
17195655
17195656
17195657
17195658
17195659
17195660
17195661
17195662
17195663
17195664
17195665
17195666
17195667
17195668
17195669
17195670
17195671
17195672
17195673
17195674
17195675
17195676
17195677
17195678
17195679
17195680
17195681
17195682
17195683
17195684
17195685
17195686
17195687
17195688
17195689
17195690
17195691
17195692
17195693
17195694
17195695
17195696
17195697
17195698
17195699
17195700
17195701
17195702
17195703
17195704
17195705
17195706
17195707
17195708
17195709
17195710
17195711
17195712
17195713
17195714
17195715
17195716
17195717
17195718
17195719
17195720
17195721
17195722
17195723
17195724
17195725
17195726
17195727
17195728
17195729
17195730
17195731
17195732
17195733
17195734
17195735
17195736
17195737
17195738
17195739
17195740
17195741
17195742
17195743
17195744
17195745
17195746
17195747
17195748
17195749
17195750
17195751
17195752
17195753
17195754
17195755
17195756
17195757
17195758
17195759
17195760
17195761
17195762
17195763
17195764
17195765
17195766
17195767
17195768
17195769
17195770
17195771
17195772
17195773
17195774
17195775
17195776
17195777
17195778
17195779
17195780
17195781
17195782
17195783
17195784
17199605
17199615
17199616
17199617
17199618
17199619
17199620
17199621
17199622
17199623
17199624
17199625
17199626
17199627
17199628
17199629
17199630
17199631
17199632
17199633
17199634
17199635
17199636
17199637
17199638
17199639
17199640
17199641
17199642
17199643
17199644
17199645
17199646
17199662
17199663
17199664
17199665
17199666
17199667
17199668
17199669
17199670
17199671
17199672
17199673
17199674
17199675
17199676
17199677
17199678
17199679
17199680
17199681
17199682
17199683
17199684
17199685
17199686
17199687
17199688
17199689
17199690
17199692
17199693
17199694
17199695
17199696
17199697
17199698
17199699
17199700
17199701
17199702
17199703
17199704
17199705
17199706
17199707
17199708
17199709
17199710
17199711
17199712
17199713
17199714
17199715
17199716
17199717
17199718
17199719
17199720
17199721
17199722
17199723
17199724
17199725
17199726
17199727
17199728
17199729
17199730
17199731
17199732
17199733
17199734
17199735
17199736
17199737
17199738
17199739
17199740
17199741
17199742
17199743
17199744
17199745
17199746
17199747
17199748
17199749
17199750
17199751
17199752
17199753
17199754
17199755
17199756
17199757
17199758
17199759
17199760
17199761
17199762
17199763
17199764
17199765
17199766
17199767
17199768
17199769
17199770
17199771
17199772
17199773
17199774
17199775
17199776
17199777
17199778
17203702
17203703
17203704
17203705
17203706
17203707
17203708
17203709
17203710
17203711
17203712
17203713
17203714
17203715
17203716
17203717
17203718
17203719
17203720
17203721
17203722
17203723
17203724
17203725
17203726
17203727
17203728
17203729
17203730
17203731
17203732
17203733
17203734
17203735
17203736
17203737
17203738
17203739
17203740
17203741
17203742
17203746
17203747
17203748
17203749
17203750
17203751
17203752
17203753
17203754
17203758
17203759
17203760
17203761
17203762
17203763
17203764
17203765
17203766
17203775
17203776
17203777
17203778
17203779
17203780
17203781
17203782
17203783
17203784
17203785
17203786
17203787
17203788
17203789
17203790
17203791
17203792
17203793
17203794
17203795
17203796
17203797
17203798
17203799
17203800
17203801
17203802
17203803
17203804
17203806
17203807
17203808
17203809
17203810
17203811
17203812
17203813
17203814
17203815
17203816
17203817
17203818
17203819
17203820
17203821
17203822
17203823
17203824
17203825
17203826
17203827
17203828
17203829
17203830
17203831
17203832
17203833
17203834
17203835
17203836
17203837
17203838
17203839
17203840
17203841
17203842
17203843
17203844
17203845
17203846
17203847
17203848
17203849
17203850
17203851
17203852
17203853
17203854
17203855
17203856
17203857
17203858
17203859
17203860
17203861
17203862
17203863
17203864
17203865
17203866
17203867
17203868
17203869
17203870
17203871
17203872
17203873
17203874
17203875
17203876
17203877
17203878
17203879
17203880
17203881
17203882
17203883
17203884
17203885
17203886
17203887
17203888
17203889
17203890
17203891
17203892
17203893
17203894
17203895
17203896
17203897
17203898
17203899
17203900
17203901
17203902
17203903
17203904
17203905
17203906
17203907
17203908
17203909
17203910
17203911
17203912
17203913
17203914
17203915
17203916
17203917
17203918
17203919
17203920
17203921
17203922
17203923
17203924
17203925
17203926
17203927
17203928
17203929
17203930
17203931
17203932
17203933
17203934
17203935
17203936
17203937
17203938
17203939
17203940
17203941
17203942
17203943
17203944
17203945
17203946
17203947
17207729
17207730
17207731
17207732
17207733
17207734
17207735
17207736
17207737
17207741
17207742
17207743
17207744
17207745
17207746
17207747
17207748
17207749
17207753
17207754
17207755
17207756
17207757
17207758
17207759
17207760
17207761
17207783
17207784
17207788
17207789
17207790
17207791
17207792
17207793
17207794
17207795
17207796
17207797
17207798
17207799
17207800
17207801
17207802
17207803
17207804
17207805
17207806
17207807
17207808
17207809
17207810
17207811
17207812
17207813
17207814
17207815
17207816
17207817
17207818
17207820
17207821
17207822
17207823
17207824
17207825
17207826
17207827
17207828
17207829
17207830
17207831
17207832
17207833
17207834
17207835
17207836
17207837
17207838
17207839
17207840
17207841
17207842
17207843
17207844
17207845
17207846
17207847
17207848
17207849
17207850
17207851
17207852
17207853
17207854
17207855
17207856
17207857
17207858
17207859
17207860
17207861
17207862
17207863
17207864
17207865
17207866
17207867
17207868
17207869
17207870
17207871
17207872
17207873
17207874
17207875
17207876
17207877
17207878
17207879
17207880
17207881
17207882
17207883
17207884
17207885
17207886
17207887
17207888
17207889
17207890
17207891
17207892
17207893
17207894
17207895
17207896
17207897
17207898
17207899
17207900
17207901
17207902
17207903
17207904
17207905
17207906
17207907
17207908
17207909
17207910
17207911
17207912
17207913
17207914
17207915
17207916
17207917
17207918
17207919
17207920
17207921
17207922
17207923
17207924
17207925
17207926
17207927
17207928
17207929
17207930
17207931
17207932
17207933
17207934
17207935
17207936
17207937
17207938
17207939
17207940
17207941
17207942
17207943
17207944
17207945
17207946
17207947
17207948
17207949
17207950
17207951
17207952
17207953
17207954
17207955
17207956
17207957
17207958
17207959
17207960
17207961
17207962
17207963
17207964
17207965
17207966
17207967
17207968
17207969
17207970
17207971
17207972
17207973
17207974
17207975
17207976
17207977
17207978
17207979
17207980
17207981
17207982
17207983
17207984
17207985
17207986
17207987
17207988
17207989
17207990
17207991
17207992
17207993
17207994
17207995
17207996
17207997
17207998
17207999
17208000
17208001
17211920
17211921
17211922
17211923
17211924
17211925
17211926
17211927
17211928
17211929
17212013
17212014
17212015
17212016
17212017
17212018
17212019
17212020
17212021
17212022
17212023
17212024
17212025
17212026
17212027
17212028
17212029
17212030
17212031
17212032
17212033
17212034
17212035
17212036
17212037
17212038
17212039
17212040
17212041
17212043
17212044
17212045
17212046
17212047
17212048
17212049
17212050
17212051
17212052
17212053
17212054
17212055
17212056
17212057
17212058
17212059
17212060
17212061
17212062
17212063
17212064
17212065
17212066
17212067
17212068
17212069
17212070
17212071
17212072
17212073
17212074
17212075
17212076
17212077
17212078
17212079
17212080
17212081
17212082
17212083
17212084
17212085
17212086
17212087
17212088
17212089
17212090
17212091
17212092
17212093
17212094
17212095
17212096
17212097
17212098
17212099
17212100
17212101
17212102
17212103
17212104
17212105
17212106
17212107
17212108
17212109
17212110
17212111
17212112
17212113
17212114
17212115
17212116
17212117
17212118
17212119
17212120
17212121
17212122
17212123
17212124
17212125
17212126
17212127
17212128
17212129
17212130
17212131
17212132
17212133
17212134
17212135
17212136
17212137
17212138
17212139
17212140
17212141
17212142
17212143
17212144
17212145
17212146
17212147
17212148
17215958
17215959
17215960
17215961
17215962
17215963
17215964
17215965
17215966
17215970
17215971
17215972
17215973
17215974
17215975
17215976
17215977
17215978
17215982
17215983
17215984
17215985
17215986
17215987
17215988
17215989
17215990
17216029
17216030
17216031
17216032
17216033
17216034
17216035
17216036
17216037
17216038
17216130
17216131
17216132
17216133
17216134
17216135
17216136
17216137
17216138
17216139
17216140
17216141
17216142
17216143
17216144
17216145
17216146
17216147
17216148
17216149
17216150
17216151
17216152
17216153
17216154
17216155
17216156
17216157
17216158
17216160
17216161
17216162
17216163
17216164
17216165
17216166
17216167
17216168
17216169
17216170
17216171
17216172
17216173
17216174
17216175
17216176
17216177
17216178
17216179
17216180
17216181
17216182
17216183
17216184
17216185
17216186
17216187
17216188
17216189
17216190
17216191
17216192
17216193
17216194
17216195
17216196
17216197
17216198
17216199
17216200
17216201
17216202
17216203
17216204
17216205
17216206
17216207
17216208
17216209
17216210
17216211
17216212
17216213
17216214
17216215
17216216
17216217
17216218
17216219
17216220
17216221
17216222
17216223
17216224
17216225
17216226
17216227
17216228
17216229
17216230
17216231
17216232
17216233
17216234
17216235
17216236
17220023
17220024
17220025
17220026
17220027
17220028
17220029
17220030
17220031
17220032
17220033
17220034
17220035
17220036
17220037
17220038
17220039
17220040
17220041
17220042
17220043
17220044
17220045
17220046
17220047
17220048
17220049
17220050
17220051
17220052
17220053
17220054
17220055
17220056
17220057
17220058
17220059
17220060
17220061
17220062
17220063
17220067
17220068
17220069
17220070
17220071
17220072
17220073
17220074
17220075
17220079
17220080
17220081
17220082
17220083
17220084
17220085
17220086
17220087
17220100
17220101
17220102
17220103
17220104
17220105
17220106
17220107
17220108
17220109
17220110
17220111
17220112
17220113
17220114
17220115
17220116
17220117
17220118
17220119
17220120
17220121
17220122
17220123
17220124
17220125
17220126
17220127
17220128
17220129
17220131
17220132
17220133
17220134
17220135
17220136
17220137
17220138
17220139
17220140
17220141
17220142
17220143
17220144
17220145
17220146
17220147
17220148
17220149
17220150
17220151
17220152
17220153
17220154
17220155
17220156
17220157
17220158
17220159
17220160
17220161
17220162
17220163
17220164
17220165
17220166
17220167
17220168
17220169
17220170
17220171
17220172
17220173
17220174
17220175
17220176
17220177
17220178
17220179
17220180
17220181
17220182
17220183
17220184
17220185
17220186
17220187
17220188
17220189
17220190
17220191
17220192
17220193
17220194
17220195
17220196
17220197
17220198
17220199
17220200
17220201
17220202
17220203
17220204
17220205
17220206
17220207
17220208
17220209
17220210
17220211
17220212
17220213
17220214
17220215
17220216
17220217
17220218
17220219
17220220
17220221
17220222
17220223
17220224
17220225
17220226
17220227
17220228
17220229
17220230
17220231
17220232
17220233
17220234
17220235
17220236
17220237
17220238
17220239
17224191
17224192
17224193
17224194
17224195
17224196
17224197
17224198
17224199
17224200
17224201
17224202
17224203
17224204
17224205
17224206
17224207
17224208
17224209
17224210
17224211
17224212
17224213
17224214
17224215
17224216
17224217
17224218
17224219
17224220
17224221
17224222
17224223
17224224
17224225
17224226
17224227
17224228
17224229
17224230
17224231
17224235
17224236
17224237
17224238
17224239
17224240
17224241
17224242
17224243
17224247
17224248
17224249
17224250
17224251
17224252
17224253
17224254
17224255
17224264
17224265
17224266
17224267
17224268
17224269
17224270
17224271
17224272
17224273
17224274
17224275
17224276
17224277
17224278
17224279
17224280
17224281
17224282
17224283
17224284
17224285
17224286
17224287
17224288
17224289
17224290
17224291
17224292
17224293
17224295
17224296
17224297
17224298
17224299
17224300
17224301
17224302
17224303
17224304
17224305
17224306
17224307
17224308
17224309
17224310
17224311
17224312
17224313
17224314
17224315
17224316
17224317
17224318
17224319
17224320
17224321
17224322
17224323
17224324
17224325
17224326
17224327
17224328
17224329
17224330
17224331
17224332
17224333
17224334
17224335
17224336
17224337
17224338
17224339
17224340
17224341
17224342
17224343
17224344
17224345
17224346
17224347
17224348
17224349
17224350
17224351
17224352
17224353
17224354
17224355
17224356
17224357
17224358
17224359
17224360
17224361
17224362
17224363
17224364
17224365
17224366
17224367
17224368
17224369
17224370
17224371
17224372
17224373
17224374
17224375
17224376
17224377
17224378
17224379
17224380
17224381
17228268
17228269
17228270
17228271
17228272
17228273
17228274
17228275
17228276
17228280
17228281
17228282
17228283
17228284
17228285
17228286
17228287
17228288
17228292
17228293
17228294
17228295
17228296
17228297
17228298
17228299
17228300
17228312
17228313
17228314
17228315
17228316
17228317
17228318
17228319
17228320
17228321
17228322
17228323
17228324
17228325
17228326
17228327
17228328
17228329
17228330
17228331
17228332
17228333
17228334
17228335
17228336
17228337
17228338
17228339
17228340
17228342
17228343
17228344
17228345
17228346
17228347
17228348
17228349
17228350
17228351
17228352
17228353
17228354
17228355
17228356
17228357
17228358
17228359
17228360
17228361
17228362
17228363
17228364
17228365
17228366
17228367
17228368
17228369
17228370
17228371
17228372
17228373
17228374
17228375
17228376
17228377
17228378
17228379
17228380
17228381
17228382
17228383
17228384
17228385
17228386
17228387
17228388
17228389
17228390
17228391
17228392
17228393
17228394
17228395
17228396
17228397
17228398
17228399
17228400
17228401
17228402
17228403
17228404
17228405
17228406
17228407
17228408
17228409
17228410
17228411
17228412
17228413
17228414
17228415
17228416
17228417
17228418
17228419
17228420
17228421
17228422
17228423
17228424
17228425
17228426
17228427
17228428
17228429
17228430
17228431
17232173
17232174
17232175
17232176
17232177
17232178
17232179
17232180
17232181
17232182
17232183
17232184
17232185
17232186
17232187
17232188
17232189
17232190
17232191
17232192
17232193
17232194
17232195
17232196
17232197
17232198
17232199
17232200
17232201
17232203
17232204
17232205
17232206
17232207
17232208
17232209
17232210
17232211
17232212
17232213
17232214
17232215
17232216
17232217
17232218
17232219
17232220
17232221
17232222
17232223
17232224
17232225
17232226
17232227
17232228
17232229
17232230
17232231
17232232
17232233
17232234
17232235
17232236
17232237
17232238
17232239
17232240
17232241
17232242
17232243
17232244
17232245
17232246
17232247
17232248
17232249
17232250
17232251
17232252
17232253
17232254
17232255
17232256
17232257
17232258
17232259
17232260
17232261
17232262
17232263
17232264
17232265
17232266
17232267
17232268
17232269
17232270
17232271
17232272
17232273
17232274
17232275
17232276
17232277
17232278
17232279
17232280
17232281
17232282
17232283
17232284
17232285
17232286
17232287
17232288
17232289
17232290
17232291
17232292
17232293
17232294
17232295
17232296
17232297
17232298
17232299
17232300
17232301
17232302
17232303
17232304
17232305
17232306
17232307
17232308
17232309
17232310
17232311
17232312
17232313
17232314
17232315
17232316
17232317
17232318
17232319
17232320
17232321
17232322
17232323
17232324
17232325
17232326
17232327
17232328
17232329
17232330
17232331
17232332
17232333
17232334
17232335
17232336
17232337
17232338
17232339
17232340
17232341
17232342
17232343
17232344
17232345
17232346
17232347
17232348
17236248
17236249
17236250
17236251
17236252
17236253
17236254
17236255
17236256
17236257
17236258
17236259
17236260
17236261
17236262
17236263
17236264
17236265
17236266
17236267
17236268
17236269
17236270
17236271
17236272
17236273
17236274
17236275
17236276
17236277
17236279
17236280
17236281
17236282
17236283
17236284
17236285
17236286
17236287
17236288
17236289
17236290
17236291
17236292
17236293
17236294
17236295
17236296
17236297
17236298
17236299
17236300
17236301
17236302
17236303
17236304
17236305
17236306
17236307
17236308
17236309
17236310
17236311
17236312
17236313
17236314
17236315
17236316
17236317
17236318
17236319
17236320
17236321
17236322
17236323
17236324
17236325
17236326
17236327
17236328
17236329
17236330
17236331
17236332
17236333
17236334
17236335
17236336
17236337
17236338
17236339
17236340
17236341
17236342
17236343
17236344
17236345
17236346
17236347
17236348
17236349
17236350
17236351
17236352
17236353
17236354
17236355
17236356
17236357
17236358
17236359
17236360
17236361
17236362
17236363
17236364
17236365
17236366
17236367
17236368
17236369
17236370
17236371
17236372
17236373
17236374
17236375
17236376
17236377
17236378
17236379
17236380
17236381
17236382
17236383
17236384
17236385
17236386
17236387
17236388
17236389
17236390
17236391
17236392
17236393
17236394
17236395
17236396
17236397
17236398
17236399
17236400
17236401
17236402
17236403
17236404
17236405
17236406
17236407
17236408
17236409
17236410
17236411
17236412
17236413
17236414
17236415
17236416
17236417
17240441
17240442
17240443
17240444
17240445
17240446
17240447
17240448
17240449
17240450
17240451
17240452
17240453
17240454
17240455
17240456
17240457
17240458
17240459
17240460
17240461
17240462
17240463
17240464
17240466
17240467
17240468
17240469
17240470
17240471
17240472
17240473
17240474
17240475
17240476
17240477
17240478
17240479
17240480
17240481
17240482
17240483
17240484
17240485
17240486
17240487
17240488
17240489
17240490
17240491
17240492
17240493
17240494
17240495
17240496
17240497
17240498
17240499
17240500
17240501
17240502
17240503
17240504
17240505
17240506
17240507
17240508
17240509
17240510
17240511
17240512
17240513
17240514
17240515
17240516
17240517
17240518
17240519
17240520
17240521
17240522
17240523
17240524
17240525
17240526
17240527
17240528
17240529
17240530
17240531
17240532
17240533
17240534
17244550
17244551
17244552
17244553
17244554
17244555
17244556
17244557
17244558
17244559
17244560
17244561
17244562
17244563
17244564
17244565
17244566
17244567
17244568
17244569
17244570
17244571
17244572
17244573
17244574
17244575
17244576
17244577
17244578
17244579
17244580
17244581
17244585
17244586
17244587
17244588
17244589
17244590
17244591
17244592
17244593
17244594
17244595
17244596
17244597
17244598
17244599
17244600
17244601
17244602
17244603
17244604
17244605
17244606
17244607
17244608
17244609
17244610
17244611
17244612
17244613
17244614
17244616
17244617
17244618
17244619
17244620
17244621
17244622
17244623
17244624
17244625
17244626
17244627
17244628
17244629
17244630
17244631
17244632
17244633
17244634
17244635
17244636
17244637
17244638
17244639
17244640
17244641
17244642
17244643
17244644
17244645
17244646
17244647
17244648
17244649
17244650
17244651
17244652
17244653
17244654
17244655
17244656
17244657
17244658
17244659
17244660
17244661
17244662
17244663
17244664
17244665
17244666
17244667
17244668
17244669
17248663
17248664
17248665
17248666
17248667
17248668
17248669
17248670
17248671
17248672
17248760
17248761
17248762
17248763
17248764
17248765
17248766
17248767
17248768
17248769
17248770
17248771
17248772
17248773
17248774
17248775
17248776
17248777
17248778
17248779
17248780
17248781
17248782
17248783
17248784
17248785
17248786
17248787
17248788
17248790
17248791
17248792
17248793
17248794
17248795
17248796
17248797
17248798
17248799
17248800
17248801
17248802
17248803
17248804
17248805
17248806
17248807
17248808
17248809
17248810
17248811
17248812
17248813
17248814
17248815
17248816
17248817
17248818
17248819
17248820
17248821
17248822
17248823
17248824
17248825
17248826
17248827
17248828
17248829
17248830
17248831
17248832
17248833
17248834
17248835
17248836
17248837
17248838
17248839
17248840
17248841
17248842
17248843
17248844
17248845
17248846
17248847
17248848
17248849
17248850
17248851
17248852
17248853
17248854
17248855
17248856
17248857
17248858
17248859
17248860
17248861
17248862
17248863
17248864
17248865
17248866
17248867
17248868
17248869
17248870
17248871
17248872
17248873
17248874
17248875
17248876
17248877
17248878
17248879
17248880
17248881
17248882
17248883
17248884
17248885
17248886
17248887
17248888
17248889
17248890
17248891
17248892
17248893
17248894
17248895
17248896
17248897
17248898
17248899
17248900
17248901
17248902
17248903
17248904
17248905
17248906
17248907
17248908
17248909
17248910
17248911
17248912
17248913
17248914
17248915
17248916
17248917
17248918
17248919
17248920
17248921
17248922
17248923
17248924
17248925
17248926
17248927
17248928
17248929
17248930
17248931
17248932
17248933
17248934
17248935
17248936
17248937
17248938
17248939
17248940
17248941
17252819
17252820
17252821
17252822
17252823
17252824
17252825
17252826
17252827
17252831
17252832
17252833
17252834
17252835
17252836
17252837
17252838
17252839
17252843
17252844
17252845
17252846
17252847
17252848
17252849
17252850
17252851
17252890
17252891
17252892
17252893
17252894
17252895
17252896
17252897
17252898
17252899
17252996
17252997
17252998
17252999
17253000
17253001
17253002
17253003
17253004
17253005
17253006
17253007
17253008
17253009
17253010
17253011
17253012
17253013
17253014
17253015
17253016
17253017
17253018
17253019
17253020
17253021
17253022
17253023
17253024
17253026
17253027
17253028
17253029
17253030
17253031
17253032
17253033
17253034
17253035
17253036
17253037
17253038
17253039
17253040
17253041
17253042
17253043
17253044
17253045
17253046
17253047
17253048
17253049
17253050
17253051
17253052
17253053
17253054
17253055
17253056
17253057
17253058
17253059
17253060
17253061
17253062
17253063
17253064
17253065
17253066
17253067
17253068
17253069
17253070
17253071
17253072
17253073
17253074
17253075
17253076
17253077
17253078
17253079
17253080
17253081
17253082
17253083
17253084
17253085
17253086
17253087
17253088
17253089
17253090
17253091
17253092
17253093
17253094
17253095
17253096
17253097
17253098
17253099
17253100
17253101
17253102
17253103
17253104
17253105
17253106
17253107
17253108
17253109
17253110
17253111
17253112
17253113
17253114
17253115
17253116
17253117
17253118
17253119
17253120
17253121
17253122
17253123
17253124
17253125
17253126
17253127
17253128
17253129
17253130
17253131
17253132
17253133
17253134
17256922
17256923
17256924
17256925
17256926
17256927
17256928
17256929
17256930
17256931
17256932
17256933
17256934
17256935
17256936
17256937
17256938
17256939
17256940
17256941
17256942
17256943
17256944
17256945
17256946
17256947
17256948
17256949
17256950
17256951
17256952
17256953
17256954
17256955
17256956
17256957
17256958
17256959
17256960
17256961
17256962
17256966
17256967
17256968
17256969
17256970
17256971
17256972
17256973
17256974
17256978
17256979
17256980
17256981
17256982
17256983
17256984
17256985
17256986
17256999
17257000
17257001
17257002
17257003
17257004
17257005
17257006
17257007
17257008
17257009
17257010
17257011
17257012
17257013
17257014
17257015
17257016
17257017
17257018
17257019
17257020
17257021
17257022
17257023
17257024
17257025
17257026
17257028
17257029
17257030
17257031
17257032
17257033
17257034
17257035
17257036
17257037
17257038
17257039
17257040
17257041
17257042
17257043
17257044
17257045
17257046
17257047
17257048
17257049
17257050
17257051
17257052
17257053
17257054
17257055
17257056
17257057
17257058
17257059
17257060
17257061
17257062
17257063
17257064
17257065
17257066
17257067
17257068
17257069
17257070
17257071
17257072
17257073
17257074
17257075
17257076
17257077
17257078
17257079
17257080
17257081
17257082
17257083
17257084
17257085
17257086
17257087
17257088
17257089
17257090
17257091
17257092
17257093
17257094
17257095
17257096
17257097
17257098
17257099
17257100
17257101
17257102
17257103
17257104
17257105
17257106
17257107
17257108
17257109
17257110
17257111
17257112
17257113
17257114
17257115
17257116
17257117
17257118
17257119
17257120
17257121
17257122
17257123
17257124
17257125
17257126
17257127
17257128
17257129
17257130
17257131
17257132
17257133
17257134
17257135
17257136
17257137
17257138
17257139
17257140
17257141
17257142
17257143
17257144
17257145
17257146
17257147
17257148
17257149
17261035
17261036
17261037
17261038
17261039
17261053
17261054
17261055
17261056
17261057
17261058
17261059
17261060
17261061
17261062
17261063
17261064
17261065
17261066
17261067
17261068
17261069
17261070
17261071
17261072
17261073
17261074
17261075
17261076
17261077
17261078
17261079
17261080
17261081
17261082
17261083
17261084
17261102
17261103
17261104
17261105
17261106
17261107
17261108
17261109
17261110
17261111
17261112
17261113
17261114
17261115
17261116
17261117
17261118
17261119
17261120
17261121
17261122
17261123
17261124
17261125
17261126
17261127
17261128
17261129
17261130
17261131
17261133
17261134
17261135
17261136
17261137
17261138
17261139
17261140
17261141
17261142
17261143
17261144
17261145
17261146
17261147
17261148
17261149
17261150
17261151
17261152
17261153
17261154
17261155
17261156
17261157
17261158
17261159
17261160
17261161
17261162
17261163
17261164
17261165
17261166
17261167
17261168
17261169
17261170
17261171
17261172
17261173
17261174
17261175
17261176
17261177
17261178
17261179
17261180
17261181
17261182
17261183
17261184
17261185
17261186
17261187
17261188
17261189
17261190
17261191
17261192
17261193
17261194
17261195
17261196
17261197
17261198
17261199
17261200
17261201
17261202
17261203
17261204
17261205
17261206
17261207
17261208
17261209
17261210
17261211
17261212
17261213
17261214
17261215
17261216
17261217
17261218
17261219
17261220
17261221
17261222
17261223
17261224
17261225
17265136
17265137
17265138
17265139
17265140
17265141
17265142
17265143
17265144
17265145
17265146
17265147
17265148
17265149
17265150
17265151
17265152
17265153
17265154
17265155
17265156
17265157
17265158
17265159
17265160
17265161
17265162
17265163
17265164
17265165
17265166
17265167
17265168
17265169
17265170
17265171
17265172
17265173
17265174
17265175
17265176
17265180
17265181
17265182
17265183
17265184
17265185
17265186
17265187
17265188
17265192
17265193
17265194
17265195
17265196
17265197
17265198
17265199
17265200
17265209
17265210
17265211
17265212
17265213
17265214
17265215
17265216
17265217
17265218
17265219
17265220
17265221
17265222
17265223
17265224
17265225
17265226
17265227
17265228
17265229
17265230
17265231
17265232
17265233
17265234
17265235
17265236
17265237
17265239
17265240
17265241
17265242
17265243
17265244
17265245
17265246
17265247
17265248
17265249
17265250
17265251
17265252
17265253
17265254
17265255
17265256
17265257
17265258
17265259
17265260
17265261
17265262
17265263
17265264
17265265
17265266
17265267
17265268
17265269
17265270
17265271
17265272
17265273
17265274
17265275
17265276
17265277
17265278
17265279
17265280
17265281
17265282
17265283
17265284
17265285
17265286
17265287
17265288
17265289
17265290
17265291
17265292
17265293
17265294
17265295
17265296
17265297
17265298
17265299
17265300
17265301
17265302
17265303
17265304
17265305
17265306
17265307
17265308
17265309
17265310
17265311
17265312
17265313
17265314
17265315
17265316
17265317
17265318
17265319
17265320
17265321
17265322
17269133
17269134
17269135
17269136
17269137
17269138
17269139
17269140
17269141
17269145
17269146
17269147
17269148
17269149
17269150
17269151
17269152
17269153
17269157
17269158
17269159
17269160
17269161
17269162
17269163
17269164
17269165
17269182
17269183
17269184
17269185
17269186
17269187
17269188
17269189
17269190
17269191
17269192
17269193
17269194
17269195
17269196
17269197
17269198
17269199
17269200
17269201
17269202
17269203
17269204
17269205
17269206
17269207
17269208
17269209
17269210
17269211
17269213
17269214
17269215
17269216
17269217
17269218
17269219
17269220
17269221
17269222
17269223
17269224
17269225
17269226
17269227
17269228
17269229
17269230
17269231
17269232
17269233
17269234
17269235
17269236
17269237
17269238
17269239
17269240
17269241
17269242
17269243
17269244
17269245
17269246
17269247
17269248
17269249
17269250
17269251
17269252
17269253
17269254
17269255
17269256
17269257
17269258
17269259
17269260
17269261
17269262
17269263
17269264
17269265
17269266
17269267
17269268
17269269
17269270
17269271
17269272
17269273
17269274
17269275
17269276
17269277
17269278
17269279
17269280
17269281
17269282
17269283
17269284
17269285
17269286
17269287
17269288
17269289
17269290
17269291
17269292
17269293
17269294
17269295
17269296
17269297
17269298
17269299
17269300
17269301
17269302
17269303
17269304
17269305
17269306
17269307
17269308
17269309
17269310
17269311
17273327
17273328
17273329
17273330
17273331
17273332
17273333
17273334
17273335
17273336
17273337
17273338
17273339
17273340
17273341
17273342
17273343
17273344
17273345
17273346
17273347
17273348
17273349
17273350
17273351
17273352
17273353
17273354
17273355
17273356
17273358
17273359
17273360
17273361
17273362
17273363
17273364
17273365
17273366
17273367
17273368
17273369
17273370
17273371
17273372
17273373
17273374
17273375
17273376
17273377
17273378
17273379
17273380
17273381
17273382
17273383
17273384
17273385
17273386
17273387
17273388
17273389
17273390
17273391
17273392
17273393
17273394
17273395
17273396
17273397
17273398
17273399
17273400
17273401
17273402
17273403
17273404
17273405
17273406
17273407
17273408
17273409
17273410
17273411
17273412
17273413
17273414
17273415
17273416
17273417
17273418
17273419
17273420
17273421
17273422
17273423
17273424
17273425
17273426
17273427
17273428
17273429
17273430
17273431
17273432
17273433
17273434
17273435
17273436
17273437
17277168
17277169
17277170
17277171
17277172
17277173
17277174
17277175
17277176
17277177
17277178
17277179
17277180
17277181
17277182
17277183
17277184
17277185
17277186
17277187
17277188
17277189
17277190
17277192
17277193
17277194
17277195
17277196
17277197
17277198
17277199
17277200
17277201
17277202
17277203
17277204
17277205
17277206
17277207
17277208
17277209
17277210
17277211
17277212
17277213
17277214
17277215
17277216
17277217
17277218
17277219
17277220
17277221
17277222
17277223
17277224
17277225
17277226
17277227
17277228
17277229
17277230
17277231
17277232
17277233
17277234
17277235
17277236
17277237
17277238
17277239
17277240
17277241
17277242
17277243
17277244
17277245
17277246
17277247
17277248
17277249
17277250
17277251
17277252
17277253
17277254
17277255
17277256
17281515
17281516
17281517
17281518
17281519
17281520
17281521
17281522
17281523
17281524
17281525
17281526
17281527
17281528
17281529
17281530
17281531
17281532
17281533
17281534
17281535
17281536
17281537
17281538
17281539
17281540
17281541
17281542
17281543
17281544
17281545
17281546
17281548
17281549
17281550
17281551
17281552
17281553
17281554
17281555
17281556
17281557
17281558
17281559
17281560
17281561
17281562
17281563
17281564
17281565
17281566
17281567
17281568
17281569
17281570
17281571
17281572
17281573
17281574
17281575
17281576
17281577
17281579
17281580
17281581
17281582
17281583
17281584
17281585
17281586
17281587
17281588
17281589
17281590
17281591
17281592
17281593
17281594
17281595
17281596
17281597
17281598
17281599
17281600
17281601
17281602
17281603
17281604
17281605
17281606
17281607
17281608
17281609
17281610
17281611
17281612
17281613
17281614
17281615
17281616
17281617
17281618
17281619
17281620
17281621
17281622
17281623
17281624
17281625
17281626
17281627
17281628
17281629
17281630
17281631
17281632
17281633
17281634
17281635
17281636
17281637
17281638
17281639
17281640
17281641
17281642
17281643
17281644
17281645
17281646
17281647
17281648
17281649
17281650
17281651
17281652
17281653
17281654
17281655
17281656
17281657
17281658
17281659
17281660
17281661
17281662
17281663
17281664
17281665
17281666
17281667
17281668
17281669
17281670
17281671
17281672
17281673
17281674
17281675
17281676
17281677
17281678
17281679
17281680
17281681
17281682
17281683
17281684
17281685
17285573
17285574
17285575
17285576
17285577
17285578
17285579
17285580
17285581
17285582
17285583
17285584
17285585
17285586
17285587
17285588
17285589
17285590
17285591
17285592
17285593
17285594
17285595
17285596
17285597
17285598
17285599
17285600
17285601
17285602
17285603
17285604
17285607
17285608
17285609
17285610
17285611
17285612
17285613
17285614
17285615
17285616
17285617
17285618
17285619
17285620
17285621
17285622
17285623
17285624
17285625
17285626
17285627
17285628
17285629
17285630
17285631
17285632
17285633
17285634
17285635
17285636
17285637
17285639
17285640
17285641
17285642
17285643
17285644
17285645
17285646
17285647
17285648
17285649
17285650
17285651
17285652
17285653
17285654
17285655
17285656
17285657
17285658
17285659
17285660
17285661
17285662
17285663
17285664
17285665
17285666
17285667
17285668
17285669
17285670
17285671
17285672
17285673
17285674
17285675
17285676
17285677
17285678
17285679
17285680
17285681
17285682
17285683
17285684
17285685
17285686
17285687
17285688
17285689
17285690
17285691
17285692
17285693
17285694
17285695
17285696
17285697
17285698
17285699
17285700
17285701
17285702
17285703
17285704
17285705
17285706
17285707
17285708
17285709
17285710
17285711
17285712
17285713
17289679
17289680
17289681
17289682
17289683
17289684
17289685
17289686
17289687
17289688
17289689
17289690
17289691
17289692
17289693
17289694
17289695
17289696
17289697
17289698
17289699
17289700
17289701
17289702
17289703
17289704
17289705
17289706
17289707
17289708
17289709
17289710
17289712
17289713
17289714
17289715
17289716
17289717
17289718
17289719
17289720
17289721
17289722
17289723
17289724
17289725
17289726
17289727
17289728
17289729
17289730
17289731
17289732
17289733
17289734
17289735
17289736
17289737
17289738
17289739
17289740
17289741
17289743
17289744
17289745
17289746
17289747
17289748
17289749
17289750
17289751
17289752
17289753
17289754
17289755
17289756
17289757
17289758
17289759
17289760
17289761
17289762
17289763
17289764
17289765
17289766
17289767
17289768
17289769
17289770
17289771
17289772
17289773
17289774
17289775
17289776
17289777
17289778
17289779
17289780
17289781
17289782
17289783
17289784
17289785
17289786
17289787
17289788
17289789
17289790
17289791
17289792
17289793
17289794
17289795
17289796
17289797
17289798
17289799
17289800
17289801
17289802
17289803
17289804
17289805
17289806
17289807
17289808
17289809
17289810
17289811
17289812
17289813
17289814
17289815
17289816
17289817
17289818
17289819
17293672
17293673
17293674
17293675
17293676
17293677
17293678
17293679
17293680
17293681
17293682
17293683
17293684
17293685
17293686
17293687
17293688
17293689
17293690
17293691
17293692
17293693
17293694
17293695
17293696
17293697
17293698
17293699
17293700
17293701
17293702
17293703
17293705
17293706
17293707
17293708
17293709
17293710
17293711
17293712
17293713
17293714
17293715
17293716
17293717
17293718
17293719
17293720
17293721
17293722
17293723
17293724
17293725
17293726
17293727
17293728
17293729
17293730
17293731
17293732
17293733
17293734
17293735
17293736
17293737
17293738
17293739
17293740
17293741
17293742
17293743
17293744
17293745
17293746
17293747
17293748
17293749
17293750
17293751
17293752
17293753
17293754
17293755
17293756
17293757
17293758
17293759
17293760
17293761
17293762
17293763
17293764
17293765
17293766
17293767
17293768
17293769
17293770
17293771
17293772
17293773
17293774
17293775
17293776
17293777
17293778
17293779
17293780
17293781
17293782
17293783
17293784
17293785
17293786
17293787
17293788
17293789
17293790
17293791
17293792
17293793
17293794
17293795
17293796
17293797
17293798
17293799
17293800
17293801
17293802
17293803
17293804
17293805
17293806
17293807
17293808
17293809
17293810
17293811
17293812
17293813
17293814
17293815
17293816
17293817
17293818
17293819
17293820
17293821
17293822
17293823
17293824
17293825
17293826
17293827
17293828
17293829
17293830
17293831
17293832
17293833
17293834
17293835
17293836
17293837
17293838
17293839
17293840
17293841
17293842
17293843
17293844
17297458
17297459
17297460
17297461
17297462
17297463
17297464
17297465
17297466
17297467
17297468
17297469
17297470
17297471
17297472
17297473
17297474
17297475
17297476
17297477
17297478
17297479
17297481
17297482
17297483
17297484
17297485
17297486
17297487
17297488
17297489
17297490
17297491
17297492
17297493
17297494
17297495
17297496
17297497
17297498
17297499
17297500
17297501
17297502
17297503
17297504
17297505
17297506
17297507
17297508
17297509
17297510
17297511
17301543
17301544
17301545
17301546
17301547
17301548
17301549
17301550
17301551
17301552
17301553
17301554
17301555
17301556
17301557
17301558
17301559
17301560
17301561
17301562
17301563
17301565
17301566
17301567
17301568
17301569
17301570
17301571
17301572
17301573
17301574
17301575
17301576
17301577
17301578
17301579
17301580
17301581
17301582
17301583
17301584
17301585
17301586
17301587
17301588
17301589
17301590
17301591
17301592
17301593
17301594
17301595
17301596
17301597
17301598
17301599
17301600
17301601
17301602
17301603
17301604
17305843
17305844
17305845
17305847
17305849
17305852
17305853
17305854
17305857
17305858
17305859
17305860
17305861
17305862
17305887
17305888
17305889
17305890
17305891
17305892
17305893
17305894
17305895
17305896
17305897
17305898
17305899
17305900
17305901
17305902
17305903
17305904
17305905
17305906
17305907
17305908
17305909
17305910
17305911
17305912
17305915
17305916
17305917
17305919
17305920
17305921
17305922
17305923
17305924
17305925
17305926
17305927
17305928
17305929
17305930
17305931
17305932
17305933
17305934
17305935
17305936
17305937
17305938
17305939
17305940
17305941
17305942
17305943
17305944
17305945
17305946
17305947
17305948
17305949
17305950
17305951
17305952
17305953
17305954
17305955
17305956
17305957
17305958
17305959
17305960
17305961
17305962
17305963
17305964
17305965
17305966
17305967
17305968
17305969
17305970
17305971
17305972
17305973
17305974
17305975
17305976
17305977
17305978
17305979
17305980
17305981
17305982
17305983
17305984
17305985
17305986
17305987
17305988
17305989
17305990
17305991
17305992
17305993
17305994
17305995
17309999
17310000
17310001
17310002
17310003
17310004
17310005
17310006
17310007
17310008
17310009
17310010
17310011
17310012
17310013
17310014
17310015
17310016
17310017
17310018
17310019
17310020
17310021
17310022
17310023
17310024
17310025
17310027
17310028
17310029
17310030
17310031
17310032
17310033
17310034
17310035
17310036
17310037
17310038
17310039
17310040
17310041
17310042
17310043
17310044
17310045
17310046
17310047
17310048
17310049
17310050
17310051
17310052
17310053
17310054
17310055
17310056
17310057
17310058
17310059
17310060
17310061
17310062
17310063
17310064
17310065
17310066
17310067
17310068
17310069
17310070
17310071
17310072
17310073
17310074
17310075
17310076
17310077
17310078
17310079
17310080
17310081
17310082
17310083
17310084
17310085
17310086
17310087
17310088
17310089
17310090
17310091
17310092
17310093
17310094
17310095
17310096
17310097
17310098
17310099
17310100
17310101
17310102
17310103
17310104
17310105
17310106
17310107
17310108
17310109
17310110
17310111
17310112
17310113
17310114
17310115
17310116
17310117
17310118
17310119
17310120
17310121
17310122
17310123
17310124
17310125
17310126
17310127
17310128
17310129
17310130
17310131
17310132
17310133
17310134
17310135
17310136
17310137
17310138
17310139
17313795
17313796
17313797
17313798
17313799
17313800
17313801
17313802
17313803
17313804
17313806
17313807
17313809
17318471
17318472
17318473
17318474
17318475
17318476
17318477
17318478
17318479
17318480
17318481
17318482
17318483
17318484
17318485
17318486
17318487
17318488
17318489
17318490
17318491
17318492
17318493
17318494
17318495
17318496
17318497
17318499
17318500
17318501
17318502
17318503
17318504
17318505
17318506
17318507
17318508
17318509
17318510
17318511
17318512
17318513
17318514
17318515
17318516
17318517
17318518
17318519
17318520
17318521
17318522
17318523
17318524
17318525
17318526
17318527
17318528
17318529
17318530
17318531
17318532
17318533
17318534
17318535
17318536
17318537
17318538
17318539
17318540
17318541
17318542
17318543
17318544
17318545
17318546
17318547
17318548
17318549
17318550
17318551
17318552
17318553
17318554
17318555
17318556
17318557
17318558
17318559
17318560
17318561
17318562
17318563
17318564
17318565
17318566
17318567
17318568
17318569
17318570
17318571
17318572
17318573
17318574
17318575
17318576
17318577
17318578
17318579
17318580
17318581
17318582
17318583
17318584
17318585
17318586
17318587
17318588
17318589
17318590
17318591
17318592
17318593
17318594
17318595
17318596
17318597
17318598
17318599
17318600
17318601
17318602
17318603
17318604
17318605
17318606
17318607
17318608
17318609
17318610
17318611
17318612
17318613
17318614
17318615
17318616
17318617
17318618
17318619
17318620
17318621
17318622
17318623
17318624
17318625
17318626
17318627
17318628
17318629
17318630
17318631
17318632
17318633
17318634
17318635
17318636
17318637
17318638
17318639
17318640
17318641
17318642
17318643
17318644
17318645
17318646
17318647
17318648
17318649
17318650
17318651
17318652
17318653
17318654
17318655
17318656
17318657
17318658
17318659
17318660
17318661
17318662
17318663
17318664
17318665
17318666
17318667
17318668
17318669
17318670
17318671
17318672
17318673
17318674
17318675
17318676
17318677
17318678
17318679
17318680
17318681
17318682
17318683
17318684
17318685
17318686
17321985
17321993
17321994
17321995
17321996
17321997
17321998
17321999
17322000
17326791
17326792
17326793
17326794
17326796
17326797
17326798
17326799
17326800
17326801
17326802
17326803
17326804
17326805
17326806
17326807
17326808
17326809
17326810
17326811
17326812
17326813
17326814
17326815
17326816
17326817
17326818
17326819
17326820
17330771
17330772
17330773
17330774
17330776
17330777
17330778
17330779
17330780
17330781
17330782
17330783
17330784
17330785
17330786
17330787
17330788
17330789
17330790
17330791
17330792
17330793
17330794
17330795
17330796
17330797
17330798
17330799
17330800
17330801
17330802
17330803
17330804
17330805
17330806
17330807
17330808
17330809
17330810
17330811
17330812
17330813
17330814
17330815
17334921
17334922
17334923
17334924
17334929
17334931
17334932
17334933
17334934
17334935
17334936
17334937
17334938
17334939
17334940
17334941
17334942
17334943
17334944
17334945
17334946
17334947
17334948
17334949
17334950
17334951
17334952
17334953
17334954
17334955
17334956
17334957
17334958
17334959
17334960
17334962
17334963
17334964
17334965
17334966
17334967
17334968
17334969
17334970
17334971
17334972
17334973
17334974
17334975
17334976
17334977
17334978
17334979
17334980
17334981
17334982
17334983
17334984
17334985
17334986
17334987
17334988
17334989
17334990
17334991
17334992
17334993
17334994
17334995
17334996
17334997
17334998
17334999
17335000
17335001
17335002
17335003
17335004
17335005
17335006
17335007
17335008
17335009
17335010
17335011
17335012
17335013
17335014
17335015
17335016
17335017
17335018
17335019
17335020
17335021
17335022
17335023
17335024
17335025
17335026
17335027
17335028
17335029
17335030
17335031
17335032
17335033
17335034
17335035
17335036
17335037
17335038
17335039
17335040
17335041
17335042
17335043
17335044
17335045
17335046
17335047
17335048
17335049
17335050
17335051
17335052
17335053
17335054
17335055
17335056
17335057
17335058
17335059
17335060
17335061
17335062
17335063
17335064
17335065
17335066
17335067
17335068
17335069
17335070
17335071
17335072
17335073
17335074
17335075
17335076
17335077
17335078
17335079
17335080
17335081
17335082
17335083
17335084
17335085
17335086
17335087
17335088
17335089
17335090
17335091
17335092
17335093
17335094
17335095
17335096
17335097
17335098
17335099
17335100
17335101
17335102
17335103
17335104
17335105
17335106
17335107
17335108
17335109
17335110
17335111
17335112
17335113
17335114
17335115
17335116
17335117
17335118
17335119
17335120
17335121
17335122
17335123
17335124
17335125
17335126
17335127
17335128
17335129
17335130
17335131
17335132
17335133
17335134
17335135
17335136
17335137
17335138
17335139
17335140
17335141
17335142
17335143
17335144
17335145
17335146
17335147
17335148
17335149
17335150
17335151
17335152
17335153
17335154
17335155
17335156
17335157
17335158
17335159
17335160
17335161
17335162
17335163
17335164
17335165
17335166
17335167
17335168
17335169
17338967
17338968
17338969
17338974
17338976
17338977
17338978
17338979
17338980
17338981
17338982
17338983
17338984
17338985
17338986
17338987
17338988
17338989
17338990
17338991
17338992
17338993
17338994
17338995
17338996
17338997
17338998
17338999
17339000
17339001
17339002
17339003
17339004
17339005
17339007
17339008
17339009
17339010
17339011
17339012
17339013
17339014
17339015
17339016
17339017
17339018
17339019
17339020
17339021
17339022
17339023
17339024
17339025
17339026
17339027
17339028
17339029
17339030
17339031
17339032
17339033
17339034
17339035
17339036
17339037
17339038
17339039
17339040
17339041
17339042
17339043
17339044
17339045
17339046
17339047
17339048
17339049
17339050
17339051
17339052
17339053
17339054
17339055
17339056
17339057
17339058
17339059
17339060
17339061
17339062
17339063
17339064
17339065
17339066
17339067
17339068
17339069
17339070
17339071
17339072
17339073
17339074
17339075
17339076
17339077
17339078
17339079
17339080
17339081
17339082
17339083
17339084
17339085
17339086
17339087
17339088
17339089
17339090
17339091
17339092
17339093
17339094
17339095
17339096
17339097
17339098
17339099
17339100
17339101
17339102
17339103
17339104
17339105
17339106
17339107
17339108
17339109
17339110
17339111
17339112
17339113
17339114
17339115
17339116
17339117
17339118
17339119
17339120
17339121
17339122
17339123
17339124
17339125
17339126
17339127
17339128
17339129
17339130
17339131
17339132
17339133
17339134
17339135
17339136
17339137
17339138
17339139
17339140
17339141
17339142
17339143
17339144
17339145
17339146
17339147
17339148
17339149
17339150
17339151
17339152
17339153
17339154
17339155
17339156
17339157
17339158
17339159
17339160
17339161
17339162
17339163
17339164
17339165
17339166
17339167
17339168
17339169
17339170
17339171
17339172
17339173
17339174
17339175
17339176
17339177
17339178
17339179
17339180
17339181
17339182
17339183
17339184
17339185
17339186
17339187
17339188
17339189
17339190
17339191
17339192
17339193
17339194
17339195
17339196
17339197
17339198
17339199
17339200
17339201
17339202
17339203
17339204
17339205
17339206
17339207
17339208
17339209
17339210
17339211
17339212
17339213
17339214
17339215
17339216
17339217
17339218
17339219
17339220
17339221
17339222
17339223
17339224
17339225
17339226
17339227
17339228
17339229
17339230
17339231
17339232
17339233
17339234
17339235
17339236
17339237
17339238
17339239
17339240
17339241
17339242
17339243
17339244
17339245
17339246
17339247
17339248
17339249
17339250
17339251
17339252
17339253
17339254
17339255
17339256
17339257
17339258
17339259
17339260
17339261
17339262
17339263
17339264
17339265
17343082
17343083
17343084
17343085
17343086
17343087
17343088
17343089
17343090
17343091
17343092
17343093
17343094
17343095
17343096
17343097
17343098
17343099
17343100
17343101
17343102
17343103
17343104
17343105
17343106
17343107
17343108
17343109
17343110
17343111
17343112
17343113
17343114
17343116
17343117
17343118
17343119
17343120
17343121
17343122
17343123
17343124
17343125
17343126
17343127
17343128
17343129
17343130
17343131
17343132
17343133
17343134
17343135
17343136
17343137
17343138
17343139
17343140
17343141
17343142
17343143
17343144
17343145
17343146
17343147
17343148
17343149
17343150
17343151
17343152
17343153
17343154
17343155
17343156
17343157
17343158
17343159
17343160
17343161
17343162
17343163
17343164
17343165
17343166
17343167
17343168
17343169
17343170
17343171
17343172
17343173
17343174
17343175
17343176
17343177
17343178
17343179
17343180
17343181
17343182
17343183
17343184
17343185
17343186
17343187
17343188
17343189
17343190
17343191
17343192
17343193
17343194
17343195
17343196
17343197
17343198
17343199
17343200
17343201
17343202
17343203
17343204
17343205
17343206
17343207
17343208
17343209
17343210
17343211
17343212
17343213
17343214
17343215
17343216
17343217
17343218
17343219
17343220
17343221
17343222
17343223
17343224
17343225
17343226
17343227
17343228
17343229
17343230
17343231
17343232
17343233
17343234
17343235
17343236
17343237
17343238
17343239
17343240
17343241
17343242
17343243
17343244
17343245
17343246
17343247
17343248
17343249
17343250
17346597
17346601
17346605
17346608
17346611
17346614
17346624
17346634
17346644
17346653
17346662
17346671
17346675
17346679
17346683
17346687
17346691
17346695
17346702
17346709
17346716
17346718
17346720
17346722
17346724
17346726
17346728
17346730
17346732
17346734
17346737
17346740
17346743
17346745
17346747
17346749
17346751
17346753
17346755
17346760
17346765
17346770
17346776
17346782
17346788
17346800
17346809
17346818
17346827
17346836
17346845
17346854
17346863
17346872
17346881
17346890
17346899
17346908
17346917
17346926
17346933
17346940
17346947
17346954
17346961
17346968
17346975
17346982
17346989
17346996
17347003
17347010
17347017
17347024
17347031
17347045
17347056
17347067
17347078
17347089
17347100
17347113
17347114
17347115
17347117
17347118
17347119
17347120
17347121
17347122
17347123
17347124
17347125
17347126
17347127
17347128
17347129
17347130
17347131
17347132
17347133
17347134
17347135
17347136
17347137
17347138
17347139
17347140
17347141
17347142
17347143
17347144
17347145
17347146
17347147
17347148
17347149
17347150
17347151
17347152
17347153
17347154
17347155
17347156
17347157
17347158
17347159
17347160
17347161
17347162
17347163
17347164
17347165
17347166
17347167
17347168
17347169
17347170
17347171
17347172
17347173
17347174
17347175
17347176
17347177
17347178
17347179
17350932
17350935
17350940
17350943
17350944
17350945
17350946
17350948
17350949
17350950
17350951
17350952
17350953
17350954
17350955
17350956
17350957
17350958
17350959
17350960
17350961
17350962
17350963
17350964
17350965
17350966
17350967
17350968
17350969
17350970
17350971
17350972
17350973
17350974
17350975
17350976
17350977
17350978
17350979
17350980
17350981
17350982
17350983
17350984
17350985
17350986
17350987
17350988
17350989
17350990
17350991
17350992
17350993
17350994
17350995
17350996
17350997
17350998
17350999
17351000
17351001
17351002
17351003
17351004
17351005
17351006
17351007
17351008
17351009
17351010
17351011
17351012
17351013
17351014
17351015
17351016
17351017
17351018
17351019
17351020
17351021
17351022
17354984
17354985
17354986
17354987
17354988
17354990
17354991
17354992
17354993
17354994
17354995
17354996
17354997
17354998
17354999
17355000
17355001
17355002
17355003
17355004
17355005
17355006
17355007
17355008
17355009
17355010
17355011
17355012
17355013
17355014
17359036
17359037
17359038
17359040
17359041
17359042
17359043
17359044
17359045
17359046
17359047
17359048
17359049
17359050
17359051
17359052
17359053
17359054
17359055
17359056
17359057
17359058
17359059
17359060
17359061
17359062
17359063
17359064
17359065
17359066
17359067
17359068
17359069
17359070
17359071
17359072
17359073
17359074
17359075
17359076
17359077
17359078
17359079
17359080
17359081
17359082
17359083
17359084
17359085
17359086
17359087
17359088
17359089
17359090
17359091
17359092
17359093
17359094
17359095
17359096
17359097
17359098
17359099
17359100
17363322
17363323
17363324
17363325
17363326
17363327
17363329
17363330
17363331
17363332
17363333
17363334
17363335
17363336
17363337
17363338
17363339
17363340
17363341
17363342
17363343
17363344
17363345
17363346
17363347
17363348
17363349
17363350
17363351
17363352
17363353
17363354
17363355
17363356
17363357
17363358
17363359
17363360
17363361
17363362
17363363
17363364
17363365
17363366
17363367
17363368
17363369
17363370
17363371
17363372
17363373
17363374
17363375
17363376
17363377
17363378
17363379
17363380
17363381
17363382
17363383
17363384
17363385
17363386
17363387
17363388
17363389
17363390
17363391
17363392
17363393
17363394
17363395
17363396
17363397
17363398
17363399
17363400
17363401
17363402
17363403
17363404
17363405
17363406
17367089
17367093
17367097
17367101
17367105
17367109
17367113
17367117
17367121
17367138
17367155
17367172
17367182
17367192
17367202
17367204
17367206
17367208
17367215
17367222
17367229
17367231
17367233
17367235
17367237
17367239
17367241
17367243
17367245
17367247
17367249
17367255
17367261
17367272
17367279
17367286
17367291
17367296
17367301
17367306
17367311
17367316
17367321
17367326
17367331
17367351
17367368
17367385
17367402
17367419
17367436
17367453
17367470
17367487
17367504
17367521
17367538
17367555
17367572
17367589
17367596
17367603
17367610
17367617
17367624
17367631
17367638
17367645
17367652
17367659
17367666
17367673
17367680
17367687
17367694
17367708
17367719
17367730
17367741
17367752
17367763
17367776
17367777
17367778
17367779
17367781
17367782
17367783
17367784
17367785
17367786
17367787
17367788
17367789
17367790
17367791
17367792
17367793
17367794
17367795
17367796
17367797
17367798
17367799
17367800
17367801
17367802
17367803
17367804
17367805
17367806
17367807
17367808
17367809
17367810
17367811
17367812
17367813
17367814
17367815
17367816
17367817
17367818
17371581
17371582
17371583
17371584
17371585
17371587
17371588
17371589
17371590
17371591
17371592
17371593
17371594
17371595
17371596
17371597
17371598
17371599
17371600
17371601
17371602
17371603
17371604
17371605
17371606
17371607
17371608
17371609
17371610
17371611
17371612
17371613
17371614
17371615
17371616
17371617
17371618
17371619
17371620
17371621
17371622
17371623
17371624
17371625
17371626
17371627
17371628
17371629
17375272
17375276
17375280
17375282
17375284
17375286
17375293
17375300
17375307
17375316
17375325
17375334
17375340
17375346
17375352
17375356
17375360
17375364
17375371
17375378
17375385
17375387
17375389
17375391
17375394
17375397
17375400
17375402
17375404
17375406
17375411
17375416
17375421
17375428
17375435
17375442
17375445
17375448
17375451
17375459
17375467
17375475
17375480
17375485
17375490
17375502
17375511
17375520
17375529
17375538
17375547
17375556
17375565
17375574
17375583
17375592
17375601
17375610
17375619
17375628
17375635
17375642
17375649
17375656
17375663
17375670
17375677
17375684
17375691
17375698
17375705
17375712
17375719
17375726
17375733
17375747
17375758
17375769
17375780
17375791
17375802
17375815
17375816
17375817
17375819
17375820
17375821
17375822
17375823
17375824
17375825
17375826
17375827
17375828
17375829
17375830
17375831
17375832
17375833
17375834
17375835
17375836
17375837
17375838
17375839
17375840
17375841
17375842
17375843
17375844
17375845
17375846
17375847
17375848
17375849
17375850
17375851
17379788
17379789
17379790
17379791
17379793
17379794
17379795
17379796
17379797
17379798
17379799
17379800
17379801
17379802
17379803
17379804
17379805
17379806
17379807
17379808
17379809
17379810
17379811
17379812
17379813
17379814
17379815
17379816
17379817
17379818
17379819
17379820
17379821
17379822
17379823
17379824
17379825
17379826
17379827
17379828
17379829
17379830
17379831
17379832
17379833
17379834
17379835
17379836
17379837
17379838
17379839
17379840
17379841
17379842
17379843
17379844
17379845
17379846
17379847
17379848
17379849
17379850
17379851
17379852
17379853
17379854
17379855
17379856
17379857
17379858
17379859
17379860
17379861
17379862
17379863
17379864
17379865
17379866
17379867
17379868
17379869
17379870
17379871
17379872
17379873
17383451
17383452
17383453
17383454
17383456
17383457
17383458
17383459
17383460
17383461
17383462
17383463
17383464
17383465
17383466
17383467
17383468
17383469
17383470
17383471
17383472
17383473
17383474
17383475
17383476
17383477
17383478
17383479
17383480
17383481
17383482
17383483
17383484
17383485
17383486
17383487
17383488
17383489
17383490
17383491
17383492
17383493
17383494
17383495
17383496
17383497
17383498
17383499
17383500
17383501
17387973
17387974
17387975
17387976
17387977
17387979
17387980
17387981
17387982
17387983
17387984
17387985
17387986
17387987
17387988
17387989
17387990
17387991
17387992
17387993
17387994
17387995
17387996
17387997
17387998
17387999
17388000
17388001
17388002
17388003
17388004
17388005
17388006
17388007
17388008
17388009
17388010
17388011
17388012
17388013
17388014
17388015
17388016
17388017
17388018
17388019
17388020
17388021
17388022
17388023
17388024
17388025
17388026
17388027
17388028
17388029
17388030
17388031
17388032
17388033
17388034
17388035
17388036
17388037
17388038
17388039
17388040
17388041
17388042
17388043
17388044
17388045
17388046
17388047
17388048
17388049
17388050
17388051
17388052
17388053
17388054
17388055
17388056
17388057
17391814
17391815
17391816
17391817
17391819
17391820
17391821
17391822
17391823
17391824
17391825
17391826
17391827
17391828
17391829
17391830
17391831
17391832
17391833
17391834
17391835
17391836
17391837
17391838
17391839
17391840
17391841
17391842
17391843
17391844
17391845
17391846
17391847
17391848
17391849
17391850
17391851
17391852
17391853
17391854
17391855
17391856
17391857
17391858
17391859
17391860
17391861
17391862
17396142
17396145
17396146
17396147
17396148
17396150
17396151
17396152
17396153
17396154
17396155
17396156
17396157
17396158
17396159
17396160
17396161
17396162
17396163
17396164
17396165
17396166
17396167
17396168
17396169
17396170
17396171
17396172
17396173
17396174
17396175
17396176
17396177
17396178
17396179
17396180
17396181
17396182
17396183
17396184
17396185
17396186
17396187
17396188
17396189
17396190
17396191
17396192
17396193
17396194
17396195
17396196
17396197
17396198
17396199
17396200
17396201
17396202
17396203
17396204
17396205
17396206
17396207
17396208
17396209
17396210
17396211
17396212
17396213
17396214
17396215
17396216
17396217
17396218
17396219
17396220
17396221
17396222
17396223
17396224
17396225
17396226
17396227
17396228
17396229
17396230
17396231
17396232
17396233
17396234
17396235
17396236
17396237
17396238
17396239
17396240
17396241
17396242
17396243
17396244
17396245
17396246
17396247
17396248
17396249
17396250
17396251
17396252
17396253
17396254
17396255
17396256
17396257
17396258
17396259
17396260
17396261
17396262
17396263
17396264
17396265
17396266
17396267
17396268
17396269
17396270
17396271
17396272
17399818
17399819
17399820
17399821
17399823
17399824
17399825
17399826
17399827
17399828
17399829
17399830
17399831
17399832
17399833
17399834
17399835
17399836
17399837
17399838
17399839
17399840
17399841
17399842
17399843
17399844
17399845
17399846
17399847
17399848
17399849
17399850
17399851
17399852
17399853
17399854
17399855
17399856
17399857
17399858
17399859
17404356
17404357
17404358
17404359
17404360
17404361
17404362
17404363
17404364
17404365
17404366
17404367
17404368
17404369
17404370
17404371
17404372
17404373
17404374
17404375
17404376
17404377
17404378
17404380
17404381
17404382
17404383
17404384
17404385
17404386
17404387
17404388
17404389
17404390
17404391
17404392
17404393
17404394
17404395
17404396
17404397
17404398
17404399
17404400
17404401
17404402
17404403
17404404
17404405
17404406
17404407
17404408
17404409
17404410
17404411
17404412
17404413
17404414
17404415
17404416
17404417
17404418
17404419
17404420
17404421
17404422
17404423
17404424
17404425
17404426
17404427
17404428
17404429
17404430
17404431
17404432
17404433
17404434
17404435
17404436
17404437
17404438
17404439
17404440
17404441
17404442
17404443
17404444
17408032
17408033
17408034
17408035
17408036
17408038
17408039
17408040
17408041
17408042
17408043
17408044
17408045
17408046
17408047
17408048
17408049
17408050
17408051
17408052
17408053
17408054
17408055
17408056
17408057
17408058
17408059
17408060
17408061
17408062
17408063
17408064
17408065
17408066
17408067
17408068
17408069
17408070
17412644
17412645
17412646
17412647
17412648
17412649
17412650
17412651
17412652
17412653
17412654
17412655
17412656
17412657
17412658
17412659
17412660
17412661
17412662
17412663
17412664
17412665
17412666
17412667
17412668
17412669
17412670
17412671
17412672
17412673
17412674
17412675
17412676
17412678
17412679
17412680
17412681
17412682
17412683
17412684
17412685
17412686
17412687
17412688
17412689
17412690
17412691
17412692
17412693
17412694
17412695
17412696
17412697
17412698
17412699
17412700
17412701
17412702
17412703
17412704
17412705
17412706
17412707
17412708
17412709
17412710
17412711
17412712
17412713
17412714
17412715
17412716
17412717
17412718
17412719
17412720
17412721
17412722
17412723
17412724
17412725
17412726
17412727
17412728
17412729
17412730
17412731
17412732
17412733
17412734
17412735
17412736
17412737
17412738
17412739
17412740
17412741
17412742
17412743
17412744
17412745
17412746
17412747
17412748
17412749
17412750
17412751
17412752
17412753
17412754
17412755
17412756
17412757
17412758
17412759
17412760
17412761
17412762
17412763
17412764
17412765
17412766
17412767
17412768
17412769
17412770
17412771
17412772
17412773
17412774
17412775
17412776
17412777
17412778
17412779
17412780
17412781
17412782
17412783
17412784
17412785
17412786
17412787
17412788
17412789
17412790
17412791
17412792
17412793
17412794
17412795
17412796
17412797
17412798
17412799
17412800
17412801
17412802
17412803
17412804
17412805
17412806
17412807
17412808
17416196
17416200
17416204
17416253
17416254
17416255
17416256
17416257
17416258
17416259
17416260
17416261
17416262
17416263
17416264
17416265
17416266
17416267
17416268
17416270
17416271
17416272
17416273
17416274
17416275
17416276
17416277
17416278
17416279
17416280
17416281
17416282
17416283
17416284
17416285
17416286
17416287
17416288
17416289
17416290
17416291
17416292
17416293
17416294
17416295
17416296
17416297
17416298
17416299
17416300
17416301
17416302
17416303
17416304
17416305
17416306
17416307
17416308
17416309
17416310
17416311
17416312
17416313
17416314
17416315
17416316
17416317
17416318
17416319
17416320
17416321
17416322
17416323
17416324
17416325
17416326
17416327
17416328
17416329
17416330
17416331
17416332
17416333
17416334
17420632
17420633
17420634
17420635
17420636
17420637
17420638
17420639
17420640
17420641
17420642
17420643
17420644
17420645
17420646
17420647
17420648
17420649
17420650
17420651
17420652
17420653
17420654
17420655
17420656
17420657
17420658
17420660
17420661
17420662
17420663
17420664
17420665
17420666
17420667
17420668
17420669
17420670
17420671
17420672
17420673
17420674
17420675
17420676
17420677
17420678
17420679
17420680
17420681
17420682
17420683
17424517
17424518
17424519
17424520
17424521
17424522
17424523
17424524
17424525
17424526
17424527
17424528
17424529
17424530
17424531
17424532
17424533
17424534
17424535
17424536
17424537
17424538
17424539
17424540
17424541
17424542
17424543
17424545
17424546
17424547
17424548
17424549
17424550
17424551
17424552
17424553
17424554
17424555
17424556
17424557
17424558
17424559
17424560
17424561
17424562
17424563
17424564
17424565
17424566
17424567
17424568
17424569
17424570
17424571
17424572
17424573
17424574
17424575
17424576
17428857
17428858
17428859
17428860
17428861
17428862
17428863
17428864
17428865
17428866
17428867
17428868
17428869
17428870
17428871
17428872
17428873
17428874
17428875
17428876
17428877
17428878
17428879
17428880
17428881
17428882
17428883
17428884
17428885
17428886
17428887
17428888
17428889
17428890
17428891
17428892
17428893
17428895
17428896
17428897
17428898
17428899
17428900
17428901
17428902
17428903
17428904
17428905
17428906
17428907
17428908
17428909
17428910
17428911
17428912
17428913
17428914
17428915
17428916
17428917
17428918
17428919
17428920
17428921
17428922
17428923
17428924
17428925
17428926
17428927
17428928
17428929
17428930
17428931
17428932
17428933
17428934
17428935
17428936
17428937
17428938
17428939
17428940
17428941
17428942
17428943
17428944
17428945
17428946
17428947
17428948
17428949
17428950
17428951
17428952
17428953
17428954
17428955
17428956
17428957
17428958
17428959
17428960
17428961
17428962
17428963
17428964
17428965
17428966
17428967
17428968
17428969
17428970
17428971
17428972
17428973
17428974
17428975
17428976
17428977
17428978
17428979
17428980
17428981
17428982
17428983
17428984
17428985
17428986
17428987
17428988
17428989
17428990
17428991
17428992
17428993
17428994
17428995
17428996
17428997
17428998
17428999
17429000
17429001
17429002
17429003
17429004
17429005
17429006
17429007
17429008
17429009
17429010
17429011
17429012
17429013
17429014
17429015
17429016
17429017
17429018
17429019
17429020
17429021
17429022
17429023
17429024
17429025
17429026
17429027
17429028
17429029
17429030
17429031
17429032
17429033
17429034
17429035
17429036
17429037
17429038
17429039
17429040
17429041
17429042
17429043
17429044
17429045
17429046
17433010
17433011
17433012
17433013
17433014
17433015
17433016
17433017
17433018
17433019
17433020
17433021
17433022
17433023
17433024
17433025
17433026
17433027
17433028
17433029
17433030
17433031
17433032
17433033
17433034
17433035
17433036
17433037
17433038
17433039
17433040
17433041
17433042
17433044
17433045
17433046
17433047
17433048
17433049
17433050
17433051
17433052
17433053
17433054
17433055
17433056
17433057
17433058
17433059
17433060
17433061
17433062
17433063
17433064
17433065
17433066
17433067
17433068
17433069
17433070
17433071
17433072
17433073
17433074
17433075
17433076
17433077
17433078
17433079
17433080
17433081
17433082
17433083
17433084
17433085
17433086
17433087
17433088
17433089
17433090
17433091
17433092
17433093
17433094
17433095
17433096
17433097
17433098
17433099
17433100
17433101
17433102
17433103
17433104
17436971
17436972
17436973
17436974
17436976
17436977
17436978
17436979
17436980
17436981
17436982
17436983
17436984
17436985
17436986
17436987
17436988
17436989
17436990
17436991
17436992
17436993
17436994
17436995
17436996
17436997
17436998
17436999
17437000
17437001
17437002
17437003
17437004
17437005
17437006
17437007
17437008
17437009
17437010
17437011
17437012
17437013
17437014
17437015
17437016
17437017
17437018
17441012
17441013
17441014
17441016
17441017
17441018
17441019
17441020
17441021
17441022
17441023
17441024
17441025
17441026
17441027
17441028
17441029
17441030
17441031
17441032
17441033
17441034
17441035
17441036
17441037
17441038
17441039
17441040
17441041
17441042
17441043
17441044
17441045
17441046
17441047
17441048
17441049
17441050
17441051
17441052
17441053
17441054
17441055
17441056
17441057
17441058
17441059
17441060
17441061
17441062
17441063
17441064
17441065
17441066
17441067
17441068
17441069
17441070
17441071
17441072
17441073
17441074
17441075
17441076
17441077
17441078
17441079
17441080
17441081
17441082
17441083
17441084
17441085
17441086
17441087
17441088
17441089
17441090
17441091
17441092
17441093
17441094
17441095
17441096
17441097
17441098
17441099
17441100
17441101
17441102
17441103
17441104
17441105
17441106
17441107
17441108
17441109
17441110
17441111
17441112
17441113
17441114
17441115
17441116
17441117
17441118
17441119
17441120
17441121
17441122
17441123
17441124
17441125
17441126
17441127
17441128
17441129
17441130
17444884
17444891
17444898
17444905
17444911
17444917
17444929
17444934
17444939
17444944
17444951
17444958
17444965
17444972
17444979
17444986
17444993
17445000
17445007
17445014
17445021
17445028
17445035
17445042
17445049
17445055
17445061
17445067
17445073
17445079
17445085
17445091
17445097
17445103
17445109
17445115
17445121
17445127
17445133
17445135
17445136
17445137
17445139
17445140
17445141
17445142
17445143
17445144
17445145
17445146
17445147
17445148
17445149
17445150
17445151
17445152
17445153
17445154
17445155
17445156
17445157
17445158
17445159
17445160
17445161
17445162
17445163
17445164
17445165
17445166
17445167
17445168
17445169
17445170
17445171
17445172
17445173
17445174
17445175
17445176
17445177
17445178
17445179
17445180
17445181
17445182
17445183
17445184
17445185
17445186
17445187
17445188
17445189
17445190
17445191
17445192
17445193
17445194
17445195
17445196
17445197
17445198
17445199
17445200
17445201
17445202
17445203
17445204
17445205
17445206
17445207
17445208
17445209
17445210
17445211
17445212
17445213
17445214
17445215
17445216
17445217
17445218
17445219
17445220
17445221
17445222
17445223
17445224
17445225
17445226
17445227
17445228
17445229
17445230
17445231
17445232
17445233
17445234
17445235
17445236
17445237
17445238
17445239
17445240
17445241
17445242
17445243
17445244
17449377
17449378
17449379
17449380
17449381
17449382
17449383
17449384
17449385
17449386
17449387
17449388
17449389
17449390
17449391
17449392
17449393
17449394
17449395
17449396
17449397
17449398
17449399
17449400
17449401
17449402
17449403
17449404
17449405
17449406
17449407
17449408
17449409
17449410
17449411
17449412
17449413
17449415
17449416
17449417
17449418
17449419
17449420
17449421
17449422
17449423
17449424
17449425
17449426
17449427
17449428
17449429
17449430
17449431
17449432
17449433
17449434
17449435
17449436
17449437
17449438
17449439
17449440
17449441
17449442
17449443
17449444
17449445
17449446
17449447
17449448
17449449
17449450
17449451
17449452
17449453
17449454
17449455
17449456
17449457
17449458
17449459
17449460
17449461
17449462
17449463
17449464
17449465
17449466
17449467
17449468
17449469
17449470
17449471
17449472
17449473
17449474
17449475
17449476
17449477
17449478
17449479
17449480
17449481
17449482
17449483
17449484
17449485
17449486
17449487
17449488
17449489
17449490
17449491
17449492
17449493
17449494
17449495
17449496
17449497
17449498
17449499
17449500
17449501
17449502
17449503
17449504
17449505
17449506
17449507
17449508
17449509
17449510
17449511
17449512
17449513
17449514
17449515
17449516
17449517
17449518
17449519
17449520
17449521
17449522
17449523
17449524
17449525
17449526
17449527
17449528
17449529
17449530
17449531
17449532
17449533
17449534
17449535
17449536
17449537
17449538
17449539
17449540
17449541
17449542
17449543
17449544
17449545
17449546
17449547
17449548
17449549
17449550
17449551
17449552
17449553
17449554
17449555
17449556
17449557
17449558
17449559
17449560
17449561
17449562
17449563
17449564
17449565
17449566
17449567
17449568
17449569
17449570
17453079
17453086
17453093
17453136
17453143
17453150
17453157
17453164
17453171
17453178
17453185
17453192
17453199
17453206
17453213
17453220
17453227
17453234
17453294
17453295
17453296
17453298
17453299
17453300
17453301
17453302
17453303
17453304
17453305
17453306
17453307
17453308
17453309
17453310
17453311
17453312
17453313
17453314
17453315
17453316
17453317
17453318
17453319
17453320
17453321
17453322
17453323
17453324
17453325
17453326
17453327
17453328
17453329
17453330
17453331
17453332
17453333
17453334
17453335
17453336
17453337
17453338
17453339
17453340
17453341
17453342
17453343
17453344
17453345
17453346
17453347
17453348
17453349
17453350
17453351
17453352
17453353
17453354
17453355
17453356
17453357
17453358
17453359
17453360
17453361
17453362
17457313
17457314
17457315
17457316
17457317
17457318
17457319
17457320
17457321
17457322
17457323
17457324
17457325
17457326
17457327
17457328
17457329
17457330
17457331
17457332
17457333
17457335
17457336
17457337
17457338
17457339
17457340
17457341
17457342
17457343
17457344
17457345
17457346
17457347
17457348
17457349
17457350
17457351
17457352
17457353
17457354
17457355
17457356
17457357
17457358
17457359
17457360
17457361
17457362
17457363
17457364
17457365
17457366
17457367
17457368
17457369
17457370
17457371
17457372
17457373
17457374
17457375
17457376
17457377
17457378
17457379
17457380
17457381
17457382
17457383
17457384
17457385
17457386
17457387
17457388
17457389
17457390
17457391
17457392
17457393
17457394
17461484
17461485
17461486
17461487
17461488
17461489
17461490
17461491
17461492
17461493
17461494
17461495
17461496
17461497
17461498
17461499
17461500
17461501
17461502
17461503
17461504
17461505
17461506
17461508
17461509
17461510
17461511
17461512
17461513
17461514
17461515
17461516
17461517
17461518
17461519
17461520
17461521
17461522
17461523
17461524
17461525
17461526
17461527
17461528
17461529
17461530
17461531
17461532
17461533
17461534
17461535
17461536
17461537
17461538
17461539
17461540
17461541
17461542
17461543
17461544
17461545
17461546
17461547
17461548
17461549
17461550
17461551
17461552
17461553
17461554
17461555
17461556
17461557
17461558
17461559
17461560
17461561
17461562
17461563
17461564
17461565
17461566
17461567
17461568
17461569
17461570
17461571
17461572
17461573
17461574
17461575
17461576
17461577
17461578
17461579
17461580
17461581
17461582
17461583
17461584
17461585
17461586
17461587
17461588
17461589
17461590
17461591
17461592
17461593
17461594
17461595
17461596
17461597
17461598
17465370
17465375
17465380
17465384
17465388
17465392
17465397
17465402
17465407
17465409
17465411
17465413
17465434
17465437
17465440
17465445
17465450
17465455
17465460
17465465
17465470
17465475
17465480
17465485
17465490
17465495
17465500
17465505
17465510
17465515
17465516
17465517
17465518
17465520
17465521
17465522
17465523
17465524
17465525
17465526
17465527
17465528
17465529
17465530
17465531
17465532
17465533
17465534
17465535
17465536
17465537
17465538
17465539
17465540
17465541
17465542
17465543
17465544
17465545
17465546
17465547
17465548
17465549
17465550
17465551
17465552
17465553
17465554
17465555
17465556
17465557
17465558
17465559
17465560
17465561
17465562
17465563
17465564
17465565
17465566
17465567
17465568
17465569
17465570
17465571
17465572
17465573
17465574
17465575
17465576
17465577
17465578
17465579
17465580
17465581
17465582
17465583
17465584
17465585
17465586
17465587
17465588
17465589
17465590
17465591
17465592
17465593
17465594
17465595
17465596
17465597
17465598
17465599
17465600
17465601
17465602
17465603
17465604
17469762
17469763
17469764
17469765
17469766
17469767
17469768
17469769
17469770
17469771
17469772
17469773
17469774
17469775
17469776
17469777
17469778
17469779
17469780
17469781
17469782
17469783
17469784
17469785
17469786
17469787
17469788
17469789
17469790
17469792
17469793
17469794
17469795
17469796
17469797
17469798
17469799
17469800
17469801
17469802
17469803
17469804
17469805
17469806
17469807
17469808
17469809
17469810
17469811
17469812
17469813
17469814
17469815
17469816
17469817
17469818
17469819
17469820
17469821
17469822
17469823
17469824
17469825
17469826
17469827
17469828
17469829
17469830
17469831
17469832
17469833
17469834
17469835
17469836
17469837
17469838
17469839
17469840
17469841
17469842
17469843
17469844
17469845
17469846
17469847
17469848
17469849
17469850
17469851
17469852
17469853
17469854
17469855
17469856
17469857
17469858
17469859
17469860
17469861
17473669
17473670
17473671
17473672
17473673
17473674
17473676
17473677
17473678
17473679
17473680
17473681
17473682
17473683
17473684
17473685
17473686
17473687
17473688
17473689
17473690
17473691
17473692
17473693
17473694
17473695
17473696
17473697
17473698
17473699
17473700
17473701
17473702
17473703
17473704
17473705
17473706
17473707
17473708
17473709
17473710
17473711
17473712
17473713
17473714
17473715
17473716
17473717
17473718
17473719
17473720
17473721
17473722
17473723
17473724
17473725
17473726
17473727
17473728
17473729
17473730
17473731
17473732
17473733
17473734
17473735
17473736
17473737
17473738
17473739
17473740
17473741
17473742
17473743
17473744
17473745
17473746
17473747
17473748
17473749
17473750
17473751
17473752
17473753
17473754
17473755
17473756
17473757
17473758
17473759
17473760
17473761
17473762
17473763
17473764
17473765
17473766
17473767
17473768
17473769
17473770
17473771
17473772
17473773
17473774
17473775
17473776
17473777
17473778
17473779
17473780
17473781
17478270
17478271
17478272
17478273
17478274
17478275
17478276
17478277
17478278
17478279
17478280
17478281
17478282
17478283
17478284
17478285
17478286
17478287
17478288
17478289
17478290
17478291
17478292
17478293
17478294
17478295
17478296
17478297
17478298
17478299
17478300
17478301
17478302
17478303
17478304
17478305
17478306
17478307
17478308
17478309
17478310
17478311
17478312
17478314
17478315
17478316
17478317
17478318
17478319
17478320
17478321
17478322
17478323
17478324
17478325
17478326
17478327
17478328
17478329
17478330
17478331
17478332
17478333
17478334
17478335
17478336
17478337
17478338
17478339
17478340
17478341
17478342
17478343
17478344
17478345
17478346
17478347
17478348
17478349
17478350
17478351
17478352
17478353
17478354
17478355
17478356
17478357
17478358
17478359
17478360
17478361
17478362
17478363
17478364
17478365
17478366
17478367
17478368
17478369
17478370
17478371
17478372
17478373
17478374
17478375
17478376
17481795
17481796
17481797
17481798
17481799
17481800
17481801
17481802
17481803
17481804
17481805
17481806
17481807
17481808
17481809
17481810
17481811
17481812
17481813
17481814
17481816
17481817
17481818
17481819
17481820
17481821
17481822
17481823
17481824
17481825
17481826
17481827
17481828
17481829
17481830
17481831
17481832
17481833
17481834
17481835
17481836
17481837
17481838
17481839
17481840
17481841
17481842
17481843
17481844
17481845
17481846
17481847
17481848
17481849
17481850
17481851
17481852
17481853
17481854
17481855
17481856
17481857
17481858
17481859
17481860
17481861
17481862
17481863
17481864
17481865
17481866
17481867
17481868
17481869
17481870
17481871
17481872
17481873
17481874
17481875
17481876
17481877
17486214
17486215
17486216
17486217
17486218
17486219
17486220
17486221
17486222
17486223
17486224
17486225
17486226
17486227
17486228
17486229
17486230
17486231
17486232
17486233
17486234
17486235
17486236
17486238
17486239
17486240
17486241
17486242
17486243
17486244
17486245
17486246
17486247
17486248
17486249
17486250
17486251
17486252
17486253
17486254
17486255
17486256
17486257
17486258
17486259
17486260
17486261
17486262
17486263
17486264
17486265
17486266
17486267
17486268
17486269
17486270
17486271
17486272
17486273
17486274
17486275
17486276
17486277
17486278
17486279
17486280
17486281
17490251
17490252
17490253
17490254
17490255
17490256
17490257
17490258
17490259
17490260
17490261
17490262
17490263
17490264
17490265
17490266
17490267
17490268
17490269
17490270
17490271
17490272
17490273
17490274
17490275
17490277
17490278
17490279
17490280
17490281
17490282
17490283
17490284
17490285
17490286
17490287
17490288
17490289
17490290
17490291
17490292
17490293
17490294
17490295
17490296
17490297
17490298
17490299
17490300
17490301
17490302
17490303
17490304
17490305
17490306
17490307
17490308
17490309
17490310
17490311
17490312
17490313
17490314
17490315
17490316
17490317
17490318
17490319
17490320
17490321
17490322
17490323
17490324
17490325
17490326
17490327
17490328
17490329
17490330
17490331
17490332
17490333
17494619
17494620
17494621
17494622
17494623
17494624
17494625
17494626
17494627
17494628
17494629
17494630
17494631
17494632
17494633
17494634
17494635
17494636
17494637
17494638
17494639
17494640
17494641
17494642
17494643
17494644
17494645
17494646
17494647
17494648
17494649
17494650
17494651
17494652
17494653
17494654
17494655
17494656
17494658
17494659
17494660
17494661
17494662
17494663
17494664
17494665
17494666
17494667
17494668
17494669
17494670
17494671
17494672
17494673
17494674
17494675
17494676
17494677
17494678
17494679
17494680
17494681
17494682
17494683
17494684
17494685
17494686
17494687
17494688
17494689
17494690
17494691
17494692
17494693
17494694
17494695
17494696
17494697
17494698
17494699
17494700
17494701
17494702
17494703
17494704
17494705
17494706
17494707
17494708
17494709
17494710
17494711
17494712
17494713
17494714
17494715
17494716
17494717
17494718
17494719
17494720
17494721
17494722
17494723
17494724
17494725
17494726
17494727
17494728
17494729
17494730
17494731
17494732
17494733
17494734
17494735
17494736
17494737
17494738
17494739
17494740
17494741
17494742
17494743
17494744
17494745
17494746
17494747
17494748
17494749
17494750
17494751
17494752
17494753
17494754
17494755
17494756
17494757
17494758
17494759
17494760
17494761
17494762
17494763
17494764
17494765
17494766
17494767
17494768
17494769
17494770
17494771
17494772
17494773
17494774
17494775
17494776
17494777
17494778
17494779
17494780
17494781
17494782
17494783
17494784
17494785
17494786
17494787
17494788
17494789
17494790
17494791
17494792
17494793
17494794
17494795
17494796
17494797
17494798
17494799
17494800
17494801
17494802
17494803
17494804
17494805
17494806
17494807
17494808
17494809
17494810
17494811
17494812
17498576
17498577
17498578
17498579
17498580
17498581
17498582
17498583
17498584
17498585
17498586
17498587
17498588
17498589
17498590
17498591
17498592
17498593
17498594
17498595
17498596
17498597
17498599
17498600
17498601
17498602
17498603
17498604
17498605
17498606
17498607
17498608
17498609
17498610
17498611
17498612
17498613
17498614
17498615
17498616
17498617
17498618
17498619
17498620
17498621
17498622
17498623
17498624
17498625
17498626
17498627
17498628
17498629
17498630
17498631
17498632
17498633
17498634
17498635
17498636
17498637
17498638
17498639
17498640
17498641
17498642
17498643
17498644
17498645
17498646
17498647
17498648
17498649
17498650
17498651
17498652
17498653
17498654
17498655
17498656
17498657
17498658
17498659
17498660
17498661
17498662
17498663
17498664
17498665
17498666
17498667
17498668
17498669
17498670
17498671
17498672
17498673
17498674
17498675
17498676
17498677
17498678
17498679
17498680
17498681
17502580
17502581
17502582
17502583
17502584
17502585
17502586
17502587
17502588
17502589
17502590
17502591
17502592
17502593
17502594
17502595
17502596
17502597
17502598
17502599
17502600
17502601
17502602
17502603
17502605
17502606
17502607
17502608
17502609
17502610
17502611
17502612
17502613
17502614
17502615
17502616
17502617
17502618
17502619
17502620
17502621
17502622
17502623
17502624
17502625
17502626
17502627
17502628
17502629
17502630
17502631
17502632
17502633
17502634
17502635
17502636
17502637
17502638
17502639
17502640
17502641
17502642
17502643
17502644
17502645
17502646
17502647
17502648
17502649
17502650
17502651
17502652
17502653
17502654
17502655
17502656
17502657
17502658
17502659
17502660
17502661
17502662
17502663
17502664
17502665
17502666
17502667
17502668
17502669
17502670
17502671
17502672
17502673
17502674
17502675
17502676
17502677
17502678
17502679
17502680
17502681
17502682
17502683
17502684
17502685
17502686
17502687
17502688
17502689
17502690
17502691
17502692
17502693
17502694
17502695
17502696
17502697
17502698
17502699
17502700
17502701
17502702
17502703
17502704
17502705
17502706
17502707
17502708
17502709
17502710
17502711
17502712
17502713
17502714
17502715
17502716
17506691
17506692
17506693
17506694
17506695
17506696
17506697
17506698
17506699
17506700
17506701
17506702
17506703
17506704
17506705
17506706
17506707
17506708
17506709
17506710
17506711
17506712
17506713
17506715
17506716
17506717
17506718
17506719
17506720
17506721
17506722
17506723
17506724
17506725
17506726
17506727
17506728
17506729
17506730
17506731
17506732
17506733
17506734
17506735
17506736
17506737
17506738
17506739
17506740
17506741
17506742
17506743
17506744
17506745
17506746
17506747
17506748
17506749
17506750
17506751
17506752
17506753
17506754
17506755
17506756
17506757
17506758
17506759
17506760
17506761
17506762
17506763
17506764
17506765
17506766
17506767
17506768
17506769
17506770
17506771
17506772
17506773
17506774
17506775
17506776
17506777
17506778
17506779
17506780
17506781
17506782
17506783
17506784
17506785
17506786
17506787
17506788
17506789
17506790
17506791
17506792
17506793
17506794
17506795
17506796
17506797
17506798
17506799
17506800
17506801
17506802
17506803
17506804
17506805
17506806
17506807
17506808
17506809
17506810
17506811
17506812
17506813
17506814
17506815
17506816
17506817
17506818
17506819
17506820
17506821
17506822
17506823
17506824
17506825
17506826
17506827
17506828
17506829
17506830
17506831
17506832
17506833
17506834
17506835
17506836
17506837
17506838
17510404
17510406
17510408
17510410
17510412
17510414
17510416
17510421
17510422
17510427
17510428
17510433
17510434
17510440
17510446
17510680
17510681
17510682
17510683
17510684
17510685
17510687
17510688
17510689
17510690
17510691
17510692
17510693
17510694
17510695
17510696
17510697
17510698
17510699
17510700
17510701
17510702
17510703
17510704
17510705
17510706
17510707
17510708
17510709
17510710
17510711
17510712
17510713
17510714
17510715
17510716
17510717
17510718
17510719
17510720
17510721
17510722
17510723
17510724
17510725
17510726
17510727
17510728
17510729
17510730
17510731
17510732
17510733
17510734
17510735
17510736
17510737
17510738
17510739
17510740
17510741
17510742
17510743
17510744
17510745
17510746
17510747
17510748
17510749
17510750
17510751
17510752
17510753
17510754
17510755
17510756
17510757
17510758
17510759
17510760
17510761
17510762
17510763
17510764
17510765
17510766
17510767
17510768
17510769
17510770
17510771
17510772
17510773
17510774
17510775
17514785
17514786
17514787
17514789
17514790
17514791
17514792
17514793
17514794
17514795
17514796
17514797
17514798
17514799
17514800
17514801
17514802
17514803
17514804
17514805
17514806
17514807
17514808
17514809
17514810
17514811
17514812
17514813
17514814
17514815
17514816
17514817
17514818
17514819
17514820
17514821
17514822
17514823
17514824
17514825
17514826
17518593
17518594
17518595
17518723
17518724
17518725
17518726
17518727
17518728
17518729
17518730
17518731
17518732
17518733
17518734
17518735
17518736
17518737
17518738
17518739
17518740
17518741
17518742
17518743
17518744
17518745
17518746
17518747
17518748
17518749
17518750
17518751
17518752
17518753
17518754
17518755
17518756
17518757
17518758
17518759
17518760
17518761
17518762
17523203
17523204
17523205
17523206
17523207
17523209
17523210
17523211
17523212
17523213
17523214
17523215
17523216
17523217
17523218
17523219
17523220
17523221
17523222
17523223
17523224
17523225
17523226
17523227
17523228
17523229
17523230
17523231
17523232
17523233
17523234
17523235
17523236
17523237
17523238
17523239
17523240
17523241
17523242
17523243
17523244
17523245
17523246
17523247
17523248
17523249
17523250
17523251
17523252
17523253
17523254
17523255
17523256
17523257
17523258
17523259
17523260
17523261
17523262
17523263
17523264
17523265
17523266
17523267
17523268
17523269
17523270
17523271
17523272
17523273
17523274
17523275
17523276
17523277
17523278
17523279
17523280
17523281
17523282
17523283
17523284
17523285
17523286
17523287
17523288
17523289
17523290
17523291
17523292
17523293
17523294
17523295
17523296
17523297
17523298
17523299
17523300
17523301
17523302
17523303
17523304
17523305
17523306
17523307
17523308
17523309
17523310
17523311
17523312
17523313
17523314
17523315
17523316
17523317
17523318
17523319
17523320
17523321
17523322
17523323
17523324
17523325
17523326
17523327
17523328
17523329
17523330
17523331
17523332
17523333
17523334
17523335
17523336
17523337
17523338
17523339
17523340
17523341
17523342
17523343
17523344
17523345
17523346
17523347
17523348
17523349
17523350
17523351
17523352
17523353
17523354
17523355
17523356
17523357
17523358
17526904
17526910
17526911
17526912
17526913
17526914
17526915
17526916
17526917
17526918
17526919
17526920
17526921
17526922
17526923
17526924
17526925
17526926
17526927
17526928
17526929
17526930
17531129
17531130
17531131
17531132
17531133
17531134
17531135
17531136
17531137
17531138
17531139
17531140
17531141
17531142
17531143
17531144
17531145
17531146
17531147
17531148
17531149
17531150
17531151
17531152
17531154
17531155
17531156
17531157
17531158
17531159
17531160
17531161
17531162
17531163
17531164
17531165
17531166
17531167
17531168
17531169
17531170
17531171
17531172
17531173
17531174
17531175
17531176
17531177
17531178
17531179
17531180
17531181
17531182
17531183
17531184
17531185
17531186
17531187
17531188
17531189
17531190
17531191
17531192
17531193
17531194
17531195
17531196
17531197
17531198
17531199
17531200
17531201
17531202
17531203
17531204
17531205
17531206
17531207
17531208
17531209
17531210
17531211
17531212
17531213
17531214
17531215
17531216
17531217
17531218
17531219
17531220
17531221
17531222
17531223
17531224
17531225
17531226
17531227
17531228
17531229
17531230
17531231
17531232
17531233
17531234
17531235
17531236
17531237
17531238
17531239
17531240
17531241
17531242
17531243
17531244
17531245
17535214
17535215
17535216
17535217
17535219
17535220
17535221
17535222
17535223
17535224
17535225
17535226
17535227
17535228
17535229
17535230
17535231
17535232
17535233
17535234
17535235
17535236
17535237
17539313
17539314
17539315
17539316
17539318
17539319
17539320
17539321
17539322
17539323
17539324
17539325
17539326
17539327
17539328
17539329
17539330
17539331
17539332
17539333
17539334
17539335
17539336
17539337
17543470
17543471
17543472
17543473
17543475
17543476
17543477
17543478
17543479
17543480
17543481
17543482
17543483
17543484
17543485
17543486
17543487
17543488
17543489
17543490
17543491
17543492
17543493
17543494
17547500
17547501
17547502
17547503
17547505
17547506
17547507
17547508
17547509
17547510
17547511
17547512
17547513
17547514
17547515
17547516
17547517
17547518
17547519
17547520
17547521
17547522
17547523
17551361
17551369
17551370
17551371
17551372
17551373
17551374
17551375
17551376
17555964
17555965
17555966
17555967
17555968
17555969
17555970
17555971
17555972
17555973
17555974
17555975
17555976
17555977
17555978
17555979
17555980
17555981
17555982
17555983
17555984
17555986
17555987
17555988
17555989
17555990
17555991
17555992
17555993
17555994
17555995
17555996
17555997
17555998
17555999
17556000
17556001
17556002
17556003
17556004
17556005
17556006
17556007
17556008
17556009
17556010
17556011
17556012
17556013
17556014
17556015
17556016
17556017
17556018
17556019
17556020
17556021
17556022
17556023
17556024
17556025
17556026
17556027
17556028
17556029
17556030
17556031
17556032
17556033
17556034
17556035
17556036
17556037
17559874
17559875
17559876
17559877
17559878
17559879
17559880
17559881
17559882
17559883
17559884
17559885
17559886
17559887
17559888
17559889
17559890
17559891
17559892
17559893
17559894
17559895
17559897
17559898
17559899
17559900
17559901
17559902
17559903
17559904
17559905
17559906
17559907
17559908
17559909
17559910
17559911
17559912
17559913
17559914
17559915
17559916
17559917
17559918
17559919
17559920
17559921
17559922
17559923
17559924
17559925
17559926
17559927
17559928
17559929
17559930
17559931
17559932
17559933
17559934
17559935
17559936
17559937
17559938
17559939
17559940
17559941
17559942
17559943
17559944
17563838
17563839
17563840
17563841
17563842
17563843
17563844
17563845
17563846
17563847
17563848
17563849
17563850
17563851
17563852
17563853
17563854
17563855
17563856
17563858
17563859
17563860
17563861
17563862
17563863
17563864
17563865
17563866
17563867
17563868
17563869
17563870
17563871
17563872
17563873
17563874
17563875
17563876
17563877
17563878
17563879
17563880
17563881
17563882
17563883
17563884
17563885
17563886
17563887
17563888
17563889
17563890
17563891
17563892
17563893
17563894
17563895
17563896
17563897
17563898
17563899
17563900
17563901
17563902
17563903
17563904
17563905
17563906
17563907
17563908
17563909
17563910
17563911
17563912
17563913
17563914
17563915
17563916
17563917
17563918
17563919
17563920
17563921
17563922
17563923
17563924
17563925
17563926
17563927
17563928
17568145
17568146
17568147
17568148
17568149
17568150
17568151
17568152
17568153
17568154
17568155
17568156
17568157
17568158
17568159
17568160
17568161
17568162
17568163
17568164
17568165
17568166
17568168
17568169
17568170
17568171
17568172
17568173
17568174
17568175
17568176
17568177
17568178
17568179
17568180
17568181
17568182
17568183
17568184
17568185
17568186
17568187
17568188
17568189
17568190
17568191
17568192
17568193
17568194
17568195
17568196
17568197
17568198
17568199
17568200
17568201
17568202
17568203
17568204
17568205
17568206
17568207
17568208
17568209
17568210
17568211
17568212
17568213
17572222
17572223
17572224
17572225
17572226
17572227
17572228
17572229
17572230
17572231
17572232
17572233
17572234
17572235
17572236
17572237
17572238
17572239
17572240
17572241
17572243
17572244
17572245
17572246
17572247
17572248
17572249
17572250
17572251
17572252
17572253
17572254
17572255
17572256
17572257
17572258
17572259
17572260
17572261
17572262
17572263
17572264
17572265
17572266
17572267
17572268
17572269
17572270
17572271
17572272
17572273
17572274
17572275
17572276
17572277
17572278
17572279
17572280
17572281
17572282
17572283
17572284
17572285
17572286
17572287
17572288
17572289
17572290
17572291
17572292
17572293
17572294
17572295
17572296
17572297
17572298
17572299
17572300
17572301
17572302
17572303
17572304
17572305
17572306
17572307
17572308
17572309
17572310
17572311
17572312
17572313
17572314
17572315
17572316
17572317
17572318
17572319
17576278
17576279
17576280
17576281
17576282
17576283
17576284
17576285
17576286
17576287
17576288
17576289
17576290
17576291
17576292
17576293
17576294
17576295
17576296
17576297
17576298
17576300
17576301
17576302
17576303
17576304
17576305
17576306
17576307
17576308
17576309
17576310
17576311
17576312
17576313
17576314
17576315
17576316
17576317
17576318
17576319
17576320
17576321
17576322
17576323
17576324
17576325
17576326
17576327
17576328
17576329
17576330
17576331
17576332
17576333
17576334
17576335
17576336
17576337
17576338
17576339
17576340
17576341
17576342
17576343
17576344
17576345
17576346
17576347
17576348
17576349
17576350
17576351
17576352
17576353
17576354
17576355
17576356
17576357
17576358
17576359
17576360
17576361
17576362
17576363
17576364
17576365
17576366
17576367
17576368
17576369
17576370
17576371
17576372
17576373
17576374
17576375
17576376
17576377
17576378
17576379
17576380
17576381
17576382
17576383
17576384
17576385
17576386
17576387
17576388
17576389
17576390
17576391
17576392
17576393
17576394
17576395
17576396
17576397
17576398
17576399
17576400
17576401
17576402
17576403
17576404
17576405
17576406
17576407
17576408
17576409
17576410
17576411
17576412
17576413
17576414
17576415
17576416
17576417
17576418
17576419
17576420
17576421
17576422
17576423
17576424
17576425
17576426
17576427
17576428
17576429
17576430
17576431
17576432
17576433
17576434
17576435
17576436
17576437
17576438
17576439
17576440
17576441
17576442
17576443
17576444
17576445
17576446
17576447
17576448
17576449
17580345
17580346
17580347
17580348
17580349
17580350
17580351
17580352
17580353
17580354
17580355
17580356
17580357
17580358
17580359
17580360
17580361
17580362
17580363
17580364
17580365
17580366
17580368
17580369
17580370
17580371
17580372
17580373
17580374
17580375
17580376
17580377
17580378
17580379
17580380
17580381
17580382
17580383
17580384
17580385
17580386
17580387
17580388
17580389
17580390
17580391
17580392
17580393
17580394
17580395
17580396
17580397
17580398
17580399
17580400
17580401
17580402
17580403
17580404
17580405
17580406
17580407
17580408
17580409
17580410
17580411
17580412
17580413
17580414
17580415
17580416
17580417
17580418
17580419
17580420
17580421
17580422
17580423
17580424
17580425
17580426
17580427
17580428
17580429
17580430
17580431
17580432
17580433
17584431
17584432
17584433
17584434
17584435
17584436
17584437
17584438
17584439
17584440
17584441
17584442
17584443
17584444
17584445
17584446
17584447
17584448
17584449
17584450
17584451
17584453
17584454
17584455
17584456
17584457
17584458
17584459
17584460
17584461
17584462
17584463
17584464
17584465
17584466
17584467
17584468
17584469
17584470
17584471
17584472
17584473
17584474
17584475
17584476
17584477
17584478
17584479
17584480
17584481
17584482
17584483
17584484
17584485
17584486
17584487
17584488
17584489
17584490
17584491
17584492
17584493
17584494
17584495
17584496
17584497
17584498
17584499
17584500
17584501
17584502
17584503
17584504
17584505
17584506
17584507
17584508
17584509
17584510
17584511
17584512
17584513
17584514
17588710
17588711
17588712
17588713
17588714
17588715
17588716
17588717
17588718
17588719
17588720
17588721
17588722
17588723
17588724
17588725
17588726
17588727
17588728
17588729
17588730
17588732
17588733
17588734
17588735
17588736
17588737
17588738
17588739
17588740
17588741
17588742
17588743
17588744
17588745
17588746
17588747
17588748
17588749
17588750
17588751
17588752
17588753
17588754
17588755
17588756
17588757
17588758
17588759
17588760
17588761
17588762
17588763
17588764
17588765
17588766
17588767
17588768
17588769
17588770
17588771
17588772
17588773
17588774
17588775
17588776
17588777
17588778
17588779
17588780
17588781
17588782
17588783
17588784
17588785
17588786
17588787
17588788
17588789
17588790
17588791
17588792
17588793
17588794
17588795
17588796
17588797
17588798
17588799
17596736
17596737
17596738
17596739
17596740
17596741
17596742
17596743
17596744
17596745
17596746
17596747
17596748
17596749
17596750
17596751
17596752
17596753
17596754
17596755
17596756
17596758
17596759
17596760
17596761
17596762
17596763
17596764
17596765
17596766
17596767
17596768
17596769
17596770
17596771
17596772
17596773
17596774
17596775
17596776
17596777
17596778
17596779
17596780
17596781
17596782
17596783
17596784
17596785
17596786
17596787
17596788
17596789
17596790
17596791
17596792
17596793
17596794
17596795
17596796
17596797
17596798
17596799
17596800
17596801
17596802
17596803
17596804
17596805
17596806
17596807
17596808
17596809
17596810
17596811
17596812
17596813
17596814
17596815
17596816
17596817
17596818
17596819
17596820
17596821
17596822
17596823
17596824
17596825
17596826
17596827
17596828
17596829
17596830
17596831
17596832
17596833
17596834
17596835
17596836
17596837
17596838
17596839
17596840
17596841
17596842
17596843
17596844
17596845
17596846
17596847
17596848
17596849
17596850
17596851
17596852
17596853
17596854
17596855
17596856
17596857
17596858
17596859
17596860
17596861
17596862
17596863
17596864
17596865
17596866
17596867
17596868
17596869
17596870
17596871
17596872
17596873
17596874
17596875
17596876
17596877
17596878
17600555
17600556
17600557
17600559
17600560
17600561
17600562
17600563
17600564
17600565
17600566
17600567
17600568
17600569
17600570
17600571
17600572
17600573
17600574
17600575
17600576
17600577
17600578
17600579
17600580
17600581
17600582
17600583
17600584
17600585
17600586
17600587
17600588
17600589
17600590
17600591
17604654
17604655
17604656
17604658
17604659
17604660
17604661
17604662
17604663
17604664
17604665
17604666
17604667
17604668
17604669
17604670
17604671
17604672
17604673
17604674
17604675
17604676
17604677
17604678
17604679
17604680
17604681
17604682
17604683
17604684
17604685
17604686
17604687
17604688
17604689
17608762
17608763
17608764
17608766
17608767
17608768
17608769
17608770
17608771
17608772
17608773
17608774
17608775
17608776
17608777
17608778
17608779
17608780
17608781
17608782
17608783
17608784
17608785
17608786
17608787
17608788
17608789
17608790
17608791
17608792
17608793
17608794
17608795
17608796
17608797
17608798
17608799
17608800
17608801
17608802
17613146
17613147
17613148
17613149
17613150
17613151
17613152
17613153
17613154
17613155
17613156
17613157
17613158
17613159
17613160
17613161
17613162
17613163
17613164
17613165
17613166
17613167
17613168
17613169
17613170
17613171
17613172
17613173
17613174
17613176
17613177
17613178
17613179
17613180
17613181
17613182
17613183
17613184
17613185
17613186
17613187
17613188
17613189
17613190
17613191
17613192
17613193
17613194
17613195
17613196
17613197
17613198
17613199
17613200
17613201
17613202
17613203
17613204
17613205
17613206
17613207
17613208
17613209
17613210
17613211
17613212
17613213
17613214
17613215
17613216
17613217
17613218
17613219
17613220
17613221
17613222
17613223
17613224
17613225
17613226
17613227
17613228
17613229
17613230
17613231
17613232
17613233
17613234
17613235
17613236
17613237
17613238
17613239
17613240
17613241
17613242
17613243
17613244
17613245
17613246
17613247
17613248
17613249
17613250
17613251
17613252
17613253
17613254
17613255
17613256
17613257
17613258
17613259
17613260
17613261
17613262
17613263
17613264
17613265
17613266
17613267
17613268
17613269
17613270
17613271
17613272
17613273
17613274
17613275
17613276
17613277
17613278
17613279
17613280
17613281
17613282
17613283
17613284
17613285
17613286
17613287
17613288
17613289
17613290
17613291
17613292
17613293
17613294
17613295
17613296
17613297
17617178
17617179
17617180
17617181
17617182
17617183
17617184
17617185
17617186
17617187
17617188
17617189
17617190
17617191
17617192
17617193
17617194
17617195
17617196
17617197
17617198
17617199
17617200
17617202
17617203
17617204
17617205
17617206
17617207
17617208
17617209
17617210
17617211
17617212
17617213
17617214
17617215
17617216
17617217
17617218
17617219
17617220
17617221
17617222
17617223
17617224
17617225
17617226
17617227
17617228
17617229
17617230
17617231
17617232
17617233
17617234
17617235
17617236
17617237
17617238
17617239
17617240
17617241
17617242
17617243
17617244
17617245
17617246
17617247
17617248
17617249
17617250
17617251
17617252
17617253
17617254
17617255
17617256
17617257
17617258
17617259
17617260
17617261
17617262
17617263
17617264
17617265
17617266
17617267
17617268
17617269
17617270
17617271
17617272
17617273
17617274
17617275
17617276
17617277
17617278
17617279
17617280
17617281
17617282
17617283
17617284
17617285
17617286
17617287
17617288
17617289
17617290
17617291
17617292
17621068
17621072
17621076
17621081
17621086
17621091
17621098
17621105
17621112
17621115
17621118
17621121
17621126
17621131
17621136
17621141
17621146
17621151
17621156
17621161
17621166
17621171
17621176
17621181
17621186
17621191
17621196
17621198
17621208
17621218
17621233
17621240
17621247
17621257
17621267
17621277
17621311
17621318
17621325
17621332
17621339
17621346
17621353
17621360
17621367
17621374
17621381
17621388
17621395
17621402
17621409
17621414
17621419
17621424
17621429
17621434
17621439
17621444
17621449
17621454
17621459
17621464
17621469
17621474
17621479
17621484
17621489
17621494
17621499
17621504
17621509
17621514
17621519
17621524
17621529
17621534
17621539
17621544
17621549
17621554
17621559
17621563
17621567
17621571
17621572
17621573
17621574
17621575
17621576
17621577
17621578
17621579
17621580
17621581
17621582
17621584
17621585
17621586
17621587
17621588
17621589
17621590
17621591
17621592
17621593
17621594
17621595
17621596
17621597
17621598
17621599
17621600
17621601
17621602
17621603
17621604
17621605
17621606
17621607
17621608
17621609
17621610
17621611
17621612
17621613
17621614
17621615
17621616
17621617
17621618
17621619
17621620
17621621
17621622
17621623
17621624
17621625
17621626
17621627
17621628
17621629
17621630
17621631
17621632
17621633
17621634
17621635
17625128
17625129
17625130
17625132
17625133
17625134
17625135
17625136
17625137
17625138
17625139
17625140
17625141
17625142
17625143
17625144
17625145
17625146
17625147
17625148
17625149
17625150
17625151
17625152
17625153
17625154
17625155
17625156
17625157
17625158
17625159
17625160
17629666
17629667
17629668
17629669
17629670
17629671
17629672
17629673
17629674
17629675
17629676
17629677
17629678
17629679
17629680
17629681
17629682
17629683
17629684
17629685
17629686
17629687
17629688
17629689
17629691
17629692
17629693
17629694
17629695
17629696
17629697
17629698
17629699
17629700
17629701
17629702
17629703
17629704
17629705
17629706
17629707
17629708
17629709
17629710
17629711
17629712
17629713
17629714
17629715
17629716
17629717
17629718
17629719
17629720
17629721
17629722
17629723
17629724
17629725
17629726
17629727
17629728
17629729
17629730
17629731
17629732
17629733
17629734
17629735
17629736
17629737
17629738
17629739
17629740
17629741
17629742
17629743
17629744
17629745
17629746
17629747
17629748
17629749
17629750
17629751
17629752
17629753
17629754
17629755
17629756
17629757
17629758
17629759
17629760
17629761
17629762
17629763
17629764
17629765
17629766
17629767
17629768
17629769
17629770
17629771
17629772
17629773
17629774
17629775
17629776
17629777
17629778
17629779
17629780
17629781
17629782
17629783
17629784
17629785
17629786
17629787
17629788
17629789
17629790
17629791
17629792
17629793
17629794
17629795
17629796
17629797
17629798
17629799
17629800
17629801
17629802
17629803
17629804
17629805
17629806
17629807
17629808
17629809
17629810
17629811
17633323
17633324
17633325
17633327
17633328
17633329
17633330
17633331
17633332
17633333
17633334
17633335
17633336
17633337
17633338
17633339
17633340
17633341
17633342
17633343
17633344
17633345
17633346
17633347
17633348
17633349
17633350
17633351
17633352
17633353
17633354
17633355
17633356
17633357
17633358
17637377
17637378
17637379
17637380
17637381
17637382
17637383
17637384
17637385
17637386
17637387
17637388
17637389
17637390
17637391
17637392
17637393
17637394
17637395
17637396
17637397
17637398
17637399
17637400
17637401
17637402
17637403
17637404
17637405
17637406
17637407
17637408
17637409
17637410
17637411
17637412
17637413
17637414
17637415
17637416
17637417
17637418
17637419
17637420
17637421
17637422
17637423
17637424
17637425
17637426
17637427
17637428
17637429
17637430
17637431
17637432
17637433
17637434
17637435
17637436
17637437
17637438
17637440
17637441
17637442
17637443
17637444
17637445
17637446
17637447
17637448
17637449
17637450
17637451
17637452
17637453
17637454
17637455
17637456
17637457
17637458
17637459
17637460
17637461
17637462
17637463
17637464
17637465
17637466
17637467
17637468
17637469
17637470
17637471
17637472
17637473
17637474
17637475
17637476
17637477
17637478
17637479
17637480
17637481
17637482
17637483
17637484
17637485
17637486
17637487
17637488
17637489
17637490
17637491
17637492
17637493
17637494
17637495
17637496
17637497
17637498
17637499
17637500
17637501
17637502
17637503
17637504
17637505
17637506
17637507
17637508
17637509
17637510
17637511
17637512
17637513
17637514
17637515
17637516
17637517
17637518
17637519
17637520
17637521
17637522
17637523
17637524
17637525
17637526
17637527
17637528
17637529
17637530
17637531
17637532
17637533
17637534
17637535
17637536
17637537
17637538
17637539
17637540
17637541
17637542
17637543
17637544
17637545
17637546
17637547
17637548
17637549
17637550
17637551
17637552
17637553
17637554
17637555
17637556
17637557
17637558
17637559
17637560
17637561
17637562
17637563
17637564
17637565
17637566
17637567
17637568
17637569
17637570
17637571
17637572
17637573
17637574
17637575
17637576
17637577
17637578
17637579
17637580
17637581
17637582
17637583
17637584
17637585
17637586
17637587
17637588
17637589
17637590
17637591
17637592
17637593
17637594
17637595
17637596
17637597
17637598
17637599
17637600
17637601
17637602
17637603
17637604
17637605
17637606
17637607
17637608
17637609
17637611
17637612
17637613
17637614
17637615
17637616
17637617
17637618
17637619
17637620
17637621
17637622
17637623
17637624
17637625
17637626
17637627
17637628
17637629
17637630
17637631
17637632
17637633
17637634
17637635
17637636
17637637
17637638
17637639
17637640
17637641
17637642
17637643
17637644
17637646
17641512
17641513
17641514
17641516
17641517
17641518
17641519
17641520
17641521
17641522
17641523
17641524
17641525
17641526
17641527
17641528
17641529
17641530
17641531
17641532
17641533
17641534
17641535
17641536
17641537
17641538
17641539
17641540
17641541
17641542
17641543
17645849
17645850
17645851
17645852
17645853
17645854
17645855
17645856
17645857
17645858
17645859
17645860
17645861
17645862
17645863
17645864
17645865
17645866
17645867
17645868
17645869
17645871
17645872
17645873
17645874
17645875
17645876
17645877
17645878
17645879
17645880
17645881
17645882
17645883
17645884
17645885
17645886
17645887
17645888
17645889
17645890
17645891
17645892
17645893
17645894
17645895
17645896
17645897
17645898
17645899
17645900
17645901
17645902
17645903
17645904
17645905
17645906
17645907
17645908
17645909
17645910
17645911
17645912
17645913
17645914
17645915
17645916
17649865
17649866
17649867
17649868
17649869
17649870
17649871
17649872
17649873
17649874
17649875
17649876
17649877
17649878
17649879
17649880
17649881
17649882
17649883
17649884
17649885
17649887
17649888
17649889
17649890
17649891
17649892
17649893
17649894
17649895
17649896
17649897
17649898
17649899
17649900
17649901
17649902
17649903
17649904
17649905
17649906
17649907
17649908
17649909
17649910
17658349
17658350
17658351
17658352
17658353
17658354
17658355
17658356
17658357
17658358
17658359
17658360
17658361
17658362
17658363
17658364
17658365
17658366
17658367
17658368
17658369
17658370
17658371
17658372
17658373
17658374
17658375
17658376
17658377
17658378
17658380
17658381
17658382
17658383
17658384
17658385
17658386
17658387
17658388
17658389
17658390
17658391
17658392
17658393
17658394
17658395
17658396
17658397
17658398
17658399
17658400
17658401
17658402
17658403
17658404
17658405
17658406
17658407
17658408
17658409
17658410
17658411
17658412
17658413
17658414
17658415
17658416
17658417
17658418
17658419
17658420
17658421
17658422
17658423
17658424
17658425
17658426
17658427
17658428
17658429
17658430
17658431
17658432
17658433
17658434
17658435
17658436
17658437
17658438
17658439
17658440
17658441
17658442
17658443
17658444
17658445
17658446
17658447
17658448
17658449
17658450
17658451
17658452
17658453
17658454
17658455
17658456
17658457
17658458
17658459
17658460
17658461
17658462
17658463
17658464
17658465
17658466
17658467
17658468
17658469
17658470
17658471
17658472
17658473
17658474
17658475
17658476
17658477
17658478
17658479
17658480
17658481
17658482
17658483
17658484
17658485
17658486
17658487
17658488
17658489
17658490
17658491
17658492
17658493
17658494
17658495
17658496
17658497
17658498
17658499
17658500
17658501
17658502
17658503
17658504
17658505
17658506
17658507
17658508
17658509
17658510
17658511
17658512
17658513
17658514
17658515
17658516
17658517
17658518
17658519
17658520
17658521
17658522
17658523
17658524
17658525
17658526
17658527
17658528
17658529
17658530
17658531
17658532
17658533
17658534
17658535
17658536
17658537
17658538
17658539
17658540
17658541
17658542
17658543
17658544
17658545
17658546
17658547
17658548
17658549
17658550
17658551
17658552
17658553
17658554
17658555
17658556
17658557
17658558
17658559
17658560
17658561
17658562
17658563
17658564
17658565
17658566
17658567
17658568
17658569
17658570
17658571
17658572
17658573
17658574
17658575
17658576
17658577
17658578
17658579
17658580
17658581
17658582
17658583
17658584
17658585
17658586
17658587
17658588
17658589
17658590
17658591
17658592
17658593
17658594
17658595
17658596
17658597
17658598
17658599
17658600
17658601
17658602
17658603
17658604
17658605
17658606
17658607
17658608
17658609
17658610
17658611
17658612
17658613
17658614
17658615
17658616
17658617
17658618
17658619
17658620
17658621
17658622
17658623
17658624
17658625
17658626
17658627
17658628
17658629
17658630
17658631
17658632
17658633
17658634
17658635
17658636
17658637
17658638
17658639
17658640
17658641
17658642
17658643
17658644
17658645
17658646
17658647
17658648
17658649
17658650
17658651
17658652
17658653
17658654
17658655
17658656
17658657
17658658
17658659
17658660
17658661
17658662
17658663
17658664
17658665
17658666
17658667
17658668
17658669
17658670
17662554
17662555
17662556
17662557
17662558
17662559
17662560
17662561
17662562
17662563
17662564
17662565
17662566
17662567
17662568
17662569
17662570
17662571
17662572
17662573
17662574
17662575
17662576
17662577
17662578
17662579
17662580
17662581
17662582
17662583
17662585
17662586
17662587
17662588
17662589
17662590
17662591
17662592
17662593
17662594
17662595
17662596
17662597
17662598
17662599
17662600
17662601
17662602
17662603
17662604
17662605
17662606
17662607
17662608
17662609
17662610
17662611
17662612
17662613
17662614
17662615
17662616
17662617
17662618
17662619
17662620
17662621
17662622
17662623
17662624
17662625
17662626
17662627
17662628
17662629
17662630
17662631
17662632
17662633
17662634
17662635
17662636
17662637
17662638
17662639
17662640
17662641
17662642
17662643
17662644
17662645
17662646
17662647
17662648
17662649
17662650
17662651
17662652
17662653
17662654
17662655
17662656
17662657
17662658
17662659
17662660
17662661
17662662
17662663
17662664
17662665
17662666
17662667
17662668
17662669
17662670
17662671
17662672
17662673
17662674
17662675
17662676
17662677
17662678
17662679
17662680
17662681
17662682
17662683
17662684
17662685
17662686
17662687
17662688
17662689
17662690
17662691
17662692
17662693
17662694
17662695
17662696
17662697
17662698
17662699
17662700
17662701
17662702
17662703
17662704
17662705
17662706
17662707
17662708
17662709
17662710
17662711
17662712
17662713
17662714
17662715
17662716
17662717
17662718
17662719
17662720
17662721
17662722
17662723
17662724
17662725
17662726
17662727
17662728
17662729
17662730
17662731
17662732
17662733
17662734
17662735
17662736
17662737
17662738
17662739
17662740
17662741
17662742
17662743
17662744
17662745
17662746
17662747
17662748
17662749
17662750
17662751
17662752
17662753
17662754
17662755
17662756
17662757
17662758
17662759
17662760
17662761
17662762
17662763
17662764
17662765
17662766
17662767
17662768
17662769
17662770
17662771
17662772
17662773
17662774
17662775
17662776
17662777
17662778
17662779
17662780
17662781
17662782
17662783
17662784
17662785
17662786
17662787
17662788
17662789
17662790
17662791
17662792
17662793
17662794
17662795
17662796
17666574
17666575
17666576
17666577
17666578
17666579
17666580
17666581
17666582
17666583
17666584
17666585
17666586
17666587
17666588
17666589
17666590
17666591
17666592
17666593
17666594
17666595
17666596
17666597
17666598
17666599
17666600
17666601
17666602
17666603
17666605
17666606
17666607
17666608
17666609
17666610
17666611
17666612
17666613
17666614
17666615
17666616
17666617
17666618
17666619
17666620
17666621
17666622
17666623
17666624
17666625
17666626
17666627
17666628
17666629
17666630
17666631
17666632
17666633
17666634
17666635
17666636
17666637
17666638
17666639
17666640
17666641
17666642
17666643
17666644
17666645
17666646
17666647
17666648
17666649
17666650
17666651
17666652
17666653
17666654
17666655
17666656
17666657
17666658
17666659
17666660
17666661
17666662
17666663
17666664
17666665
17666666
17666667
17666668
17666669
17666670
17666671
17666672
17666673
17666674
17666675
17666676
17666677
17666678
17666679
17666680
17666681
17666682
17666683
17666684
17666685
17666686
17666687
17666688
17666689
17666690
17666691
17666692
17666693
17666694
17666695
17666696
17666697
17666698
17666699
17666700
17666701
17666702
17666703
17666704
17666705
17666706
17666707
17666708
17666709
17666710
17666711
17666712
17666713
17666714
17666715
17666716
17666717
17666718
17666719
17666720
17666721
17666722
17666723
17666724
17666725
17666726
17666727
17666728
17666729
17666730
17666731
17666732
17666733
17666734
17666735
17666736
17666737
17666738
17666739
17666740
17666741
17666742
17666743
17666744
17666745
17666746
17666747
17666748
17666749
17666750
17666751
17666752
17666753
17666754
17666755
17666756
17666757
17666758
17666759
17666760
17666761
17666762
17666763
17666764
17666765
17666766
17666767
17666768
17666769
17666770
17666771
17666772
17666773
17666774
17666775
17666776
17666777
17666778
17666779
17666780
17666781
17666782
17666783
17666784
17666785
17666786
17666787
17666788
17666789
17666790
17666791
17666792
17666793
17666794
17666795
17666796
17666797
17666798
17666799
17666800
17666801
17666802
17666803
17666804
17666805
17670588
17670589
17670590
17670591
17670592
17670593
17670594
17670595
17670596
17670597
17670598
17670599
17670600
17670601
17670602
17670603
17670604
17670605
17670606
17670607
17670608
17670609
17670610
17670611
17670612
17670613
17670614
17670615
17670617
17670618
17670619
17670620
17670621
17670622
17670623
17670624
17670625
17670626
17670627
17670628
17670629
17670630
17670631
17670632
17670633
17670634
17670635
17670636
17670637
17670638
17670639
17670640
17670641
17670642
17670643
17670644
17670645
17670646
17670647
17670648
17670649
17670650
17670651
17670652
17670653
17670654
17670655
17670656
17670657
17670658
17670659
17670660
17670661
17670662
17670663
17670664
17670665
17670666
17670667
17670668
17670669
17670670
17670671
17670672
17670673
17670674
17670675
17670676
17670677
17670678
17670679
17670680
17670681
17670682
17670683
17670684
17670685
17670686
17670687
17670688
17670689
17670690
17670691
17670692
17670693
17670694
17670695
17670696
17670697
17670698
17670699
17670700
17670701
17670702
17670703
17670704
17670705
17670706
17670707
17670708
17670709
17670710
17670711
17670712
17670713
17670714
17670715
17670716
17670717
17670718
17670719
17670720
17670721
17670722
17670723
17670724
17670725
17670726
17670727
17670728
17670729
17670730
17670731
17670732
17670733
17670734
17670735
17670736
17670737
17670738
17670739
17670740
17670741
17670742
17670743
17670744
17670745
17670746
17670747
17670748
17670749
17670750
17670751
17670752
17670753
17670754
17670755
17670756
17670757
17670758
17670759
17670760
17670761
17670762
17670763
17670764
17670765
17670766
17670767
17670768
17670769
17670770
17670771
17670772
17670773
17670774
17670775
17670776
17670777
17670778
17670779
17670780
17670781
17670782
17670783
17670784
17670785
17670786
17670787
17670788
17670789
17670790
17678354
17678356
17678361
17678362
17678363
17678364
17678365
17678366
17678367
17678368
17678369
17678370
17678371
17678372
17678374
17678375
17678376
17678377
17678378
17678379
17678380
17678381
17682449
17682451
17682456
17682457
17682458
17682459
17682460
17682461
17682462
17682463
17682464
17682465
17682466
17682467
17682469
17682470
17682471
17682472
17682473
17682474
17682475
17682476
17686578
17686580
17686586
17686587
17686588
17686589
17686590
17686591
17686592
17686593
17686594
17686595
17686596
17686597
17686598
17686599
17686600
17686601
17686602
17686603
17686604
17686605
17686606
17686607
17686608
17686609
17686610
17686611
17686612
17686613
17686614
17686615
17686616
17686617
17686618
17686619
17686620
17686621
17686622
17686623
17686624
17686625
17686626
17686627
17686628
17686629
17686630
17686631
17686632
17686633
17686634
17686635
17686636
17686637
17686638
17686639
17686640
17686641
17686642
17686643
17686645
17686646
17686647
17686648
17686649
17686650
17686651
17686652
17690625
17690626
17690627
17690628
17690629
17690630
17690631
17690632
17690633
17690634
17690635
17690636
17690637
17690638
17690639
17690640
17690641
17690642
17690643
17690644
17690645
17690646
17690647
17690648
17690649
17694721
17694722
17694723
17694724
17694725
17694726
17694727
17694728
17694729
17694730
17694731
17694732
17694733
17694734
17694735
17694736
17694737
17694738
17694739
17694740
17694741
17694742
17694743
17694744
17698817
17698818
17698819
17698820
17698821
17698822
17698823
17698824
17698825
17698826
17698827
17698828
17698829
17698830
17698831
17698832
17698833
17698834
17698835
17698836
17698837
17698838
17698839
17698840
17698841
17702913
17702914
17702915
17702916
17702917
17702918
17702919
17702920
17702921
17702922
17702923
17702924
17702925
17702926
17702927
17702928
17702929
17702930
17702931
17702932
17702933
17702934
17702935
17702936
17707030
17707032
17707037
17707038
17707039
17707040
17707041
17707042
17707043
17707044
17707045
17707046
17707047
17707048
17707049
17707050
17707051
17707052
17707054
17707055
17707056
17707057
17707058
17707059
17707060
17707061
17711125
17711127
17711129
17711130
17711131
17711132
17711133
17711134
17711135
17711136
17711137
17711138
17711139
17711140
17711141
17711142
17711143
17711144
17711145
17711146
17711147
17711148
17711149
17711150
17711151
17711152
17711153
17711154
17711155
17711156
17715208
17715216
17715217
17715218
17715219
17715220
17715221
17715222
17715223
17715224
17715225
17715233
17715234
17715235
17715236
17715237
17715238
17715239
17715240
17719297
17719298
17719299
17719300
17719301
17719302
17719303
17719304
17719305
17719306
17719307
17719308
17719309
17719310
17719311
17719312
17719313
17719314
17719315
17719316
17719317
17719318
17719319
17719320
17719321
17719322
17719323
17719324
17719325
17719326
17719327
17719328
17719329
17719330
17719331
17719332
17719333
17719334
17719335
17719336
17719337
17719338
17719339
17719340
17719341
17719342
17719343
17719344
17719345
17719346
17719347
17719348
17719349
17719350
17719351
17719352
17719353
17719354
17719355
17719356
17719357
17719358
17719359
17719360
17719361
17719362
17719363
17719364
17719365
17719366
17719367
17719368
17719369
17719370
17719371
17719372
17719373
17719374
17719375
17719376
17719377
17719378
17719379
17719380
17719381
17719382
17719383
17719384
17719385
17719386
17719387
17719388
17719389
17719390
17719391
17719392
17719393
17719394
17719395
17719396
17719397
17719398
17719399
17719400
17719401
17719402
17719403
17719404
17719405
17719406
17719407
17719408
17719409
17719410
17719411
17719412
17719413
17719414
17719415
17719416
17719417
17719418
17719419
17719420
17719421
17719422
17719423
17719424
17719425
17719426
17719427
17719428
17719429
17719430
17719431
17719432
17719433
17719434
17719435
17719436
17719437
17719438
17719439
17719440
17719441
17719442
17719443
17719444
17719445
17719446
17719447
17719448
17719449
17719450
17719451
17719452
17719453
17719454
17719455
17719456
17719457
17719458
17719459
17719460
17719461
17719462
17719463
17719464
17719465
17719466
17719467
17719468
17719469
17719470
17719471
17719472
17719473
17719474
17719475
17719476
17719477
17719478
17719479
17719480
17719481
17719482
17719483
17719484
17719485
17719486
17719487
17719488
17719489
17719490
17719491
17719492
17719493
17719494
17719495
17719496
17719497
17719498
17719499
17719500
17719501
17719502
17719503
17719504
17719505
17719506
17719507
17719508
17719509
17719510
17719511
17719512
17719513
17719514
17719515
17719516
17719517
17719518
17719519
17719520
17719521
17719522
17719523
17719524
17719525
17719526
17719527
17719528
17719529
17719530
17719531
17719532
17719533
17719534
17719535
17719536
17719537
17719538
17719539
17719540
17719541
17719542
17719543
17719544
17719545
17719546
17719547
17719548
17719549
17719550
17719551
17719552
17719553
17719554
17719555
17719556
17719557
17719558
17719559
17719560
17719561
17719562
17719563
17719564
17719565
17719566
17719567
17719568
17719569
17719570
17719571
17719572
17719573
17719574
17719575
17719576
17719577
17719578
17719579
17719580
17719581
17719582
17719583
17719584
17719585
17719586
17719587
17719588
17719589
17719590
17719591
17719592
17719593
17719594
17719595
17719596
17719597
17719598
17719599
17719600
17719601
17719602
17719603
17719604
17719605
17719606
17719607
17719608
17719609
17719610
17719611
17719612
17719613
17719614
17719615
17719616
17719617
17719618
17719619
17719620
17719621
17719622
17719623
17719624
17719625
17719626
17719627
17719628
17719629
17719630
17719631
17719632
17719633
17719634
17719635
17719636
17719637
17719638
17719639
17719640
17719641
17719642
17719643
17719644
17719645
17719646
17719647
17719648
17719649
17719650
17719651
17719652
17719653
17719654
17719655
17719656
17719657
17719658
17719659
17719660
17719661
17719662
17719663
17719664
17719665
17719666
17719667
17719668
17719669
17719670
17719671
17719672
17719673
17719674
17719675
17719676
17719677
17719678
17719679
17719680
17719681
17719682
17719683
17719684
17719685
17719686
17719687
17719688
17719689
17719690
17719691
17719692
17719693
17719694
17719695
17719696
17719697
17719698
17719699
17719700
17719701
17719702
17719703
17719704
17719705
17719706
17719707
17719708
17719709
17719710
17719711
17719712
17719713
17719714
17719715
17719716
17719717
17719718
17719719
17719720
17719721
17719722
17719723
17719724
17719725
17719726
17719727
17719728
17719729
17719730
17719731
17719732
17719733
17719734
17719735
17719736
17719737
17719738
17719739
17719740
17719741
17719742
17719743
17719744
17719745
17719746
17719747
17719748
17719749
17719750
17719751
17719752
17719753
17719754
17719755
17719756
17719757
17719758
17719759
17719760
17719761
17719762
17719763
17719764
17719765
17719766
17719767
17719768
17719769
17719770
17719771
17719772
17719773
17719774
17719775
17719776
17719777
17719778
17719779
17719780
17719781
17719782
17719783
17719784
17719785
17719786
17719787
17719788
17719789
17719790
17719791
17719792
17719793
17719794
17719795
17719796
17719797
17719798
17719799
17719800
17719801
17719802
17719803
17719804
17719805
17719806
17719807
17719808
17719809
17719810
17719811
17719812
17719813
17719814
17719815
17719816
17719817
17719818
17719819
17719820
17719821
17719822
17719823
17719824
17719825
17719826
17719827
17719828
17719829
17719830
17719831
17719832
17719833
17719834
17719835
17719836
17719837
17719838
17719839
17719840
17719841
17719842
17719843
17719844
17719845
17719846
17719847
17719848
17719849
17719850
17719851
17719852
17719853
17719854
17719855
17719856
17719857
17719858
17719859
17719860
17719861
17719862
17719863
17719864
17719865
17719866
17719867
17719868
17719869
17719870
17719871
17719872
17719873
17719874
17719875
17719876
17719877
17719878
17719879
17719880
17719881
17719882
17719883
17719884
17719885
17719886
17719887
17719888
17719889
17719890
17719891
17719892
17719893
17719894
17719895
17719896
17719897
17719898
17719899
17719900
17719901
17719902
17719903
17719904
17719905
17719906
17719907
17719908
17719909
17719910
17719911
17719912
17719913
17719914
17719915
17719916
17719917
17719918
17719919
17719920
17719921
17719922
17719923
17719924
17719925
17719926
17719927
17719928
17719929
17719930
17719931
17719932
17719933
17719934
17719935
17719936
17719937
17719938
17719939
17719940
17719941
17719942
17719943
17719944
17719945
17719946
17719947
17719948
17719949
17719950
17719951
17719952
17719953
17719954
17719955
17719956
17719957
17719958
17719959
17719960
17719961
17719962
17719963
17719964
17719965
17719966
17719967
17719968
17719969
17719970
17719971
17719972
17719973
17719974
17719975
17719976
17719977
17719978
17719979
17719980
17719981
17719982
17719983
17719984
17719985
17719986
17719987
17719988
17719989
17719990
17719991
17719992
17719993
17719994
17719995
17719996
17719997
17719998
17719999
17720000
17720001
17720002
17720003
17720004
17720005
17720006
17720007
17720008
17720009
17720010
17720011
17720012
17720013
17720014
17720015
17720016
17720017
17720018
17720019
17720020
17720021
17723393
17723394
17723395
17723396
17723397
17723398
17723399
17723400
17723401
17723402
17723403
17723404
17723405
17723406
17723407
17723408
17723409
17723410
17723411
17723412
17723413
17723414
17723415
17723416
17723417
17723418
17723419
17723420
17723421
17723422
17723423
17723424
17723425
17723426
17723427
17723428
17723429
17723430
17723431
17723432
17723433
17723434
17723435
17723436
17723437
17723438
17723439
17723440
17723441
17723442
17723443
17723444
17723445
17723446
17723447
17723448
17723449
17723450
17723451
17723452
17723453
17723454
17723455
17723456
17723457
17723458
17723459
17723460
17723461
17723462
17723463
17723464
17723465
17723466
17723467
17723468
17723469
17723470
17723471
17723472
17723473
17723474
17723475
17723476
17723477
17723478
17723479
17723480
17723481
17723482
17723483
17723484
17723485
17723486
17723487
17723488
17723489
17723490
17723491
17723492
17723493
17723494
17723495
17723496
17723497
17723498
17723499
17723500
17723501
17723502
17723503
17723504
17723505
17723506
17723507
17723508
17723509
17723510
17723511
17723512
17723513
17723514
17723515
17723516
17723517
17723518
17723519
17723520
17723521
17723522
17723523
17723524
17723525
17723526
17723527
17723528
17723529
17723530
17723531
17723532
17723533
17723534
17723535
17723536
17723537
17723538
17723539
17723540
17723541
17723542
17723543
17723544
17723545
17723546
17723547
17723548
17723549
17723550
17723551
17723552
17723553
17723554
17723555
17723556
17723557
17723558
17723559
17723560
17723561
17723562
17723563
17723564
17723565
17723566
17723567
17723568
17723569
17723570
17723571
17723572
17723573
17723574
17723575
17723576
17723577
17723578
17723579
17723580
17723581
17723582
17723583
17723584
17723585
17723586
17723587
17723588
17723589
17723590
17723591
17723592
17723593
17723594
17723595
17723596
17723597
17723598
17723599
17723600
17723601
17723602
17723603
17723604
17723605
17723606
17723607
17723608
17723609
17723610
17723611
17723612
17723613
17723614
17723615
17723616
17723617
17723618
17723619
17723620
17723621
17723622
17723623
17723624
17723625
17723626
17723627
17723628
17723629
17723630
17723631
17723632
17723633
17723634
17723635
17723636
17723637
17723638
17723639
17723640
17723641
17723642
17723643
17723644
17723645
17723646
17723647
17723648
17723649
17723650
17723651
17723652
17723653
17723654
17723655
17723656
17723657
17723658
17723659
17723660
17723661
17723662
17723663
17723664
17723665
17723666
17723667
17723668
17723669
17723670
17723671
17723672
17723673
17723674
17723675
17723676
17723677
17723678
17723679
17723680
17723681
17723682
17723683
17723684
17723685
17723686
17723687
17723688
17723689
17723690
17723691
17723692
17723693
17723694
17723695
17723696
17723697
17723698
17723699
17723700
17723701
17723702
17723703
17723704
17723705
17723706
17723707
17723708
17723709
17723710
17723711
17723712
17723713
17723714
17723715
17723716
17723717
17723718
17723719
17723720
17723721
17723722
17723723
17723724
17723725
17723726
17723727
17723728
17723729
17723730
17723731
17723732
17723733
17723734
17723735
17723736
17723737
17723738
17723739
17723740
17723741
17723742
17723743
17723744
17723745
17723746
17723747
17723748
17723749
17723750
17723751
17723752
17723753
17723754
17723755
17723756
17723757
17723758
17723759
17723760
17723761
17723762
17723763
17723764
17723765
17723766
17723767
17723768
17723769
17723770
17723771
17723772
17723773
17723774
17723775
17723776
17723777
17723778
17723779
17723780
17723781
17723782
17723783
17723784
17723785
17723786
17723787
17723788
17723789
17723790
17723791
17723792
17723793
17723794
17723795
17723796
17723797
17723798
17723799
17723800
17723801
17723802
17723803
17723804
17723805
17723806
17723807
17723808
17723809
17723810
17723811
17723812
17723813
17723814
17723815
17723816
17723817
17723818
17723819
17723820
17723821
17723822
17723823
17723824
17723825
17723826
17723827
17723828
17723829
17723830
17723831
17723832
17723833
17723834
17723835
17723836
17723837
17723838
17723839
17723840
17723841
17723842
17723843
17723844
17723845
17723846
17723847
17723848
17723849
17723850
17723851
17723852
17723853
17723854
17723855
17723856
17727489
17727490
17727491
17727492
17727493
17727494
17727495
17727496
17727497
17727498
17727499
17727500
17727501
17727502
17727503
17727504
17727505
17727506
17727507
17727508
17727509
17727510
17727511
17727512
17727513
17727514
17727515
17727516
17727517
17727518
17727519
17727520
17727521
17727522
17727523
17727524
17727525
17727526
17727527
17727528
17727529
17727530
17727531
17727532
17727533
17727534
17727535
17727536
17727537
17727538
17727539
17727540
17727541
17727542
17727543
17727544
17727545
17727546
17727547
17727548
17727549
17727550
17727551
17727552
17727553
17727554
17727555
17727556
17727557
17727558
17727559
17727560
17727561
17727562
17727563
17727564
17727565
17727566
17727567
17727568
17727569
17727570
17727571
17727572
17727573
17727574
17727575
17727576
17727577
17727578
17727579
17727580
17727581
17727582
17727583
17727584
17727585
17727586
17727587
17727588
17727589
17727590
17727591
17727592
17727593
17727594
17727595
17727596
17727597
17727598
17727599
17727600
17727601
17727602
17727603
17727604
17727605
17727606
17727607
17727608
17727609
17727610
17727611
17727612
17727613
17727614
17727615
17727616
17727617
17727618
17727619
17727620
17727621
17727622
17727623
17727624
17727625
17727626
17727627
17727628
17727629
17727630
17727631
17727632
17727633
17727634
17727635
17727636
17727637
17727638
17727639
17727640
17727641
17727642
17727643
17727644
17727645
17727646
17727647
17727648
17727649
17727650
17727651
17727652
17727653
17727654
17727655
17727656
17727657
17727658
17727659
17727660
17727661
17727662
17727663
17727664
17727665
17727666
17727667
17727668
17727669
17727670
17727671
17727672
17727673
17727674
17727675
17727676
17727677
17727678
17727679
17727680
17727681
17727682
17727683
17727684
17727685
17727686
17727687
17727688
17727689
17727690
17731585
17731586
17731587
17731588
17731589
17731590
17731591
17731592
17731593
17731594
17731595
17731596
17731597
17731598
17731599
17731600
17731601
17731602
17731603
17731604
17731605
17731606
17731607
17731608
17731609
17731610
17731611
17731612
17731613
17731614
17731615
17731616
17731617
17731618
17731619
17731620
17731621
17731622
17731623
17731624
17731625
17731626
17731627
17731628
17731629
17731630
17731631
17731632
17731633
17731634
17731635
17731636
17731637
17731638
17731639
17731640
17731641
17731642
17731643
17731644
17731645
17731646
17731647
17731648
17731649
17731650
17731651
17731652
17731653
17731654
17731655
17731656
17731657
17731658
17731659
17731660
17731661
17731662
17731663
17731664
17731665
17731666
17731667
17731668
17731669
17731670
17731671
17731672
17731673
17731674
17731675
17731676
17731677
17731678
17731679
17731680
17731681
17731682
17731683
17731684
17731685
17731686
17731687
17731688
17731689
17731690
17731691
17731692
17731693
17731694
17731695
17731696
17731697
17731698
17731699
17731700
17731701
17731702
17731703
17731704
17731705
17731706
17735681
17735682
17735683
17735684
17735685
17735686
17735687
17735688
17735689
17735690
17735691
17735692
17735693
17735694
17735695
17735696
17735697
17735698
17735699
17735700
17735701
17735702
17735703
17735704
17735705
17735706
17735707
17735708
17735709
17735710
17735711
17735712
17735713
17735714
17735715
17735716
17735717
17735718
17735719
17735720
17735721
17735722
17735723
17735724
17735725
17735726
17735727
17735728
17735729
17735730
17735731
17735732
17735733
17735734
17735735
17735736
17735737
17735738
17735739
17735740
17735741
17735742
17735743
17735744
17735745
17735746
17735747
17735748
17735749
17735750
17735751
17735752
17735753
17735754
17735755
17735756
17735757
17735758
17735759
17735760
17735761
17735762
17735763
17735764
17735765
17735766
17735767
17735768
17735769
17735770
17735771
17735772
17735773
17735774
17735775
17735776
17735777
17735778
17735779
17735780
17735781
17735782
17735783
17735784
17735785
17735786
17735787
17735788
17735789
17735790
17735791
17735792
17735793
17735794
17735795
17735796
17735797
17735798
17735799
17735800
17735801
17735802
17735803
17735804
17735805
17735806
17735807
17735808
17735809
17735810
17735811
17735812
17735813
17735814
17735815
17735816
17735817
17735818
17735819
17735820
17735821
17735822
17735823
17735824
17735825
17735826
17735827
17735828
17735829
17735830
17735831
17735832
17735833
17735834
17735835
17735836
17735837
17735838
17735839
17735840
17735841
17735842
17735843
17735844
17735845
17735846
17735847
17735848
17735849
17735850
17735851
17735852
17735853
17735854
17735855
17735856
17735857
17735858
17735859
17735860
17735861
17735862
17735863
17735864
17735865
17735866
17735867
17735868
17735869
17735870
17735871
17735872
17735873
17735874
17735875
17735876
17735877
17735878
17735879
17735880
17735881
17735882
17735883
17735884
17735885
17735886
17735887
17735888
17735889
17735890
17735891
17735892
17735893
17735894
17735895
17735896
17735897
17735898
17735899
17735900
17735901
17735902
17735903
17735904
17735905
17735906
17735907
17735908
17735909
17735910
17735911
17735912
17735913
17735914
17735915
17735916
17735917
17735918
17735919
17735920
17735921
17735922
17735923
17735924
17735925
17735926
17735927
17735928
17735929
17735930
17735931
17735932
17735933
17735934
17735935
17735936
17735937
17735938
17735939
17735940
17735941
17735942
17735943
17735944
17735945
17735946
17735947
17735948
17735949
17735950
17735951
17735952
17735953
17735954
17735955
17735956
17735957
17735958
17735959
17735960
17735961
17735962
17735963
17735964
17735965
17735966
17735967
17735968
17735969
17735970
17735971
17735972
17735973
17735974
17735975
17735976
17735977
17735978
17735979
17735980
17735981
17735982
17735983
17735984
17735985
17735986
17735987
17735988
17735989
17735990
17735991
17735992
17735993
17735994
17735995
17735996
17735997
17735998
17735999
17736000
17736001
17736002
17736003
17736004
17736005
17736006
17736007
17736008
17736009
17736010
17736011
17736012
17736013
17736014
17736015
17736016
17736017
17736018
17736019
17736020
17736021
17736022
17736023
17736024
17736025
17736026
17736027
17736028
17736029
17736030
17736031
17736032
17736033
17736034
17736035
17736036
17736037
17736038
17736039
17736040
17736041
17736042
17736043
17736044
17736045
17736046
17736047
17736048
17736049
17736050
17736051
17736052
17736053
17736054
17736055
17736056
17736057
17736058
17736059
17736060
17736061
17736062
17736063
17736064
17736065
17736066
17736067
17736068
17736069
17736070
17736071
17736072
17736073
17739777
17739778
17739779
17739780
17739781
17739782
17739783
17739784
17739785
17739786
17739787
17739788
17739789
17739790
17739791
17739792
17739793
17739794
17739795
17739796
17739797
17739798
17739799
17739800
17739801
17739802
17739803
17739804
17739805
17739806
17739807
17739808
17739809
17739810
17739811
17739812
17739813
17739814
17739815
17739816
17739817
17739818
17739819
17739820
17739821
17739822
17739823
17739824
17739825
17739826
17739827
17739828
17739829
17739830
17739831
17739832
17739833
17739834
17739835
17739836
17739837
17739838
17739839
17739840
17739841
17739842
17739843
17739844
17739845
17739846
17739847
17739848
17739849
17739850
17739851
17739852
17739853
17739854
17739855
17739856
17739857
17739858
17739859
17739860
17739861
17739862
17739863
17739864
17739865
17739866
17739867
17739868
17739869
17739870
17739871
17739872
17739873
17739874
17739875
17739876
17739877
17739878
17739879
17739880
17739881
17739882
17739883
17739884
17739885
17739886
17739887
17739888
17739889
17739890
17739891
17739892
17739893
17739894
17739895
17739896
17739897
17739898
17739899
17739900
17739901
17739902
17739903
17739904
17739905
17739906
17739907
17739908
17739909
17739910
17739911
17739912
17739913
17739914
17739915
17739916
17739917
17739918
17739919
17739920
17739921
17739922
17739923
17739924
17739925
17739926
17739927
17739928
17739929
17739930
17739931
17739932
17739933
17739934
17739935
17739936
17739937
17739938
17739939
17739940
17739941
17739942
17739943
17739944
17739945
17739946
17739947
17739948
17739949
17739950
17739951
17739952
17739953
17739954
17739955
17739956
17739957
17739958
17739959
17739960
17739961
17739962
17739963
17739964
17739965
17739966
17739967
17739968
17739969
17739970
17739971
17739972
17739973
17739974
17739975
17739976
17739977
17739978
17739979
17739980
17739981
17739982
17739983
17739984
17739985
17739986
17739987
17739988
17739989
17739990
17739991
17739992
17739993
17739994
17739995
17739996
17739997
17739998
17739999
17740000
17740001
17740002
17740003
17740004
17740005
17740006
17740007
17740008
17740009
17740010
17740011
17740012
17740013
17740014
17740015
17740016
17740017
17740018
17740019
17740020
17740021
17740022
17740023
17740024
17740025
17740026
17740027
17740028
17740029
17740030
17740031
17740032
17740033
17740034
17740035
17740036
17740037
17740038
17740039
17740040
17740041
17740042
17740043
17740044
17740045
17740046
17740047
17740048
17740049
17740050
17740051
17740052
17740053
17740054
17740055
17740056
17740057
17740058
17740059
17740060
17740061
17740062
17740063
17740064
17740065
17740066
17740067
17740068
17740069
17740070
17740071
17740072
17740073
17740074
17740075
17740076
17740077
17740078
17740079
17740080
17740081
17740082
17740083
17740084
17740085
17740086
17740087
17740088
17740089
17740090
17740091
17740092
17740093
17740094
17740095
17740096
17740097
17740098
17740099
17740100
17740101
17740102
17740103
17740104
17740105
17740106
17740107
17740108
17740109
17740110
17740111
17740112
17740113
17740114
17740115
17740116
17740117
17740118
17740119
17740120
17740121
17740122
17740123
17740124
17740125
17740126
17740127
17740128
17740129
17740130
17740131
17740132
17740133
17740134
17740135
17740136
17740137
17740138
17740139
17740140
17740141
17740142
17740143
17740144
17740145
17740146
17740147
17740148
17740149
17740150
17740151
17740152
17740153
17740154
17740155
17740156
17740157
17740158
17740159
17740160
17740161
17740162
17740163
17740164
17740165
17740166
17740167
17740168
17740169
17740170
17740171
17740172
17740173
17740174
17740175
17740176
17740177
17740178
17740179
17740180
17740181
17740182
17740183
17740184
17740185
17740186
17740187
17740188
17740189
17740190
17740191
17740192
17740193
17740194
17740195
17740196
17740197
17740198
17740199
17740200
17740201
17740202
17740203
17740204
17740205
17740206
17740207
17740208
17740209
17740210
17740211
17740212
17740213
17740214
17740215
17740216
17740217
17740224
17740225
17740229
17740231
17740232
17743873
17743874
17743875
17743876
17743877
17743878
17743879
17743880
17743881
17743882
17743883
17743884
17743885
17743886
17743887
17743888
17743889
17743890
17743891
17743892
17743893
17743894
17743895
17743896
17743897
17743898
17743899
17743900
17743901
17743902
17743903
17743904
17743905
17743906
17743907
17743908
17743909
17743910
17743911
17743912
17743913
17743914
17743915
17743916
17743917
17743918
17743919
17743920
17743921
17743922
17743923
17743924
17743925
17743926
17743927
17743928
17743929
17743930
17743931
17743932
17743933
17743934
17743935
17743936
17743937
17743938
17743939
17743940
17743941
17743942
17743943
17743944
17743945
17743946
17743947
17743948
17743949
17743950
17743951
17743952
17743953
17743954
17743955
17743956
17743957
17743958
17743959
17743960
17743961
17743962
17743963
17743964
17743965
17743966
17743967
17743968
17743969
17743970
17743971
17743972
17743973
17743974
17743975
17743976
17743977
17743978
17743979
17743980
17743981
17743982
17743983
17743984
17743985
17743986
17743987
17743988
17743989
17743990
17743991
17743992
17743993
17743994
17743995
17743996
17743997
17743998
17743999
17744000
17744001
17744002
17744003
17744004
17744005
17744006
17744007
17744008
17744009
17744010
17744011
17744012
17744013
17744014
17744015
17744016
17744017
17744018
17744019
17744020
17744021
17744022
17744023
17744024
17744025
17744026
17744027
17744028
17744029
17744030
17744031
17744032
17744033
17744034
17744035
17744036
17744037
17744038
17744039
17744040
17744041
17744042
17744043
17744044
17744045
17744046
17744047
17744048
17744049
17744050
17744051
17744052
17744053
17744054
17744055
17744056
17744057
17744058
17744059
17744060
17744061
17744062
17744063
17744064
17744065
17744066
17744067
17744068
17744069
17744070
17744071
17744072
17744073
17744074
17744075
17744076
17744077
17744078
17744079
17744080
17744081
17744082
17744083
17744084
17744085
17744086
17744087
17744088
17744089
17744090
17744091
17744092
17744093
17744094
17744095
17744096
17744097
17744098
17744099
17744100
17744101
17744102
17744103
17744104
17744105
17744106
17744107
17744108
17744109
17744110
17744111
17744112
17744113
17744114
17744115
17744116
17744117
17744118
17744119
17744120
17744121
17744122
17744123
17744124
17744125
17744126
17744127
17744128
17744129
17744130
17744131
17744132
17744133
17744134
17744135
17744136
17744137
17744138
17744139
17744140
17744141
17744142
17744143
17744144
17744145
17744146
17744147
17744148
17744149
17744150
17744151
17744152
17744153
17744154
17744155
17744156
17744157
17744158
17744159
17744160
17744161
17744162
17744163
17744164
17744165
17744166
17744167
17744168
17744169
17744170
17744171
17744172
17744173
17744174
17744175
17744176
17744177
17744178
17744179
17744180
17744181
17744182
17744183
17744184
17744185
17744186
17744187
17744188
17744189
17744190
17744191
17744192
17744193
17744194
17744195
17744196
17744197
17744198
17744199
17744200
17744201
17744202
17744203
17744204
17744205
17744206
17744207
17744208
17744209
17744210
17744211
17744212
17744213
17744214
17744215
17744216
17744217
17744218
17744219
17744220
17744221
17744222
17744223
17744224
17744225
17744226
17744227
17744228
17744229
17744230
17744231
17744232
17744233
17744234
17744235
17744236
17744237
17744238
17744239
17744240
17747969
17747970
17747971
17747972
17747973
17747974
17747975
17747976
17747977
17747978
17747979
17747980
17747981
17747982
17747983
17747984
17747985
17747986
17747987
17747988
17747989
17747990
17747991
17747992
17747993
17747994
17747995
17747996
17747997
17747998
17747999
17748000
17748001
17748002
17748003
17748004
17748005
17748006
17748007
17748008
17748009
17748010
17748011
17748012
17748013
17748014
17748015
17748016
17748017
17748018
17748019
17748020
17748021
17748022
17748023
17748024
17748025
17748026
17748027
17748028
17748029
17748030
17748031
17748032
17748033
17748034
17748035
17748036
17748037
17748038
17748039
17748040
17748041
17748042
17748043
17748044
17748045
17748046
17748047
17748048
17748049
17748050
17748051
17748052
17748053
17748054
17748055
17748056
17748057
17748058
17748059
17748060
17748061
17748062
17748063
17748064
17748065
17748066
17748067
17748068
17748069
17748070
17748071
17748072
17748073
17748074
17748075
17748076
17748077
17748078
17748079
17748080
17748081
17748082
17748083
17748084
17748085
17748086
17748087
17748088
17748089
17748090
17748091
17748092
17748093
17748094
17748095
17748096
17748097
17748098
17748099
17748100
17748101
17748102
17748103
17748104
17748105
17748106
17748107
17748108
17748109
17748110
17748111
17748112
17748113
17748114
17748115
17748116
17748117
17748118
17748119
17748120
17748121
17748122
17748123
17748124
17748125
17748126
17748127
17748128
17748129
17748130
17748131
17748132
17748133
17748134
17748135
17748136
17748137
17748138
17748139
17748140
17748141
17748142
17748143
17748144
17748145
17748146
17748147
17748148
17748149
17748150
17748151
17748152
17748153
17748154
17748155
17748156
17748157
17748158
17748159
17748160
17748161
17748162
17748163
17748164
17748165
17748166
17748167
17748168
17748169
17748170
17748171
17748172
17748173
17748174
17748175
17748176
17748177
17748178
17748179
17748180
17748181
17748182
17748183
17748184
17748185
17748186
17748187
17748188
17748189
17748190
17748191
17748192
17748193
17748194
17748195
17748196
17748197
17748198
17748199
17752065
17752066
17752067
17752068
17752069
17752070
17752071
17752072
17752073
17752074
17752075
17752076
17752077
17752078
17752079
17752080
17752081
17752082
17752083
17752084
17752085
17752086
17752087
17752088
17752089
17752090
17752091
17752092
17752093
17752094
17752095
17752096
17752097
17752098
17752099
17752100
17752101
17752102
17752103
17752104
17752105
17752106
17752107
17752108
17752109
17752110
17752111
17752112
17752113
17752114
17752115
17752116
17752117
17752118
17752119
17752120
17752121
17752122
17752123
17752124
17752125
17752126
17752127
17752128
17752129
17752130
17752131
17752132
17752133
17752134
17752135
17752136
17752137
17752138
17752139
17752140
17752141
17752142
17752143
17752144
17752145
17752146
17752147
17752148
17752149
17752150
17752151
17752152
17752153
17752154
17752155
17752156
17752157
17752158
17752159
17752160
17752161
17752162
17752163
17752164
17752165
17752166
17752167
17752168
17752169
17752170
17752171
17752172
17752173
17752174
17752175
17752176
17752177
17752178
17752179
17752180
17752181
17752182
17752183
17752184
17752185
17752186
17752187
17752188
17752189
17752190
17752191
17752192
17752193
17752194
17752195
17752196
17752197
17752198
17752199
17752200
17752201
17752202
17752203
17752204
17752205
17752206
17752207
17752208
17752209
17752210
17752211
17752212
17752213
17752214
17752215
17752216
17752217
17752218
17752219
17752220
17752221
17752222
17752223
17752224
17752225
17752226
17752227
17752228
17752229
17752230
17752231
17752232
17752233
17752234
17752235
17752236
17752237
17752238
17752239
17752240
17752241
17752242
17752243
17752244
17752245
17752246
17752247
17752248
17752249
17752250
17752251
17752252
17752253
17752254
17752255
17752256
17752257
17752258
17752259
17752260
17752261
17752262
17752263
17752264
17752265
17752266
17752267
17752268
17752269
17752270
17752271
17752272
17752273
17752274
17752275
17752276
17752277
17752278
17752279
17752280
17752281
17752282
17752283
17752284
17752285
17752286
17752287
17752288
17752289
17752290
17752291
17752292
17752293
17752294
17752295
17752296
17752297
17752298
17752299
17752300
17752301
17752302
17752303
17752304
17752305
17752306
17752307
17752308
17752309
17752310
17752311
17752312
17752313
17752314
17752315
17752316
17752317
17752318
17752319
17752320
17752321
17752322
17752323
17752324
17752325
17752326
17752327
17752328
17752329
17752330
17752331
17752332
17752333
17752334
17752335
17752336
17752337
17752338
17752339
17752340
17752341
17752342
17752343
17752344
17752345
17752346
17752347
17752348
17752349
17752350
17752351
17752352
17752353
17752354
17752355
17752356
17752357
17752358
17752359
17752360
17752361
17752362
17752363
17752364
17752365
17752366
17752367
17752368
17752369
17752370
17752371
17752372
17752373
17752374
17752375
17752376
17752377
17752378
17752379
17752380
17752381
17752382
17752383
17752384
17752385
17752386
17752387
17752388
17752389
17752390
17752391
17752392
17752393
17752394
17752395
17752396
17752397
17752398
17752399
17752400
17752401
17752402
17752403
17752404
17752405
17752406
17752407
17752408
17752409
17752410
17752411
17752412
17752413
17752414
17752415
17752416
17752417
17752418
17752419
17752420
17752421
17752422
17752423
17752424
17752425
17752426
17752427
17752428
17752429
17752430
17752431
17752432
17752433
17752434
17752435
17752436
17752437
17752438
17752439
17752440
17752441
17752442
17752443
17752444
17752445
17752446
17752447
17752448
17752449
17752450
17752451
17752452
17752453
17752454
17752455
17752456
17752457
17752458
17752459
17752460
17752461
17752462
17752463
17752464
17752465
17752466
17752467
17752468
17752469
17752470
17752471
17752472
17752473
17752474
17752475
17752476
17752477
17752478
17752479
17752480
17752481
17752482
17752483
17752484
17752485
17752486
17752487
17752488
17752489
17752490
17752491
17752492
17752493
17752494
17752495
17752496
17752497
17752498
17752499
17752500
17752501
17752502
17752503
17752504
17752505
17752506
17752507
17752508
17752509
17752510
17752511
17752512
17752513
17752514
17752515
17752516
17752517
17752518
17752519
17752520
17752521
17752522
17752523
17752524
17752525
17752526
17752527
17752528
17752529
17752530
17752531
17752532
17752533
17752534
17752535
17752536
17752537
17752538
17752539
17752540
17752541
17752542
17752543
17752544
17752545
17752546
17752547
17752548
17752549
17752550
17752551
17752552
17752553
17752554
17752555
17752556
17752557
17752558
17752559
17752560
17752561
17752562
17752563
17752564
17752565
17752566
17752567
17752568
17752569
17752570
17752571
17752572
17752573
17752574
17752575
17752576
17752577
17752578
17752579
17752580
17752581
17752582
17752583
17752584
17752585
17752586
17752587
17752588
17752589
17752590
17752591
17752592
17756161
17756162
17756163
17756164
17756165
17756166
17756167
17756168
17756169
17756170
17756171
17756172
17756173
17756174
17756175
17756176
17756177
17756178
17756179
17756180
17756181
17756182
17756183
17756184
17756185
17756186
17756187
17756188
17756189
17756190
17756191
17756192
17756193
17756194
17756195
17756196
17756197
17756198
17756199
17756200
17756201
17756202
17756203
17756204
17756205
17756206
17756207
17756208
17756209
17756210
17756211
17756212
17756213
17756214
17756215
17756216
17756217
17756218
17756219
17756220
17756221
17756222
17756223
17756224
17756225
17756226
17756227
17756228
17756229
17756230
17756231
17756232
17756233
17756234
17756235
17756236
17756237
17756238
17756239
17756240
17756241
17756242
17756243
17756244
17756245
17756246
17756247
17756248
17756249
17756250
17756251
17756252
17756253
17756254
17756255
17756256
17756257
17756258
17756259
17756260
17756261
17756262
17756263
17756264
17756265
17756266
17756267
17756268
17756269
17756270
17756271
17756272
17756273
17756274
17756275
17756276
17756277
17756278
17756279
17756280
17756281
17756282
17756283
17756284
17756285
17756286
17756287
17756288
17756289
17756290
17756291
17756292
17756293
17756294
17756295
17756296
17756297
17756298
17756299
17756300
17756301
17756302
17756303
17756304
17756305
17756306
17756307
17756308
17756309
17756310
17756311
17756312
17756313
17756314
17756315
17756316
17756317
17756318
17756319
17756320
17756321
17756322
17756323
17756324
17756325
17756326
17756327
17756328
17756329
17756330
17756331
17756332
17756333
17756334
17756335
17756336
17756337
17756338
17756339
17756340
17756341
17756342
17756343
17756344
17756345
17756346
17756347
17756348
17756349
17756350
17756351
17756352
17756353
17756354
17756355
17756356
17756357
17756358
17756359
17756360
17756361
17756362
17756363
17756364
17756365
17756366
17756367
17756368
17756369
17756370
17756371
17756372
17756373
17756374
17756375
17756376
17756377
17756378
17756379
17756380
17756381
17756382
17756383
17756384
17756385
17756386
17756387
17756388
17756389
17756390
17756391
17756392
17756393
17756394
17756395
17756396
17756397
17756398
17756399
17756400
17756401
17756402
17756403
17756404
17756405
17756406
17756407
17756408
17756409
17756410
17756411
17756412
17756413
17756414
17756415
17756416
17756417
17756418
17756419
17756420
17756421
17756422
17756423
17756424
17756425
17756426
17756427
17756428
17756429
17756430
17756431
17756432
17756433
17756434
17756435
17756436
17756437
17756438
17756439
17756440
17756441
17756442
17756443
17756444
17756445
17756446
17756447
17756448
17756449
17756450
17756451
17756452
17756453
17756454
17756455
17756456
17756457
17756458
17756459
17756460
17756461
17756462
17756463
17756464
17756465
17756466
17756467
17756468
17756469
17756470
17756471
17756472
17756473
17756474
17756475
17756476
17756477
17756478
17756479
17756480
17756481
17756482
17756483
17756484
17756485
17756486
17756487
17756488
17756489
17756490
17756491
17756492
17756493
17756494
17756495
17756496
17756497
17756498
17756499
17756500
17756501
17756502
17756503
17756504
17756505
17756506
17756507
17756508
17756509
17756510
17756511
17756512
17756513
17756514
17756515
17760257
17760258
17760259
17760260
17760261
17760262
17760263
17760264
17760265
17760266
17760267
17760268
17760269
17760270
17760271
17760272
17760273
17760274
17760275
17760276
17760277
17760278
17760279
17760280
17760281
17760282
17760283
17760284
17760285
17760286
17760287
17760288
17760289
17760290
17760291
17760292
17760293
17760294
17760295
17760296
17760297
17760298
17760299
17760300
17760301
17760302
17760303
17760304
17760305
17760306
17760307
17760308
17760309
17760310
17760311
17760312
17760313
17760314
17760315
17760316
17760317
17760318
17760319
17760320
17760321
17760322
17760323
17760324
17760325
17760326
17760327
17760328
17760329
17760330
17760331
17760332
17760333
17760334
17760335
17760336
17760337
17760338
17760339
17760340
17760341
17760342
17760343
17760344
17760345
17760346
17760347
17760348
17760349
17760350
17760351
17760352
17760353
17760354
17760355
17760356
17760357
17760358
17760359
17760360
17760361
17760362
17760363
17760364
17760365
17760366
17760367
17760368
17760369
17760370
17760371
17760372
17760373
17760374
17760375
17760376
17760377
17760378
17760379
17760380
17760381
17760382
17760383
17760384
17760385
17760386
17760387
17760388
17760389
17760390
17760391
17760392
17760393
17760394
17760395
17760396
17760397
17760398
17760399
17760400
17760401
17760402
17760403
17760404
17760405
17760406
17760407
17760408
17760409
17760410
17760411
17760412
17760413
17760414
17760415
17760416
17760417
17760418
17760419
17760420
17760421
17760422
17760423
17760424
17760425
17760426
17760427
17760428
17760429
17760430
17760431
17760432
17760433
17760434
17760435
17760436
17760437
17760438
17760439
17760440
17760441
17760442
17760443
17760444
17760445
17760446
17760447
17760448
17760449
17760450
17760451
17760452
17760453
17760454
17760455
17760456
17760457
17760458
17760459
17760460
17760461
17760462
17760463
17760464
17760465
17760466
17760467
17760468
17760469
17760470
17760471
17760472
17760473
17760474
17760475
17760476
17760477
17760478
17760479
17760480
17760481
17760482
17760483
17760484
17760485
17760486
17760487
17760488
17760489
17760490
17760491
17760492
17760493
17760494
17760495
17760496
17760497
17760498
17760499
17760500
17760501
17760502
17760503
17760504
17760505
17760506
17760507
17760508
17760509
17760510
17760511
17760512
17760513
17760514
17760515
17760516
17760517
17760518
17760519
17760520
17760521
17760522
17760523
17760524
17760525
17760526
17760527
17760528
17760529
17760530
17760531
17760532
17760533
17760534
17760535
17760536
17760537
17760538
17760539
17760540
17760541
17760542
17760543
17764353
17764354
17764355
17764356
17764357
17764358
17764359
17764360
17764361
17764362
17764363
17764364
17764365
17764366
17764367
17764368
17764369
17764370
17764371
17764372
17764373
17764374
17764375
17764376
17764377
17764378
17764379
17764380
17764381
17764382
17764383
17764384
17764385
17764386
17764387
17764388
17764389
17764390
17764391
17764392
17764393
17764394
17764395
17764396
17764397
17764398
17764399
17764400
17764401
17764402
17764403
17764404
17764405
17764406
17764407
17764408
17764409
17764410
17764411
17764412
17764413
17764414
17764415
17764416
17764417
17764418
17764419
17764420
17764421
17764422
17764423
17764424
17764425
17764426
17764427
17764428
17764429
17764430
17764431
17764432
17764433
17764434
17764435
17764436
17764437
17764438
17764439
17764440
17764441
17764442
17764443
17764444
17764445
17764446
17764447
17764448
17764449
17764450
17764451
17764452
17764453
17764454
17764455
17764456
17764457
17764458
17764459
17764460
17764461
17764462
17764463
17764464
17764465
17764466
17764467
17764468
17764469
17764470
17764471
17764472
17764473
17764474
17764475
17764476
17764477
17764478
17764479
17764480
17764481
17764482
17764483
17764484
17764485
17764486
17764487
17764488
17764489
17764490
17764491
17764492
17764493
17764494
17764495
17764496
17764497
17764498
17764499
17764500
17764501
17764502
17764503
17764504
17764505
17764506
17764507
17764508
17764509
17764510
17764511
17764512
17764513
17764514
17764515
17764516
17764517
17764518
17764519
17764520
17764521
17764522
17764523
17764524
17764525
17764526
17764527
17764528
17764529
17764530
17764531
17764532
17764533
17764534
17764535
17764536
17764537
17764538
17764539
17764540
17764541
17764542
17764543
17764544
17764545
17764546
17764547
17764548
17764549
17764550
17764551
17764552
17764553
17764554
17764555
17764556
17764557
17764558
17764559
17764560
17764561
17764562
17764563
17764564
17764565
17764566
17764567
17764568
17764569
17764570
17764571
17764572
17764573
17764574
17764575
17764576
17764577
17764578
17764579
17764580
17764581
17764582
17764583
17764584
17764585
17764586
17764587
17764588
17764589
17764590
17764591
17764592
17764593
17764594
17764595
17764596
17764597
17764598
17764599
17764600
17764601
17764602
17764603
17764604
17764605
17764606
17764607
17764608
17764609
17764610
17764611
17764612
17764613
17764614
17764615
17764616
17764617
17764618
17764619
17764620
17764621
17764622
17764623
17764624
17764625
17764626
17764627
17764628
17764629
17764630
17764631
17764632
17764633
17764634
17764635
17764636
17764637
17764638
17764639
17764640
17764641
17764642
17764643
17764644
17764645
17764646
17764647
17764648
17764649
17764650
17764651
17764652
17764653
17764654
17764655
17764656
17764657
17764658
17764659
17764660
17764661
17764662
17764663
17764664
17764665
17764666
17764667
17764668
17764669
17764670
17764671
17764672
17764673
17764674
17764675
17764676
17764677
17764678
17764679
17764680
17764681
17764682
17764683
17764684
17764685
17764686
17764687
17764688
17764689
17764690
17764691
17764692
17764693
17764694
17764695
17764696
17764697
17764698
17764699
17764700
17764701
17764702
17764703
17764704
17764705
17764706
17764707
17764708
17764709
17764710
17764711
17764712
17764713
17764714
17764715
17764716
17764717
17764718
17764719
17764720
17764721
17764722
17764723
17764724
17764725
17764726
17764727
17764728
17764729
17764730
17764731
17764732
17764733
17764734
17764735
17764736
17764737
17764738
17764739
17764740
17764741
17764742
17764743
17764744
17764745
17764746
17764747
17764748
17764749
17764750
17764751
17764752
17764753
17764754
17764755
17764756
17764757
17764758
17764759
17764760
17764761
17764762
17764763
17764764
17764765
17764766
17764767
17764768
17764769
17764770
17764771
17764772
17764773
17764774
17764775
17764776
17764777
17764778
17764779
17764780
17764781
17764782
17764783
17764784
17764785
17764786
17764787
17764788
17764789
17764790
17764791
17764792
17764793
17764794
17764795
17764796
17764797
17764798
17764799
17764800
17764801
17764802
17764803
17764804
17764805
17764806
17764807
17764808
17764809
17764810
17764811
17764812
17764813
17764814
17764815
17764816
17764817
17764818
17764819
17764820
17764821
17764822
17764823
17764824
17764825
17764826
17764827
17764828
17764829
17764830
17764831
17764832
17764833
17768449
17768450
17768451
17768452
17768453
17768454
17768455
17768456
17768457
17768458
17768459
17768460
17768461
17768462
17768463
17768464
17768465
17768466
17768467
17768468
17768469
17768470
17768471
17768472
17768473
17768474
17768475
17768476
17768477
17768478
17768479
17768480
17768481
17768482
17768483
17768484
17768485
17768486
17768487
17768488
17768489
17768490
17768491
17768492
17768493
17768494
17768495
17768496
17768497
17768498
17768499
17768500
17768501
17768502
17768503
17768504
17768505
17768506
17768507
17768508
17768509
17768510
17768511
17768512
17768513
17768514
17768515
17768516
17768517
17768518
17768519
17768520
17768521
17768522
17768523
17768524
17768525
17768526
17768527
17768528
17768529
17768530
17768531
17768532
17768533
17768534
17768535
17768536
17768537
17768538
17768539
17768540
17768541
17768542
17768543
17768544
17768545
17768546
17768547
17768548
17768549
17768550
17768551
17768552
17768553
17768554
17768555
17768556
17768557
17768558
17768559
17768560
17768561
17768562
17768563
17768564
17768565
17768566
17768567
17768568
17768569
17768570
17768571
17768572
17768573
17768574
17768575
17772545
17772546
17772547
17772548
17772549
17772550
17772551
17772552
17772553
17772554
17772555
17772556
17772557
17772558
17772559
17772560
17772561
17772562
17772563
17772564
17772565
17772566
17772567
17772568
17772569
17772570
17772571
17772572
17772573
17772574
17772575
17772576
17772577
17772578
17772579
17772580
17772581
17772582
17772583
17772584
17772585
17772586
17772587
17772588
17772589
17772590
17772591
17772592
17772593
17772594
17772595
17772596
17772597
17772598
17772599
17772600
17772601
17772602
17772603
17772604
17772605
17772606
17772607
17772608
17772609
17772610
17772611
17772612
17772613
17772614
17772615
17772616
17772617
17772618
17772619
17772620
17772621
17772622
17772623
17772624
17772625
17772626
17772627
17772628
17772629
17772630
17772631
17772632
17772633
17772634
17772635
17772636
17772637
17772638
17772639
17772640
17772641
17772642
17772643
17772644
17772645
17772646
17772647
17772648
17772649
17772650
17772651
17772652
17772653
17772654
17772655
17772656
17772657
17772658
17772659
17772660
17772661
17772662
17772663
17772664
17772665
17772666
17772667
17772668
17772669
17772670
17772671
17772672
17772673
17772674
17772675
17772676
17772677
17772678
17772679
17772680
17772681
17772682
17772683
17772684
17772685
17772686
17772687
17772688
17772689
17772690
17772691
17772692
17772693
17772694
17772695
17772696
17772697
17772698
17772699
17772700
17772701
17772702
17772703
17772704
17772705
17772706
17772707
17772708
17772709
17772710
17772711
17772712
17772713
17772714
17772715
17772716
17772717
17772718
17772719
17772720
17772721
17772722
17772723
17772724
17772725
17772726
17772727
17772728
17772729
17772730
17772731
17772732
17772733
17772734
17772735
17772736
17772737
17772738
17772739
17772740
17772741
17772742
17772743
17772744
17772745
17772746
17772747
17772748
17772749
17772750
17772751
17772752
17772753
17772754
17772755
17772756
17772757
17772758
17772759
17772760
17772761
17772762
17772763
17772764
17772765
17772766
17772767
17772768
17772769
17772770
17772771
17772772
17772773
17772774
17772775
17772776
17772777
17772778
17772779
17772780
17772781
17772782
17772783
17772784
17772785
17772786
17772787
17772788
17772789
17772790
17772791
17772792
17772793
17772794
17772795
17772796
17772797
17772798
17772799
17772800
17772801
17772802
17772803
17772804
17772805
17772806
17772807
17772808
17772809
17772810
17772811
17772812
17772813
17772814
17772815
17772816
17772817
17772818
17772819
17772820
17772821
17772822
17772823
17772824
17772825
17772826
17772827
17772828
17772829
17772830
17772831
17772832
17772833
17772834
17772835
17772836
17772837
17772838
17772839
17772840
17772841
17772842
17772843
17772844
17772845
17772846
17772847
17772848
17772849
17772850
17772851
17772852
17772853
17772854
17772855
17772856
17772857
17772858
17772859
17772860
17772861
17772862
17772863
17772864
17772865
17772866
17772867
17772868
17772869
17772870
17772871
17772872
17772873
17772874
17772875
17772876
17776641
17776642
17776643
17776644
17776645
17776646
17776647
17776648
17776649
17776650
17776651
17776652
17776653
17776654
17776655
17776656
17776657
17776658
17776659
17776660
17776661
17776662
17776663
17776664
17776665
17776666
17776667
17776668
17776669
17776670
17776671
17776672
17776673
17776674
17776675
17776676
17776677
17776678
17776679
17776680
17776681
17776682
17776683
17776684
17776685
17776686
17776687
17776688
17776689
17776690
17776691
17776692
17776693
17776694
17776695
17776696
17776697
17776698
17776699
17776700
17776701
17776702
17776703
17776704
17776705
17776706
17776707
17776708
17776709
17776710
17776711
17776712
17776713
17776714
17776715
17776716
17776717
17776718
17776719
17776720
17776721
17776722
17776723
17776724
17776725
17776726
17776727
17776728
17776729
17776730
17776731
17776732
17776733
17776734
17776735
17776736
17776737
17776738
17776739
17776740
17776741
17776742
17776743
17776744
17776745
17776746
17776747
17776748
17776749
17776750
17776751
17776752
17776753
17776754
17776755
17776756
17776757
17776758
17776759
17776760
17776761
17776762
17776763
17776764
17776765
17776766
17776767
17776768
17776769
17776770
17776771
17776772
17776773
17776774
17776775
17776776
17776777
17776778
17776779
17776780
17776781
17776782
17776783
17776784
17776785
17776786
17776787
17776788
17776789
17776790
17776791
17776792
17776793
17776794
17776795
17776796
17776797
17776798
17776799
17776800
17776801
17776802
17776803
17776804
17776805
17776806
17776807
17776808
17776809
17776810
17776811
17776812
17776813
17776814
17776815
17776816
17776817
17776818
17776819
17776820
17776821
17776822
17776823
17776824
17776825
17776826
17776827
17776828
17776829
17776830
17776831
17776832
17776833
17776834
17776835
17776836
17776837
17776838
17776839
17776840
17776841
17776842
17776843
17776844
17776845
17776846
17776847
17776848
17776849
17776850
17776851
17776852
17776853
17776854
17776855
17776856
17776857
17776858
17776859
17776860
17776861
17776862
17776863
17776864
17776865
17776866
17776867
17776868
17776869
17776870
17776871
17776872
17776873
17776874
17776875
17776876
17776877
17776878
17776879
17776880
17776881
17776882
17776883
17776884
17776885
17776886
17776887
17776888
17776889
17776890
17776891
17776892
17776893
17776894
17776895
17776896
17776897
17776898
17776899
17776900
17776901
17776902
17780737
17780738
17780739
17780740
17780741
17780742
17780743
17780744
17780745
17780746
17780747
17780748
17780749
17780750
17780751
17780752
17780753
17780754
17780755
17780756
17780757
17780758
17780759
17780760
17780761
17780762
17780763
17780764
17780765
17780766
17780767
17780768
17780769
17780770
17780771
17780772
17780773
17780774
17780775
17780776
17780777
17780778
17780779
17780780
17780781
17780782
17780783
17780784
17780785
17780786
17780787
17780788
17780789
17780790
17780791
17780792
17780793
17780794
17780795
17780796
17780797
17780798
17780799
17780800
17780801
17780802
17780803
17780804
17780805
17780806
17780807
17780808
17780809
17780810
17780811
17780812
17780813
17780814
17780815
17780816
17780817
17780818
17780819
17780820
17780821
17780822
17780823
17780824
17780825
17780826
17780827
17780828
17780829
17780830
17780831
17780832
17780833
17780834
17780835
17780836
17780837
17780838
17780839
17780840
17780841
17780842
17780843
17780844
17780845
17780846
17780847
17780848
17780849
17780850
17780851
17780852
17780853
17780854
17780855
17780856
17780857
17780858
17780859
17780860
17780861
17780862
17780863
17780864
17780865
17780866
17780867
17780868
17780869
17780870
17780871
17780872
17780873
17780874
17780875
17780876
17780877
17780878
17780879
17780880
17780881
17780882
17780883
17780884
17780885
17780886
17780887
17780888
17780889
17780890
17780891
17780892
17780893
17780894
17780895
17780896
17780897
17780898
17780899
17780900
17780901
17780902
17780903
17780904
17780905
17780906
17780907
17780908
17780909
17780910
17780911
17780912
17780913
17780914
17780915
17780916
17780917
17780918
17780919
17780920
17780921
17780922
17780923
17780924
17780925
17780926
17780927
17780928
17780929
17780930
17780931
17780932
17780933
17780934
17780935
17780936
17780937
17780938
17780939
17780940
17780941
17780942
17780943
17780944
17780945
17780946
17780947
17780948
17780949
17780950
17780951
17780952
17780953
17780954
17780955
17780956
17780957
17780958
17780959
17780960
17780961
17780962
17780963
17780964
17780965
17780966
17780967
17780968
17780969
17780970
17780971
17780972
17780973
17780974
17780975
17780976
17780977
17780978
17780979
17780980
17780981
17780982
17780983
17780984
17780985
17780986
17780987
17780988
17780989
17780990
17780991
17780992
17780993
17780994
17780995
17780996
17780997
17780998
17780999
17781000
17781001
17781002
17781003
17781004
17781005
17781006
17781007
17781008
17781009
17781010
17781011
17781012
17781013
17781014
17781015
17781016
17781017
17781018
17781019
17781020
17781021
17781022
17781023
17781024
17781025
17781026
17781027
17781028
17781029
17781030
17781031
17781032
17781033
17781034
17781035
17781036
17781037
17781038
17781039
17781040
17781041
17781042
17781043
17781044
17781045
17781046
17781047
17781048
17781049
17781050
17781051
17781052
17781053
17781054
17781055
17781056
17781057
17781058
17781059
17781060
17781061
17781062
17781063
17781064
17781065
17781066
17781067
17781068
17781069
17781070
17781071
17781072
17784833
17784834
17784835
17784836
17784837
17784838
17784839
17784840
17784841
17784842
17784843
17784844
17784845
17784846
17784847
17784848
17784849
17784850
17784851
17784852
17784853
17784854
17784855
17784856
17784857
17784858
17784859
17784860
17784861
17784862
17784863
17784864
17784865
17784866
17784867
17784868
17784869
17784870
17784871
17784872
17784873
17784874
17784875
17784876
17784877
17784878
17784879
17784880
17784881
17784882
17784883
17784884
17784885
17784886
17784887
17784888
17784889
17784890
17784891
17784892
17784893
17784894
17784895
17784896
17784897
17784898
17784899
17784900
17784901
17784902
17784903
17784904
17784905
17784906
17784907
17784908
17784909
17784910
17784911
17784912
17784913
17784914
17784915
17784916
17784917
17784918
17784919
17784920
17784921
17784922
17784923
17784924
17784925
17784926
17784927
17784928
17784929
17784930
17784931
17784932
17784933
17784934
17784935
17784936
17784937
17784938
17784939
17784940
17784941
17784942
17784943
17784944
17784945
17784946
17784947
17784948
17784949
17784950
17784951
17784952
17784953
17784954
17784955
17784956
17784957
17784958
17784959
17784960
17784961
17784962
17784963
17784964
17784965
17784966
17784967
17784968
17784969
17784970
17784971
17784972
17784973
17784974
17784975
17784976
17784977
17784978
17784979
17784980
17784981
17784982
17784983
17784984
17784985
17784986
17784987
17784988
17784989
17784990
17784991
17784992
17784993
17784994
17784995
17784996
17784997
17784998
17784999
17785000
17785001
17785002
17785003
17785004
17785005
17785006
17785007
17785008
17785009
17785010
17785011
17788929
17788930
17788931
17788932
17788933
17788934
17788935
17788936
17788937
17788938
17788939
17788940
17788941
17788942
17788943
17788944
17788945
17788946
17788947
17788948
17788949
17788950
17788951
17788952
17788953
17788954
17788955
17788956
17788957
17788958
17788959
17788960
17788961
17788962
17788963
17788964
17788965
17788966
17788967
17788968
17788969
17788970
17788971
17788972
17788973
17788974
17788975
17788976
17788977
17788978
17788979
17788980
17788981
17788982
17788983
17788984
17788985
17788986
17788987
17788988
17788989
17788990
17788991
17788992
17788993
17788994
17788995
17788996
17788997
17788998
17788999
17789000
17789001
17789002
17789003
17789004
17789005
17789006
17789007
17789008
17789009
17789010
17789011
17789012
17789013
17789014
17789015
17789016
17789017
17789018
17789019
17789020
17789021
17789022
17789023
17789024
17789025
17789026
17789027
17789028
17789029
17789030
17789031
17789032
17789033
17789034
17789035
17789036
17789037
17789038
17789039
17789040
17789041
17789042
17789043
17789044
17789045
17789046
17789047
17789048
17789049
17789050
17789051
17789052
17789053
17789054
17789055
17789056
17789057
17789058
17789059
17789060
17789061
17789062
17789063
17789064
17789065
17789066
17789067
17789068
17789069
17789070
17789071
17789072
17789073
17789074
17789075
17789076
17789077
17789078
17789079
17789080
17789081
17789082
17789083
17789084
17793025
17793026
17793027
17793028
17793029
17793030
17793031
17793032
17793033
17793034
17793035
17793036
17793037
17793038
17793039
17793040
17793041
17793042
17793043
17793044
17793045
17793046
17793047
17793048
17793049
17793050
17793051
17793052
17793053
17793054
17793055
17793056
17793057
17793058
17793059
17793060
17793061
17793062
17793063
17793064
17793065
17793066
17793067
17793068
17793069
17793070
17793071
17793072
17793073
17793074
17793075
17793076
17793077
17793078
17793079
17793080
17793081
17793082
17793083
17793084
17793085
17793086
17793087
17793088
17793089
17793090
17793091
17793092
17793093
17793094
17793095
17793096
17793097
17793098
17793099
17793100
17793101
17793102
17793103
17793104
17793105
17793106
17793107
17793108
17793109
17793110
17793111
17793112
17793113
17793114
17793115
17793116
17793117
17793118
17793119
17793120
17793121
17793122
17793123
17793124
17793125
17793126
17793127
17793128
17793129
17793130
17793131
17793132
17793133
17793134
17793135
17793136
17793137
17793138
17793139
17793140
17793141
17793142
17793143
17793144
17793145
17793146
17793147
17793148
17793149
17793150
17793151
17793152
17793153
17793154
17793155
17797121
17797122
17797123
17797124
17797125
17797126
17797127
17797128
17797129
17797130
17797131
17797132
17797133
17797134
17797135
17797136
17797137
17797138
17797139
17797140
17797141
17797142
17797143
17797144
17797145
17797146
17797147
17797148
17797149
17797150
17797151
17797152
17797153
17797154
17797155
17797156
17797157
17797158
17797159
17797160
17797161
17797162
17797163
17797164
17797165
17797166
17797167
17797168
17797169
17797170
17797171
17797172
17797173
17797174
17797175
17797176
17797177
17797178
17797179
17797180
17797181
17797182
17797183
17797184
17797185
17797186
17797187
17797188
17797189
17797190
17797191
17797192
17797193
17797194
17797195
17797196
17797197
17797198
17797199
17797200
17797201
17797202
17797203
17797204
17797205
17797206
17797207
17797208
17797209
17797210
17797211
17797212
17797213
17797214
17797215
17797216
17797217
17797218
17797219
17797220
17797221
17797222
17797223
17797224
17797225
17797226
17797227
17797228
17797229
17797230
17797231
17797232
17797233
17797234
17797235
17797236
17797237
17797238
17797239
17797240
17797241
17797242
17797243
17797244
17797245
17797246
17797247
17797248
17797249
17797250
17797251
17797252
17797253
17797254
17797255
17797256
17797257
17797258
17797259
17797260
17797261
17797262
17797263
17797264
17797265
17797266
17797267
17797268
17797269
17797270
17797271
17797272
17797273
17797274
17797275
17797276
17797277
17797278
17797279
17797280
17797281
17797282
17797283
17797284
17797285
17797286
17797287
17797288
17797289
17797290
17797291
17797292
17797293
17797294
17797295
17797296
17797297
17797298
17797299
17797300
17797301
17797302
17797303
17797304
17797305
17797306
17797307
17797308
17797309
17797310
17797311
17797312
17797313
17797314
17797315
17797316
17797317
17797318
17797319
17797320
17797321
17801217
17801218
17801219
17801220
17801221
17801222
17801223
17801224
17801225
17801226
17801227
17801228
17801229
17801230
17801231
17801232
17801233
17801234
17801235
17801236
17801237
17801238
17801239
17801240
17801241
17801242
17801243
17801244
17801245
17801246
17801247
17801248
17801249
17801250
17801251
17801252
17801253
17801254
17801255
17801256
17801257
17801258
17801259
17801260
17801261
17801262
17801263
17801264
17801265
17801266
17801267
17801268
17801269
17801270
17801271
17801272
17801273
17801274
17801275
17801276
17801277
17801278
17801279
17801280
17801281
17801282
17801283
17801284
17801285
17801286
17801287
17801288
17801289
17801290
17801291
17801292
17801293
17801294
17801295
17801296
17801297
17801298
17801299
17801300
17801301
17801302
17801303
17801304
17801305
17801306
17801307
17801308
17801309
17801310
17801311
17801312
17801313
17801314
17801315
17801316
17801317
17801318
17801319
17801320
17801321
17801322
17801323
17801324
17801325
17801326
17801327
17801328
17801329
17801330
17801331
17801332
17801333
17801334
17801335
17801336
17801337
17801338
17801339
17801340
17801341
17801342
17801343
17801344
17801345
17801346
17801347
17801348
17801349
17801350
17801351
17801352
17801353
17801354
17801355
17801356
17801357
17801358
17805313
17805314
17805315
17805316
17805317
17805318
17805319
17805320
17805321
17805322
17805323
17805324
17805325
17805326
17805327
17805328
17805329
17805330
17805331
17805332
17805333
17805334
17805335
17805336
17805337
17805338
17805339
17805340
17805341
17805342
17805343
17805344
17805345
17805346
17805347
17805348
17805349
17805350
17805351
17805352
17805353
17805354
17805355
17805356
17805357
17805358
17805359
17805360
17809409
17809410
17809411
17809412
17809413
17809414
17809415
17809416
17809417
17809418
17809419
17809420
17809421
17809422
17809423
17809424
17809425
17809426
17809427
17809428
17809429
17809430
17809431
17809432
17809433
17809434
17809435
17809436
17809437
17809438
17809439
17809440
17809441
17809442
17809443
17809444
17809445
17809446
17809447
17809448
17809449
17809450
17809451
17809452
17809453
17809454
17809455
17809456
17809457
17809458
17809459
17809460
17809461
17809462
17809463
17809464
17809465
17809466
17809467
17809468
17809469
17809470
17809471
17809472
17809473
17809474
17809475
17809476
17809477
17809478
17809479
17809480
17809481
17809482
17809483
17809484
17809485
17809486
17809487
17809488
17809489
17809490
17809491
17809492
17809493
17809494
17809495
17809496
17809497
17809498
17809499
17809500
17809501
17809502
17809503
17809504
17809505
17809506
17809507
17809508
17809509
17809510
17809511
17809512
17809513
17809514
17809515
17809516
17809517
17809518
17809519
17809520
17809521
17809522
17809523
17809524
17809525
17809526
17809527
17809528
17809529
17809530
17809531
17809532
17809533
17809534
17809535
17809536
17809537
17809538
17809539
17809540
17809541
17809542
17809543
17809544
17809545
17809546
17809547
17809548
17809549
17809550
17809551
17809552
17809553
17809554
17813947
17813948
17813949
17813950
17813951
17813952
17813953
17813954
17813955
17813956
17813957
17813958
17813959
17813960
17813961
17813962
17813963
17813964
17813965
17813966
17813967
17813968
17813969
17813970
17813971
17813972
17813973
17813975
17813976
17813977
17813978
17813979
17813980
17813981
17813982
17813983
17813984
17813985
17813986
17813987
17813988
17813989
17813990
17813991
17813992
17813993
17813994
17813995
17813996
17813997
17813998
17813999
17814000
17814001
17814002
17814003
17814004
17814005
17814006
17814007
17814008
17814009
17814010
17814011
17814012
17814013
17814014
17814015
17814016
17814017
17814018
17814019
17814020
17814021
17814022
17814023
17814024
17814025
17814026
17814027
17814028
17814029
17814030
17814031
17814032
17814033
17814034
17814035
17814036
17814037
17814038
17814039
17814040
17814041
17814042
17814043
17814044
17814045
17814046
17814047
17814048
17814049
17814050
17814051
17814052
17814053
17814054
17814055
17814056
17814057
17814058
17814059
17814060
17814061
17814062
17814063
17814064
17814065
17814066
17814067
17814068
17814069
17814070
17814071
17814072
17814073
17814074
17814075
17814076
17814077
17814078
17814079
17814080
17814081
17814082
17814083
17814084
17814085
17814086
17814087
17814088
17814089
17814090
17814091
17814092
17814093
17814094
17814095
17814096
17814097
17814098
17814099
17814100
17814101
17814102
17814103
17814104
17814105
17814106
17814107
17814108
17814109
17814110
17814111
17814112
17814113
17814114
17814115
17814116
17814117
17814118
17814119
17814120
17814121
17814122
17814123
17814124
17814125
17814126
17814127
17814128
17814129
17814130
17814131
17814132
17814133
17814134
17814135
17814136
17814137
17814138
17814139
17814140
17814141
17814142
17814143
17814144
17814145
17814146
17814147
17814148
17814149
17814150
17814151
17814152
17814153
17814154
17814155
17814156
17814157
17814158
17814159
17814160
17814161
17814162
17814163
17814164
17814165
17814166
17814167
17814168
17814169
17814170
17814171
17814172
17814173
17814174
17814175
17814176
17814177
17814178
17814179
17814180
17814181
17814182
17814183
17814184
17814185
17814186
17814187
17818078
17818079
17818080
17818081
17818082
17818083
17818084
17818085
17818086
17818087
17818088
17818089
17818090
17818091
17818092
17818093
17818094
17818095
17818096
17818097
17818098
17818099
17818100
17818101
17818102
17818103
17818104
17818105
17818107
17818108
17818109
17818110
17818111
17818112
17818113
17818114
17818115
17818116
17818117
17818118
17818119
17818120
17818121
17818122
17818123
17818124
17818125
17818126
17818127
17818128
17818129
17818130
17818131
17818132
17818133
17818134
17818135
17818136
17818137
17818138
17818139
17818140
17818141
17818142
17818143
17818144
17818145
17818146
17818147
17818148
17818149
17818150
17818151
17818152
17818153
17818154
17818155
17818156
17818157
17818158
17818159
17818160
17818161
17818162
17818163
17818164
17818165
17818166
17818167
17818168
17818169
17818170
17818171
17818172
17818173
17818174
17818175
17818176
17818177
17818178
17818179
17818180
17818181
17818182
17818183
17818184
17818185
17818186
17818187
17818188
17818189
17818190
17818191
17818192
17818193
17818194
17818195
17818196
17818197
17818198
17818199
17818200
17818201
17818202
17818203
17818204
17818205
17818206
17818207
17818208
17818209
17818210
17818211
17818212
17818213
17818214
17818215
17818216
17818217
17818218
17818219
17818220
17818221
17818222
17818223
17818224
17818225
17818226
17818227
17818228
17818229
17818230
17818231
17818232
17818233
17818234
17818235
17818236
17818237
17818238
17818239
17818240
17818241
17818242
17818243
17818244
17818245
17818246
17818247
17818248
17818249
17818250
17818251
17818252
17818253
17818254
17818255
17818256
17818257
17818258
17818259
17818260
17818261
17818262
17818263
17818264
17818265
17818266
17818267
17818268
17818269
17818270
17818271
17818272
17818273
17818274
17818275
17818276
17818277
17818278
17818279
17818280
17818281
17818282
17818283
17818284
17821703
17821704
17821705
17821707
17821708
17821709
17821710
17821711
17821712
17821713
17821714
17821715
17821716
17821717
17821718
17821719
17821720
17821721
17821722
17821723
17821724
17821725
17821726
17821727
17821728
17821729
17821730
17821731
17821732
17821733
17821734
17821735
17821736
17821737
17825793
17825794
17825795
17825796
17825797
17825798
17825799
17825800
17825801
17825802
17825803
17825804
17825805
17825806
17825807
17825808
17825809
17825810
17825811
17825812
17825813
17825814
17825815
17825816
17825817
17825818
17825819
17825820
17825821
17825822
17825823
17825824
17825825
17825826
17825827
17825828
17825829
17825830
17825831
17825832
17825833
17825834
17825835
17825836
17825837
17825838
17825839
17825840
17825841
17825842
17825843
17825844
17825845
17825846
17825847
17825848
17825849
17825850
17825851
17825852
17825853
17825854
17825855
17825856
17825857
17825858
17825859
17825861
17825862
17825863
17825864
17825865
17825866
17825867
17825868
17825869
17825870
17825871
17825872
17825873
17825874
17825875
17825876
17825877
17825878
17825879
17825880
17825881
17825882
17825883
17825884
17825885
17825886
17825887
17825888
17825889
17825890
17825891
17825892
17825893
17825894
17825895
17825896
17825897
17825898
17825899
17825900
17825901
17825902
17825903
17825904
17825905
17825906
17825907
17825908
17825909
17825910
17825911
17825912
17825913
17825914
17825915
17825916
17825917
17825918
17825919
17825920
17825921
17825922
17825923
17825924
17825925
17825926
17825927
17825928
17825929
17825930
17825931
17825932
17825933
17825934
17825935
17825936
17825937
17825938
17825939
17825940
17825941
17825942
17825943
17825944
17825945
17825946
17825947
17825948
17825949
17825950
17825951
17825952
17825953
17825954
17825955
17825956
17825957
17825958
17825959
17825960
17825961
17825962
17825963
17825964
17825965
17825966
17825967
17825968
17825969
17825970
17825971
17825972
17825973
17825974
17825975
17825976
17825977
17825978
17825979
17825980
17825981
17825982
17825983
17825984
17825985
17825986
17825987
17825988
17825989
17825990
17825991
17825992
17825993
17825994
17825995
17825996
17825997
17825998
17825999
17826000
17826001
17826002
17826003
17826004
17826005
17826006
17826007
17826008
17826009
17826010
17826011
17826012
17826013
17826014
17826015
17826016
17826017
17826018
17826019
17826020
17826021
17826022
17826023
17826024
17826025
17826026
17826027
17826028
17826029
17826030
17826031
17826032
17826033
17826034
17826035
17826036
17826037
17826038
17826039
17826040
17826041
17826042
17826043
17826044
17826045
17826046
17826047
17826048
17826049
17826050
17826051
17826052
17826053
17826054
17826055
17826056
17826057
17826058
17826059
17826060
17826061
17826062
17826063
17826064
17826065
17826066
17826067
17826068
17826069
17826070
17826071
17826072
17826073
17826074
17826075
17826076
17826077
17826078
17826079
17826080
17826081
17826082
17826083
17826084
17826085
17826086
17826087
17826088
17826089
17826090
17826091
17826092
17826093
17826094
17826095
17826096
17826097
17826098
17826099
17826100
17826101
17826102
17826103
17826104
17826105
17826106
17826107
17826108
17826109
17826110
17826111
17826112
17826113
17826114
17826115
17826116
17826117
17826118
17826119
17826120
17826121
17826122
17826123
17826124
17826125
17826126
17826127
17826128
17826129
17826130
17826131
17826132
17826133
17826134
17826135
17826136
17826137
17826138
17826139
17826140
17826141
17826142
17826143
17826144
17826145
17826146
17826147
17826148
17826149
17826150
17826151
17826152
17826153
17826154
17826155
17826156
17826157
17826158
17826159
17826160
17826161
17826162
17826163
17826164
17826165
17826166
17826167
17826168
17826169
17826170
17826171
17826172
17826173
17826174
17826175
17826176
17826177
17826178
17826179
17826180
17826181
17826182
17826183
17826184
17826185
17826186
17826187
17826188
17826189
17829889
17829890
17829891
17829892
17829893
17829894
17829895
17829896
17829897
17829898
17829899
17829900
17829901
17829902
17829903
17829904
17829905
17829906
17829907
17829908
17829909
17829910
17829911
17829912
17829913
17829914
17829915
17829916
17829917
17829918
17829919
17829920
17829921
17829922
17829923
17829924
17829925
17829926
17829927
17829928
17829929
17829930
17829931
17829932
17829933
17829934
17829935
17829936
17829937
17829938
17829939
17829940
17829941
17829942
17829943
17829944
17829945
17829946
17829947
17829948
17829949
17829950
17829951
17829953
17829954
17829955
17829956
17829957
17829958
17829959
17829960
17829961
17829962
17829963
17829964
17829965
17829966
17829967
17829968
17829969
17829970
17829971
17829972
17829973
17829974
17829975
17829976
17829977
17829978
17829979
17829980
17829981
17829982
17829983
17829984
17829985
17829986
17829987
17829988
17829989
17829990
17829991
17829992
17829993
17829994
17829995
17829996
17829997
17829998
17829999
17830000
17830001
17830002
17830003
17830004
17830005
17830006
17830007
17830008
17830009
17830010
17830011
17830012
17830013
17830014
17830015
17830016
17830017
17830018
17830019
17830020
17830021
17830022
17830023
17830024
17830025
17830026
17830027
17830028
17830029
17830030
17830031
17830032
17830033
17830034
17830035
17830036
17830037
17830038
17830039
17830040
17830041
17830042
17830043
17830044
17830045
17830046
17830047
17830048
17830049
17830050
17830051
17830052
17830053
17830054
17830055
17830056
17830057
17830058
17830059
17830060
17830061
17830062
17830063
17830064
17830065
17830066
17830067
17830068
17830069
17830070
17830071
17830072
17830073
17830074
17830075
17830076
17830077
17830078
17830079
17830080
17830081
17830082
17830083
17830084
17830085
17830086
17830087
17830088
17830089
17830090
17830091
17830092
17830093
17830094
17830095
17830096
17830097
17830098
17830099
17830100
17830101
17830102
17830103
17830104
17830105
17830106
17830107
17830108
17830109
17830110
17830111
17830112
17830113
17830114
17830115
17830116
17830117
17830118
17830119
17830120
17830121
17830122
17830123
17830124
17830125
17830126
17830127
17830128
17830129
17830130
17830131
17830132
17830133
17830134
17830135
17830136
17830137
17830138
17830139
17830140
17830141
17830142
17830143
17830144
17830145
17830146
17830147
17830148
17830149
17830150
17830151
17830152
17830153
17830154
17830155
17830156
17830157
17830158
17830159
17830160
17830161
17830162
17830163
17830164
17830165
17830166
17830167
17830168
17830169
17830170
17830171
17830172
17830173
17830174
17830175
17830176
17830177
17830178
17830179
17830180
17830181
17830182
17830183
17830184
17830185
17830186
17830187
17830188
17830189
17830190
17830191
17830192
17830193
17830194
17830195
17830196
17830197
17830198
17830199
17830200
17830201
17830202
17830203
17830204
17830205
17830206
17830207
17830208
17830209
17830210
17830211
17830212
17830213
17830214
17830215
17830216
17830217
17830218
17830219
17830220
17830221
17830222
17830223
17830224
17830225
17830226
17830227
17830228
17830229
17830230
17830231
17830232
17830233
17830234
17830235
17830236
17830237
17830238
17830239
17830240
17830241
17830242
17830243
17830244
17830245
17830246
17830247
17830248
17830249
17830250
17830251
17830252
17830253
17830254
17830255
17830256
17830257
17830258
17834138
17834139
17834140
17834141
17834142
17834143
17834144
17834145
17834146
17834147
17834148
17834149
17834150
17834151
17834152
17834153
17834154
17834155
17834156
17834157
17834158
17834159
17834160
17834161
17834162
17834163
17834164
17834165
17834166
17834167
17834168
17834169
17834170
17834171
17834172
17834173
17834174
17834175
17834176
17834177
17834178
17834179
17834180
17834181
17834182
17834183
17834184
17834185
17834186
17834187
17834188
17834189
17834190
17834191
17834192
17834193
17834194
17834195
17834196
17834197
17834199
17834200
17834201
17834202
17834203
17834204
17834205
17834206
17834207
17834208
17834209
17834210
17834211
17834212
17834213
17834214
17834215
17834216
17834217
17834218
17834219
17834220
17834221
17834222
17834223
17834224
17834225
17834226
17834227
17834228
17834229
17834230
17834231
17834232
17834233
17834234
17834235
17834236
17834237
17834238
17834239
17834240
17834241
17834242
17834243
17834244
17834245
17834246
17834247
17834248
17834249
17834250
17834251
17834252
17834253
17834254
17834255
17834256
17834257
17834258
17834259
17834260
17834261
17834262
17834263
17834264
17834265
17834266
17834267
17834268
17834269
17834270
17834271
17834272
17834273
17834274
17834275
17834276
17834277
17834278
17834279
17834280
17834281
17834282
17834283
17834284
17834285
17834286
17834287
17834288
17834289
17834290
17834291
17834292
17834293
17834294
17834295
17834296
17834297
17834298
17834299
17834300
17834301
17834302
17834303
17834304
17834305
17834306
17834307
17834308
17834309
17834310
17834311
17834312
17834313
17834314
17834315
17834316
17834317
17834318
17834319
17834320
17834321
17834322
17834323
17834324
17834325
17834326
17834327
17834328
17834329
17834330
17834331
17834332
17834333
17834334
17834335
17834336
17834337
17834338
17834339
17834340
17834341
17834342
17834343
17834344
17834345
17834346
17834347
17834348
17834349
17834350
17834351
17834352
17834353
17834354
17834355
17834356
17834357
17834358
17834359
17834360
17834361
17834362
17834363
17834364
17834365
17834366
17834367
17834368
17834369
17834370
17834371
17834372
17834373
17834374
17834375
17834376
17834377
17838317
17838324
17838364
17838365
17838384
17838387
17838388
17838389
17838391
17838392
17838393
17838394
17838395
17838396
17838397
17838398
17838399
17838400
17838408
17838409
17838410
17838411
17838412
17838413
17838414
17838415
17838417
17838418
17838419
17838420
17838421
17838422
17838423
17838424
17838425
17838427
17838428
17838429
17838430
17838431
17838432
17838433
17838434
17842600
17842601
17842602
17842603
17842604
17842605
17842606
17842607
17842608
17842609
17842610
17842611
17842612
17842613
17842614
17842615
17842616
17842617
17842618
17842619
17842620
17842621
17842622
17842623
17842624
17842625
17842626
17842627
17842628
17842629
17842630
17842631
17842632
17842633
17842634
17842635
17842636
17842637
17842638
17842639
17842640
17842641
17842642
17842643
17842644
17842645
17842646
17842647
17842648
17842649
17842650
17842651
17842652
17842653
17842654
17842655
17842656
17842657
17842658
17842659
17842660
17842661
17842662
17842663
17842664
17842665
17842666
17842667
17842668
17842669
17842670
17842671
17842672
17842673
17842674
17842675
17842676
17842677
17842679
17842680
17842681
17842682
17842683
17842684
17842685
17842686
17842687
17842688
17842689
17842690
17842691
17842692
17842693
17842694
17842695
17842696
17842697
17842698
17842699
17842700
17842701
17842702
17842703
17842704
17842705
17842706
17842707
17842708
17842709
17842710
17842711
17842712
17842713
17842714
17842715
17842716
17842717
17842718
17842719
17842720
17842721
17842722
17842723
17842724
17842725
17842726
17842727
17842728
17842729
17842730
17842731
17842732
17842733
17842734
17842735
17842736
17842737
17842738
17842739
17842740
17842741
17842742
17842743
17842744
17842745
17842746
17842747
17842748
17842749
17842750
17842751
17842752
17842753
17842754
17842755
17842756
17842757
17842758
17846678
17846679
17846680
17846681
17846682
17846683
17846684
17846685
17846686
17846687
17846688
17846689
17846690
17846691
17846692
17846693
17846694
17846695
17846696
17846697
17846698
17846699
17846700
17846701
17846702
17846703
17846704
17846705
17846706
17846707
17846708
17846709
17846710
17846711
17846712
17846713
17846714
17846715
17846716
17846717
17846718
17846719
17846720
17846721
17846722
17846723
17846724
17846725
17846726
17846727
17846728
17846729
17846730
17846731
17846732
17846733
17846734
17846735
17846736
17846737
17846738
17846739
17846740
17846741
17846742
17846743
17846744
17846745
17846746
17846747
17846748
17846749
17846750
17846751
17846752
17846753
17846754
17846755
17846757
17846758
17846759
17846760
17846761
17846762
17846763
17846764
17846765
17846766
17846767
17846768
17846769
17846770
17846771
17846772
17846773
17846774
17846775
17846776
17846777
17846778
17846779
17846780
17846781
17846782
17846783
17846784
17846785
17846786
17846787
17846788
17846789
17846790
17846791
17846792
17846793
17846794
17846795
17846796
17846797
17846798
17846799
17846800
17846801
17846802
17846803
17846804
17846805
17846806
17846807
17846808
17846809
17846810
17846811
17846812
17846813
17846814
17846815
17846816
17846817
17846818
17846819
17846820
17846821
17846822
17846823
17846824
17846825
17846826
17846827
17846828
17846829
17846830
17846831
17846832
17846833
17846834
17846835
17846836
17846837
17846838
17846839
17846840
17846841
17846842
17846843
17846844
17846845
17846846
17846847
17846848
17846849
17846850
17846851
17846852
17846853
17846854
17846855
17846856
17846857
17846858
17846859
17846860
17846861
17846862
17846863
17846864
17846865
17846866
17846867
17846868
17846869
17846870
17850806
17850807
17850808
17850809
17850810
17850811
17850812
17850813
17850814
17850815
17850816
17850817
17850818
17850819
17850820
17850821
17850822
17850823
17850824
17850825
17850826
17850827
17850828
17850829
17850830
17850831
17850832
17850833
17850834
17850835
17850836
17850837
17850838
17850839
17850840
17850841
17850842
17850843
17850844
17850845
17850846
17850847
17850848
17850849
17850850
17850851
17850852
17850853
17850854
17850855
17850856
17850857
17850858
17850859
17850860
17850861
17850862
17850863
17850864
17850865
17850866
17850867
17850868
17850869
17850870
17850871
17850873
17850874
17850875
17850876
17850877
17850878
17850879
17850880
17850881
17850882
17850883
17850884
17850885
17850886
17850887
17850888
17850889
17850890
17850891
17850892
17850893
17850894
17850895
17850896
17850897
17850898
17850899
17850900
17850901
17850902
17850903
17850904
17850905
17850906
17850907
17850908
17850909
17850910
17850911
17850912
17850913
17850914
17850915
17850916
17850917
17850918
17850919
17850920
17850921
17850922
17850923
17850924
17850925
17850926
17850927
17850928
17850929
17850930
17850931
17850932
17850933
17850934
17850935
17850936
17850937
17850938
17850939
17850940
17850941
17850942
17850943
17850944
17850945
17850946
17850947
17850948
17850949
17850950
17850951
17850952
17850953
17850954
17850955
17850956
17850957
17850958
17850959
17850960
17850961
17850962
17850963
17850964
17850965
17850966
17850967
17850968
17850969
17850970
17850971
17850972
17850973
17850974
17850975
17850976
17850977
17850978
17850979
17850980
17850981
17850982
17850983
17850984
17850985
17850986
17850987
17850988
17850989
17850990
17850991
17850992
17850993
17850994
17850995
17850996
17850997
17854866
17854867
17854868
17854869
17854870
17854871
17854872
17854873
17854874
17854875
17854876
17854877
17854878
17854879
17854880
17854881
17854882
17854883
17854884
17854885
17854886
17854887
17854888
17854889
17854890
17854891
17854892
17854893
17854894
17854895
17854896
17854897
17854898
17854899
17854900
17854901
17854902
17854903
17854904
17854905
17854906
17854907
17854908
17854909
17854910
17854911
17854912
17854913
17854914
17854915
17854916
17854917
17854918
17854919
17854920
17854921
17854922
17854923
17854924
17854925
17854926
17854927
17854928
17854929
17854930
17854931
17854932
17854933
17854934
17854935
17854936
17854938
17854939
17854940
17854941
17854942
17854943
17854944
17854945
17854946
17854947
17854948
17854949
17854950
17854951
17854952
17854953
17854954
17854955
17854956
17854957
17854958
17854959
17854960
17854961
17854962
17854963
17854964
17854965
17854966
17854967
17854968
17854969
17854970
17854971
17854972
17854973
17854974
17854975
17854976
17854977
17854978
17854979
17854980
17854981
17854982
17854983
17854984
17854985
17854986
17854987
17854988
17854989
17854990
17854991
17854992
17854993
17854994
17854995
17854996
17854997
17854998
17854999
17855000
17855001
17855002
17855003
17855004
17855005
17855006
17855007
17855008
17855009
17855010
17855011
17855012
17855013
17855014
17855015
17855016
17855017
17855018
17855019
17855020
17855021
17855022
17855023
17855024
17855025
17855026
17855027
17855028
17855029
17855030
17855031
17855032
17855033
17855034
17855035
17855036
17855037
17855038
17855039
17855040
17855041
17855042
17855043
17855044
17855045
17855046
17855047
17855048
17855049
17855050
17855051
17855052
17855053
17855054
17855055
17855056
17855057
17855058
17855059
17855060
17855061
17855062
17855063
17855064
17855065
17855066
17855067
17855068
17855069
17855070
17855071
17855072
17855073
17855074
17855075
17855076
17855077
17855078
17855079
17855080
17855081
17855082
17855083
17855084
17855085
17855086
17855087
17855088
17855089
17855090
17855091
17855092
17855093
17855094
17855095
17855096
17855097
17855098
17855099
17855100
17855101
17855102
17855103
17855104
17855105
17855106
17855107
17855108
17855109
17855110
17855111
17855112
17855113
17855114
17855115
17855116
17855117
17855118
17855119
17859082
17859286
17859287
17859290
17859291
17859353
17859354
17859355
17859356
17859357
17859358
17859359
17859360
17859361
17859362
17859370
17859371
17859372
17859373
17859374
17859375
17859376
17859377
17859379
17859380
17859381
17859382
17859383
17859384
17859385
17859386
17859387
17859389
17859390
17859391
17859392
17859393
17859394
17859395
17859396
17859397
17863298
17863299
17863300
17863301
17863302
17863303
17863304
17863305
17863306
17863307
17863308
17863309
17863310
17863311
17863312
17863313
17863314
17863315
17863316
17863317
17863318
17863319
17863320
17863321
17863322
17863323
17863324
17863325
17863326
17863327
17863328
17863329
17863330
17863331
17863332
17863333
17863334
17863335
17863336
17863337
17863338
17863339
17863340
17863341
17863342
17863343
17863344
17863345
17863346
17863347
17863348
17863349
17863350
17863351
17863352
17863353
17863354
17863355
17863356
17863357
17863358
17863359
17863360
17863361
17863362
17863363
17863364
17863365
17863366
17863367
17863368
17863369
17863371
17863372
17863373
17863374
17863375
17863376
17863377
17863378
17863379
17863380
17863381
17863382
17863383
17863384
17863385
17863386
17863387
17863388
17863389
17863390
17863391
17863392
17863393
17863394
17863395
17863396
17863397
17863398
17863399
17863400
17863401
17863402
17863403
17863404
17863405
17863406
17863407
17863408
17863409
17863410
17863411
17863412
17863413
17863414
17863415
17863416
17863417
17863418
17863419
17863420
17863421
17863422
17863423
17863424
17863425
17863426
17863427
17863428
17863429
17863430
17863431
17863432
17863433
17863434
17863435
17863436
17863437
17863438
17863439
17863440
17863441
17863442
17863443
17863444
17863445
17863446
17863447
17863448
17863449
17863450
17863451
17863452
17863453
17863454
17863455
17863456
17863457
17863458
17863459
17863460
17863461
17863462
17863463
17863464
17863465
17863466
17863467
17863468
17863469
17863470
17863471
17863472
17863473
17863474
17863475
17863476
17863477
17863478
17863479
17863480
17863481
17863482
17863483
17863484
17863485
17863486
17863487
17863488
17863489
17863490
17863491
17863492
17863493
17863494
17863495
17863496
17863497
17863498
17863499
17863500
17863501
17863502
17863503
17863504
17863505
17863506
17863507
17867067
17867068
17867069
17867070
17867071
17867072
17867073
17867074
17867075
17867076
17867077
17867078
17867079
17867080
17867081
17867082
17867083
17867084
17867085
17867086
17867087
17867088
17867089
17867090
17867091
17867092
17867093
17867094
17867095
17867096
17867097
17867098
17867099
17867100
17867101
17867102
17867103
17867104
17867105
17867106
17867107
17867108
17867109
17867110
17867111
17867112
17867113
17867114
17867115
17867116
17867117
17867118
17867119
17867120
17867121
17867122
17867123
17867124
17867125
17867126
17867127
17867128
17867129
17867130
17867131
17867132
17867134
17867135
17867136
17867137
17867138
17867139
17867140
17867141
17867142
17867143
17867144
17867145
17867146
17867147
17867148
17867149
17867150
17867151
17867152
17867153
17867154
17867155
17867156
17867157
17867158
17867159
17867160
17867161
17867162
17867163
17867164
17867165
17867166
17867167
17867168
17867169
17867170
17867171
17867172
17867173
17867174
17867175
17867176
17867177
17867178
17867179
17867180
17867181
17867182
17867183
17867184
17867185
17867186
17867187
17867188
17867189
17867190
17867191
17867192
17867193
17867194
17867195
17867196
17867197
17867198
17867199
17867200
17867201
17867202
17867203
17867204
17867205
17867206
17867207
17867208
17867209
17867210
17867211
17867212
17867213
17867214
17867215
17867216
17867217
17867218
17867219
17867220
17867221
17867222
17867223
17867224
17867225
17867226
17867227
17867228
17867229
17867230
17867231
17867232
17867233
17867234
17867235
17867236
17867237
17867238
17867239
17867240
17867241
17867242
17867243
17867244
17867245
17867246
17867247
17867248
17867249
17867250
17867251
17867252
17867253
17867254
17867255
17867256
17867257
17867258
17867259
17867260
17867261
17867262
17867263
17867264
17867265
17867266
17867267
17867268
17867269
17867270
17867271
17867272
17871106
17871107
17871108
17871109
17871110
17871111
17871112
17871113
17871114
17871115
17871116
17871117
17871118
17871119
17871120
17871121
17871122
17871123
17871124
17871125
17871126
17871127
17871128
17871129
17871130
17871131
17871132
17871133
17871134
17871135
17871136
17871137
17871138
17871139
17871140
17871141
17871142
17871143
17871144
17871145
17871146
17871147
17871148
17871149
17871150
17871151
17871152
17871153
17871154
17871155
17871156
17871157
17871158
17871159
17871160
17871161
17871162
17871163
17871164
17871165
17871166
17871167
17871168
17871169
17871170
17871171
17871173
17871174
17871175
17871176
17871177
17871178
17871179
17871180
17871181
17871182
17871183
17871184
17871185
17871186
17871187
17871188
17871189
17871190
17871191
17871192
17871193
17871194
17871195
17871196
17871197
17871198
17871199
17871200
17871201
17871202
17871203
17871204
17871205
17871206
17871207
17871208
17871209
17871210
17871211
17871212
17871213
17871214
17871215
17871216
17871217
17871218
17871219
17871220
17871221
17871222
17871223
17871224
17871225
17871226
17871227
17871228
17871229
17871230
17871231
17871232
17871233
17871234
17871235
17871236
17871237
17871238
17871239
17871240
17871241
17871242
17871243
17871244
17871245
17871246
17871247
17871248
17871249
17871250
17871251
17871252
17871253
17871254
17871255
17871256
17871257
17871258
17871259
17871260
17871261
17871262
17871263
17875234
17875235
17875236
17875237
17875238
17875239
17875240
17875241
17875242
17875243
17875244
17875245
17875246
17875247
17875248
17875249
17875250
17875251
17875252
17875253
17875254
17875255
17875256
17875257
17875258
17875259
17875260
17875261
17875262
17875263
17875264
17875265
17875266
17875267
17875268
17875269
17875270
17875271
17875272
17875273
17875274
17875275
17875276
17875277
17875278
17875279
17875280
17875281
17875282
17875283
17875284
17875285
17875286
17875287
17875288
17875289
17875290
17875291
17875292
17875293
17875294
17875295
17875296
17875297
17875298
17875299
17875300
17875301
17875302
17875303
17875304
17875305
17875307
17875308
17875309
17875310
17875311
17875312
17875313
17875314
17875315
17875316
17875317
17875318
17875319
17875320
17875321
17875322
17875323
17875324
17875325
17875326
17875327
17875328
17875329
17875330
17875331
17875332
17875333
17875334
17875335
17875336
17875337
17875338
17875339
17875340
17875341
17875342
17875343
17875344
17875345
17875346
17875347
17875348
17875349
17875350
17875351
17875352
17875353
17875354
17875355
17875356
17875357
17875358
17875359
17875360
17875361
17875362
17875363
17875364
17879324
17879325
17879326
17879327
17879328
17879329
17879330
17879331
17879332
17879333
17879334
17879335
17879336
17879337
17879338
17879339
17879340
17879341
17879342
17879343
17879344
17879345
17879346
17879347
17879348
17879349
17879350
17879351
17879352
17879353
17879354
17879355
17879356
17879357
17879358
17879359
17879360
17879361
17879362
17879363
17879364
17879365
17879366
17879367
17879368
17879369
17879370
17879371
17879372
17879373
17879374
17879375
17879376
17879377
17879378
17879379
17879380
17879381
17879382
17879383
17879384
17879385
17879386
17879387
17879388
17879389
17879391
17879392
17879393
17879394
17879395
17879396
17879397
17879398
17879399
17879400
17879401
17879402
17879403
17879404
17879405
17879406
17879407
17879408
17879409
17879410
17879411
17879412
17879413
17879414
17879415
17879416
17879417
17879418
17879419
17879420
17879421
17879422
17879423
17879424
17879425
17879426
17879427
17879428
17879429
17879430
17879431
17879432
17879433
17879434
17879435
17879436
17879437
17879438
17879439
17879440
17879441
17879442
17883750
17883751
17883752
17883753
17883754
17883755
17883756
17883757
17883758
17883759
17883760
17883761
17883762
17883763
17883764
17883765
17883766
17883767
17883768
17883769
17883770
17883771
17883772
17883773
17883774
17883775
17883776
17883777
17883778
17883779
17883780
17883781
17883782
17883783
17883784
17883785
17883786
17883787
17883788
17883789
17883790
17883791
17883792
17883793
17883794
17883795
17883796
17883797
17883798
17883799
17883800
17883801
17883802
17883803
17883804
17883805
17883806
17883807
17883808
17883809
17883810
17883811
17883812
17883813
17883814
17883815
17883816
17883817
17883818
17883819
17883820
17883821
17883823
17883824
17883825
17883826
17883827
17883828
17883829
17883830
17883831
17883832
17883833
17883834
17883835
17883836
17883837
17883838
17883839
17883840
17883841
17883842
17883843
17883844
17883845
17883846
17883847
17883848
17883849
17883850
17883851
17883852
17883853
17883854
17883855
17883856
17883857
17883858
17883859
17883860
17883861
17883862
17883863
17883864
17883865
17883866
17883867
17883868
17883869
17883870
17883871
17883872
17883873
17883874
17883875
17883876
17883877
17883878
17883879
17883880
17883881
17883882
17883883
17883884
17883885
17883886
17883887
17883888
17883889
17883890
17883891
17883892
17883893
17883894
17883895
17883896
17883897
17883898
17883899
17883900
17883901
17883902
17883903
17883904
17883905
17883906
17883907
17883908
17883909
17883910
17883911
17883912
17883913
17883914
17883915
17883916
17883917
17883918
17883919
17883920
17883921
17883922
17883923
17883924
17883925
17883926
17883927
17883928
17883929
17883930
17883931
17883932
17883933
17883934
17883935
17883936
17883937
17883938
17883939
17883940
17883941
17883942
17883943
17883944
17883945
17883946
17883947
17883948
17883949
17883950
17883951
17883952
17883953
17883954
17883955
17883956
17883957
17883958
17883959
17883960
17883961
17883962
17883963
17883964
17883965
17883966
17883967
17883968
17883969
17883970
17883971
17883972
17883973
17883974
17883975
17883976
17883977
17883978
17883979
17883980
17883981
17883982
17883983
17883984
17883985
17888105
17888106
17888156
17888157
17888171
17888172
17888173
17888174
17888175
17888176
17888177
17888178
17888179
17888180
17888181
17888182
17888183
17888184
17888185
17888186
17888187
17888189
17888190
17888191
17888192
17888193
17888194
17888195
17888196
17888197
17888198
17888206
17888207
17888208
17888209
17888210
17888211
17888212
17888213
17888215
17888216
17888217
17888218
17888219
17888220
17888221
17888222
17888223
17888225
17888226
17888227
17888228
17888229
17888230
17888231
17888232
17888233
17888234
17888235
17888236
17888237
17888238
17888239
17888240
17891629
17891630
17891631
17891632
17891633
17891634
17891635
17891636
17891637
17891638
17891639
17891640
17891641
17891642
17891643
17891644
17891645
17891646
17891647
17891648
17891649
17891650
17891651
17891652
17891653
17891654
17891655
17891656
17891657
17891658
17891659
17891660
17891661
17891662
17891663
17891664
17891665
17891666
17891667
17891668
17891669
17891670
17891671
17891672
17891673
17891674
17891675
17891676
17891677
17891678
17891679
17891680
17891681
17891682
17891683
17891684
17891685
17891686
17891687
17891688
17891689
17891690
17891691
17891692
17891693
17891694
17891696
17891697
17891698
17891699
17891700
17891701
17891702
17891703
17891704
17891705
17891706
17891707
17891708
17891709
17891710
17891711
17891712
17891713
17891714
17891715
17891716
17891717
17891718
17891719
17891720
17891721
17891722
17891723
17891724
17891725
17891726
17891727
17891728
17891729
17891730
17891731
17891732
17891733
17891734
17891735
17891736
17891737
17891738
17891739
17891740
17891741
17891742
17891743
17891744
17891745
17891746
17891747
17891748
17891749
17891750
17891751
17891752
17891753
17891754
17891755
17891756
17891757
17891758
17895788
17895789
17895790
17895791
17895792
17895793
17895794
17895795
17895796
17895797
17895798
17895799
17895800
17895801
17895802
17895803
17895804
17895805
17895806
17895807
17895808
17895809
17895810
17895811
17895812
17895813
17895814
17895815
17895816
17895817
17895818
17895819
17895820
17895821
17895822
17895823
17895824
17895825
17895826
17895827
17895828
17895829
17895830
17895831
17895832
17895833
17895834
17895835
17895836
17895837
17895838
17895839
17895840
17895841
17895842
17895843
17895844
17895845
17895846
17895847
17895848
17895849
17895850
17895851
17895852
17895853
17895855
17895856
17895857
17895858
17895859
17895860
17895861
17895862
17895863
17895864
17895865
17895866
17895867
17895868
17895869
17895870
17895871
17895872
17895873
17895874
17895875
17895876
17895877
17895878
17895879
17895880
17895881
17895882
17895883
17895884
17895885
17895886
17895887
17895888
17895889
17895890
17895891
17895892
17895893
17895894
17895895
17895896
17895897
17895898
17895899
17895900
17895901
17895902
17895903
17895904
17895905
17895906
17895907
17899860
17899861
17899862
17899863
17899864
17899865
17899866
17899867
17899868
17899869
17899870
17899871
17899872
17899873
17899874
17899875
17899876
17899877
17899878
17899879
17899880
17899881
17899882
17899883
17899884
17899885
17899886
17899887
17899888
17899889
17899890
17899891
17899892
17899893
17899894
17899895
17899896
17899897
17899898
17899899
17899900
17899901
17899902
17899903
17899904
17899905
17899906
17899907
17899908
17899909
17899910
17899911
17899912
17899913
17899914
17899915
17899916
17899917
17899918
17899919
17899920
17899921
17899922
17899923
17899924
17899925
17899926
17899927
17899928
17899929
17899930
17899932
17899933
17899934
17899935
17899936
17899937
17899938
17899939
17899940
17899941
17899942
17899943
17899944
17899945
17899946
17899947
17899948
17899949
17899950
17899951
17899952
17899953
17899954
17899955
17899956
17899957
17899958
17899959
17899960
17899961
17899962
17899963
17899964
17899965
17899966
17899967
17899968
17899969
17899970
17899971
17899972
17899973
17899974
17899975
17899976
17899977
17899978
17899979
17899980
17899981
17899982
17899983
17899984
17899985
17899986
17899987
17899988
17899989
17899990
17899991
17899992
17899993
17899994
17899995
17899996
17899997
17899998
17899999
17900000
17900001
17900002
17900003
17900004
17900005
17900006
17900007
17900008
17900009
17900010
17900011
17900012
17900013
17900014
17900015
17900016
17900017
17900018
17900019
17900020
17900021
17900022
17900023
17900024
17900025
17900026
17900027
17900028
17900029
17900030
17900031
17900032
17900033
17900034
17900035
17900036
17900037
17900038
17900039
17900040
17900041
17900042
17900043
17900044
17900045
17900046
17900047
17900048
17900049
17900050
17900051
17900052
17900053
17900054
17900055
17900056
17900057
17903917
17903918
17903919
17903920
17903921
17903922
17903930
17903931
17903932
17903933
17903934
17903935
17903936
17903937
17903938
17903939
17903947
17903948
17903949
17903950
17903951
17903952
17903953
17903954
17903955
17903956
17903957
17903958
17903960
17903961
17903962
17903963
17903964
17903965
17903966
17903967
17908170
17908171
17908172
17908173
17908174
17908175
17908176
17908177
17908178
17908179
17908180
17908181
17908182
17908183
17908184
17908185
17908186
17908187
17908188
17908189
17908190
17908191
17908192
17908193
17908194
17908195
17908196
17908197
17908198
17908199
17908200
17908201
17908202
17908203
17908204
17908205
17908206
17908207
17908208
17908209
17908210
17908211
17908212
17908213
17908214
17908215
17908216
17908217
17908218
17908219
17908220
17908221
17908222
17908223
17908224
17908225
17908226
17908227
17908228
17908230
17908231
17908232
17908233
17908234
17908235
17908236
17908237
17908238
17908239
17908240
17908241
17908242
17908243
17908244
17908245
17908246
17908247
17908248
17908249
17908250
17908251
17908252
17908253
17908254
17908255
17908256
17908257
17908258
17908259
17908260
17908261
17908262
17908263
17908264
17908265
17908266
17908267
17908268
17908269
17908270
17908271
17908272
17908273
17908274
17908275
17908276
17908277
17911939
17911940
17911941
17911942
17911943
17911944
17911973
17911974
17911975
17911976
17911977
17911978
17911980
17911982
17911989
17911990
17911991
17911992
17911993
17911994
17911995
17911996
17911997
17911998
17911999
17912000
17912001
17912002
17912003
17912004
17912005
17912006
17912007
17912008
17912009
17912010
17912011
17912012
17912013
17912014
17912015
17912016
17912017
17912018
17912019
17912020
17912021
17912022
17912023
17912024
17912025
17912026
17912027
17912034
17912035
17915910
17915917
17915918
17915920
17915921
17915922
17915923
17915924
17915925
17915926
17915927
17915928
17920050
17920057
17920067
17920068
17920069
17920070
17920071
17920072
17920073
17920074
17920075
17924097
17924098
17924099
17924100
17924102
17924103
17924104
17924105
17924106
17924107
17924108
17924109
17924110
17924111
17924112
17924113
17924114
17924115
17924116
17924117
17924118
17924119
17924120
17924121
17924122
17924123
17924124
17924125
17924126
17924127
17924128
17924129
17924130
17924131
17924132
17924133
17924134
17924135
17924136
17924137
17924138
17924139
17924140
17924141
17924142
17924143
17924144
17924145
17924146
17924147
17924148
17924149
17924150
17924151
17924152
17924153
17924154
17924155
17924156
17924157
17924158
17924159
17924160
17924161
17924162
17924163
17924164
17924165
17924166
17924167
17924168
17924169
17924170
17924171
17924172
17924173
17924174
17924175
17924176
17924177
17924178
17924179
17924180
17924181
17924182
17924183
17924184
17924185
17924186
17924187
17924188
17924189
17924190
17924191
17924192
17924193
17924194
17924195
17924196
17924197
17924198
17924199
17924200
17924201
17924202
17924203
17924204
17924205
17924206
17924207
17924208
17924209
17924210
17924211
17924212
17924213
17924214
17924215
17924216
17924217
17924218
17924219
17924220
17924221
17924222
17924223
17924224
17924225
17924226
17924227
17924228
17924229
17924230
17924231
17924232
17924233
17924234
17924235
17924236
17924237
17924238
17924239
17924240
17924241
17924242
17924243
17924244
17924245
17924246
17924247
17924248
17924249
17924250
17924251
17924252
17924253
17924254
17924255
17924256
17924257
17924258
17924259
17924260
17924261
17924262
17924263
17924264
17924265
17924266
17924267
17924268
17924269
17924270
17924271
17924272
17924273
17924274
17924275
17924276
17924277
17924278
17924279
17924280
17924281
17924282
17924283
17928194
17928195
17928196
17928197
17928198
17928199
17928200
17928201
17928202
17928203
17928204
17928205
17928206
17928207
17928208
17928209
17928210
17928211
17928212
17928213
17928214
17928215
17928216
17928217
17928218
17928219
17928220
17928221
17928222
17928223
17928224
17928225
17928226
17928227
17928228
17928229
17928230
17928231
17928232
17928233
17928234
17928235
17928236
17928237
17928238
17928239
17928240
17928241
17928242
17928243
17928244
17928245
17928246
17928247
17928248
17928249
17928250
17928251
17928252
17928253
17928254
17928255
17928256
17928257
17928258
17928259
17928260
17928261
17928262
17928263
17928264
17928265
17928266
17928267
17928268
17928269
17928270
17928271
17928272
17928273
17928274
17928275
17928276
17928277
17928278
17928279
17928280
17932294
17932295
17932296
17932297
17932298
17932299
17932300
17932301
17932302
17932303
17932304
17932305
17932306
17932307
17932308
17932309
17936386
17936387
17936388
17936389
17936390
17936391
17936392
17936393
17936394
17936396
17936397
17936398
17936399
17936400
17936401
17936402
17936403
17936404
17936406
17936407
17936408
17936409
17936410
17936411
17936412
17936413
17936414
17936415
17936416
17936417
17936418
17936419
17936420
17936421
17936422
17936423
17936424
17936425
17936426
17936427
17936428
17940481
17940482
17940483
17940484
17940485
17940486
17940487
17940488
17940489
17940490
17940491
17940492
17940493
17940494
17940495
17940496
17940497
17940498
17940499
17940500
17940501
17940502
17940503
17940504
17940505
17940506
17940507
17940508
17940509
17940510
17940511
17940512
17940513
17940514
17940515
17940516
17940517
17940518
17940519
17940520
17940521
17940522
17940523
17940524
17940525
17940526
17940527
17940528
17940529
17940530
17940531
17940532
17940533
17940534
17944577
17944578
17944579
17944580
17944581
17944582
17944583
17944584
17944585
17944586
17944587
17944588
17944589
17944590
17944591
17944592
17944593
17944594
17944595
17944596
17944597
17944598
17944599
17944600
17944601
17944602
17944603
17952868
17952880
17952884
17952885
17952888
17952889
17952894
17952895
17952896
17952897
17952898
17952899
17952901
17952902
17952903
17952904
17952905
17952906
17952907
17952908
17957410
17957411
17957412
17957413
17957414
17957416
17957417
17957418
17957419
17957420
17957421
17957422
17957423
17957424
17957425
17957426
17957427
17957428
17957429
17957430
17957431
17957432
17957433
17957434
17957435
17957436
17957437
17957438
17957439
17957440
17957441
17957442
17957443
17957444
17957445
17957446
17957447
17957448
17957449
17957450
17957451
17957452
17957453
17957454
17957455
17957456
17957457
17957458
17957459
17957460
17957461
17957462
17957463
17957464
17957465
17957466
17957467
17957468
17957469
17957470
17957471
17957472
17957473
17957474
17957475
17957476
17957477
17957478
17957479
17957480
17957481
17957482
17957483
17957484
17957485
17957486
17957487
17957488
17957489
17957490
17957491
17957492
17957493
17957494
17957495
17957496
17957497
17957498
17957499
17957500
17961651
17961652
17961653
17961654
17961656
17961657
17961658
17961659
17961660
17961661
17961662
17961663
17961664
17961665
17961666
17961667
17961668
17961669
17961670
17961671
17961672
17961673
17961674
17961675
17961676
17961677
17961678
17961679
17961680
17961681
17961682
17961683
17961684
17961685
17961686
17961687
17961688
17961689
17961690
17961691
17961692
17961693
17961694
17961695
17961696
17961697
17961698
17961699
17961700
17961701
17961702
17961703
17961704
17961705
17961706
17961707
17961708
17961709
17961710
17961711
17961712
17961713
17961714
17961715
17961716
17961717
17961718
17961719
17961720
17961721
17961722
17961723
17961724
17961725
17961726
17961727
17961728
17961729
17961730
17961731
17961732
17961733
17961734
17961735
17961736
17961737
17961738
17961739
17961740
17961741
17961742
17961743
17961744
17961745
17961746
17961747
17961748
17961749
17961750
17961751
17961752
17961753
17961754
17961755
17961756
17961757
17961758
17961759
17961760
17961761
17961762
17961763
17961764
17961765
17961766
17961767
17961768
17961769
17961770
17961771
17961772
17961773
17961774
17961775
17961776
17961777
17961778
17965060
17965061
17965069
17965070
17965071
17965072
17965073
17965074
17965075
17965076
17965077
17965078
17965079
17965080
17965081
17965082
17965083
17965084
17965085
17965086
17965087
17965088
17965089
17965090
17965091
17965092
17965093
17969882
17969883
17969884
17969885
17969886
17969887
17969889
17969890
17969891
17969892
17969893
17969894
17969895
17969896
17969897
17969898
17969899
17969900
17969901
17969902
17969903
17969904
17969905
17969906
17969907
17969908
17969909
17969910
17969911
17969912
17969913
17969914
17969915
17969916
17969917
17969918
17969919
17969920
17969921
17969922
17969923
17969924
17969925
17969926
17969927
17969928
17969929
17969930
17969931
17969932
17969933
17969934
17969935
17969936
17969937
17969938
17969939
17969940
17969941
17969942
17969943
17969944
17969945
17969946
17969947
17969948
17969949
17969950
17969951
17969952
17969953
17969954
17969955
17969956
17969957
17969958
17969959
17969960
17969961
17969962
17969963
17969964
17969965
17969966
17969967
17969968
17969969
17969970
17969971
17969972
17969973
17969974
17969975
17969976
17969977
17969978
17969979
17969980
17969981
17969982
17969983
17969984
17969985
17969986
17969987
17969988
17969989
17969990
17969991
17969992
17969993
17969994
17969995
17969996
17969997
17969998
17969999
17970000
17970001
17970002
17970003
17970004
17970005
17970006
17970007
17970008
17970009
17970010
17970011
17970012
17970013
17970014
17970015
17970016
17970017
17970018
17970019
17970020
17970021
17970022
17970023
17970024
17970025
17970026
17970027
17970028
17970029
17970030
17970031
17970032
17970033
17970034
17970035
17970036
17970037
17970038
17970039
17970040
17970041
17970042
17970043
17970044
17970045
17970046
17970047
17970048
17970049
17970050
17970051
17970052
17970053
17970054
17970055
17970056
17970057
17970058
17970059
17970060
17970061
17970062
17970063
17970064
17970065
17970066
17970067
17970068
17970069
17970070
17970071
17970072
17973449
17973450
17973451
17973452
17973453
17973454
17973455
17973456
17973457
17973458
17973459
17973460
17973461
17973462
17973463
17973464
17973465
17973466
17973467
17973468
17973469
17973470
17973471
17973472
17973473
17973474
17973475
17973476
17973477
17973478
17973479
17973480
17973481
17973482
17973483
17973484
17973485
17973486
17973487
17973488
17973489
17973490
17973491
17973492
17973493
17973494
17973495
17973496
17973563
17973564
17973572
17973573
17973574
17973575
17973576
17973577
17973578
17973579
17973580
17973581
17973582
17977345
17977346
17977347
17977348
17977349
17977350
17977351
17977352
17977353
17977354
17977355
17977356
17977357
17977358
17977359
17977360
17977361
17977362
17977363
17977364
17977365
17977366
17977367
17977368
17977369
17977370
17977371
17977372
17977373
17977374
17977375
17977376
17977377
17977378
17977379
17977380
17977381
17977382
17977383
17977384
17977385
17977386
17977387
17977388
17977389
17977390
17977391
17977392
17977393
17977394
17977395
17977396
17977397
17977398
17977399
17977460
17977461
17977462
17977463
17977464
17977465
17977466
17977467
17977468
17977469
17977470
17977471
17977472
17977473
17977474
17977475
17977476
17977477
17977478
17977479
17977480
17977481
17977482
17977483
17977484
17977485
17977486
17977487
17977488
17977489
17977490
17977491
17977492
17977494
17977495
17977496
17977497
17977498
17977499
17977500
17977501
17977502
17977503
17977504
17977505
17977506
17977507
17977508
17977509
17977510
17977511
17977512
17977513
17977514
17977515
17977516
17977517
17977518
17977519
17977520
17977521
17977522
17977523
17977524
17977525
17977526
17977527
17977528
17977529
17977530
17977531
17977532
17977533
17977534
17977535
17977536
17977537
17977538
17977539
17977540
17977541
17977542
17977543
17977544
17977545
17977546
17982267
17982268
17982269
17982271
17982272
17982273
17982274
17982275
17982276
17982277
17982278
17982279
17982280
17982281
17982282
17982283
17986355
17986356
17986357
17986359
17986360
17986361
17986362
17986363
17986364
17986365
17986366
17986367
17986368
17986369
17986370
17986371
17986372
17990454
17990455
17990456
17990458
17990459
17990460
17990461
17990462
17990463
17990464
17990465
17990466
17990467
17990468
17990469
17990470
17990471
17994516
17994517
17994518
17994520
17994521
17994522
17994523
17994524
17994525
17994526
17994527
17994528
17994529
17994530
17994531
17994532
17994533
17997874
17997881
17997891
17997892
17997893
17997894
17997895
17997896
17997897
17997898
17997899
18001944
18001951
18001952
18001954
18001955
18001956
18001957
18001958
18001959
18001960
18001961
18001962
20873267
20873268
20873364
20873365
20873366
20873367
20873368
20873369
20873370
20873371
20873372
20873373
20873374
20873375
20873376
20873377
20873378
20873379
20873380
20873381
20873382
20873383
20873384
20873385
20873386
20873387
20873388
20873389
20873390
20873391
20873392
20873393
20873395
20873396
20873397
20873398
20873399
20873400
20873401
20873402
20873403
20873404
20873405
20873406
20873407
20873408
20873409
20873410
20873411
20873412
20873413
20873414
20873415
20873416
20873417
20873418
20873419
20873420
20873421
20873422
20873423
20873424
20873425
20873426
20873427
20873428
20873429
20873430
20873437
20873438
20873439
20873440
20873441
20873442
20873443
20873444
20873445
20873446
20873447
20873448
20873449
20873450
20873451
20873452
20873453
20873454
20873455
20873456
20873457
20873458
20873459
20873460
20873461
20873462
20873463
20873464
20873465
20873466
20873467
20873468
20873469
20873470
20873471
20873472
20873473
20873474
20873475
20873476
20873477
20873478
20873479
20873480
20873481
20873482
20873483
20873484
20873485
20873486
20873487
20873488
20873489
20873490
20873491
20873492
20873493
20873494
20873495
20873496
20873497
20873498
20873499
20873500
20873501
20873502
20873503
20873504
20873505
20873506
20873507
20873508
20873509
20873510
20873511
20873512
20873513
20873514
20873515
20873516
20873517
20877363
20877364
20877366
20877367
20877368
20877369
20877370
20877371
20877378
20877379
20877380
20877381
20877382
20877383
20877384
20877385
20877386
20877387
20877388
20877389
20877390
20877391
20877392
20877393
20877394
20877395
20877396
20877397
20877398
20877399
20877400
20877401
20877402
20877403
20877404
20877405
20877406
20877407
20877408
20877409
20877410
20877411
20877412
20877413
20877414
20877415
20877416
20877417
20877418
20877419
20877420
20877421
20877422
20877423
20877424
20877425
20877426
20877427
20877428
20877429
20877430
20877431
20877432
20877433
20877434
20877435
20877436
20877437
20877438
20877439
20877440
20877441
20877442
20877443
20877444
20877445
20877446
20877447
20877448
20877449
20877450
20877451
20877452
20877453
20877454
20877455
20877456
20877457
20877458
20881502
20881503
20881504
20881505
20881507
20881508
20881509
20881510
20881511
20881512
20881513
20881514
20881515
20881522
20881523
20881524
20881525
20881526
20881527
20881528
20881529
20881530
20881531
20881532
20881533
20881534
20881535
20881536
20881537
20881538
20881539
20881540
20881541
20881542
20881543
20881544
20881545
20881546
20881547
20881548
20881549
20881550
20881551
20881552
20881553
20881554
20881555
20881556
20881557
20881558
20881559
20881560
20881561
20881562
20881563
20881564
20881565
20881566
20881567
20881568
20881569
20881570
20881571
20881572
20881573
20881574
20881575
20881576
20881577
20881578
20881579
20881580
20881581
20881582
20881583
20881584
20881585
20881586
20881587
20881588
20881589
20881590
20881591
20881592
20881593
20881594
20881595
20881596
20881597
20881598
20881599
20881600
20881601
20881602
20885641
20885642
20885643
20885644
20885645
20885646
20885647
20885648
20885649
20885650
20885651
20885652
20885653
20885654
20885655
20885656
20885657
20885658
20885659
20885660
20885661
20885662
20885663
20885664
20885665
20885666
20885667
20885668
20885669
20885670
20885671
20885672
20885673
20885674
20885675
20885676
20885677
20885678
20885679
20885680
20885681
20885682
20885683
20885684
20885685
20885686
20885687
20885688
20885689
20885690
20885691
20885692
20885693
20885694
20885695
20885696
20885697
20885698
20885699
20885700
20885701
20885702
20885703
20885704
20885705
20885706
20885707
20885708
20885709
20885710
20885711
20885712
20885713
20885714
20885715
20885716
20885717
20885718
20885719
20885720
20885721
20885722
20885723
20885724
20885725
20885726
20885727
20885728
20885729
20885730
20885731
20885732
20885733
20885734
20885735
20885736
20885737
20885738
20885739
20885740
20885741
20885742
20885743
20885744
20885745
20885746
20885747
20885748
20885749
20885750
20885751
20885752
20885753
20885754
20885755
20885756
20885757
20885758
20885759
20885760
20885761
20885762
20885763
20885764
20885765
20885766
20885767
20885768
20885769
20885770
20885771
20885772
20885773
20885774
20885775
20885776
20885777
20885778
20885779
20885780
20885781
20885782
20885783
20885784
20885785
20885786
20885787
20885788
20885789
20885790
20885791
20885792
20885793
20885794
20885795
20885796
20885797
20885798
20885804
20885805
20885806
20885807
20885808
20885809
20885810
20885811
20885812
20885813
20885814
20885815
20885816
20885817
20885818
20885819
20885820
20885821
20885822
20885823
20885824
20885825
20885826
20885827
20885828
20885829
20885830
20885831
20885832
20885833
20885834
20885835
20885836
20885837
20885838
20885839
20885840
20885841
20885842
20885843
20885844
20885845
20885846
20885847
20885848
20885849
20885850
20885851
20885852
20885853
20885854
20885855
20885856
20885857
20885858
20885859
20885860
20885861
20885862
20885863
20885864
20885865
20885866
20885867
20885868
20885869
20885870
20885871
20885872
20885873
20885874
20885875
20885876
20885877
20885878
20885879
20885880
20885881
20885882
20885883
20885884
20885885
20885886
20885887
20885895
20885896
20885897
20885898
20885899
20885900
20885901
20889736
20889737
20889738
20889739
20889740
20889741
20889742
20889743
20889744
20889745
20889746
20889747
20889748
20889749
20889750
20889751
20889758
20889759
20889760
20889761
20889762
20889763
20889764
20889765
20889766
20889767
20889768
20889769
20889770
20889771
20889772
20889773
20889774
20889775
20889776
20889777
20889778
20889779
20889780
20889781
20889782
20889783
20889784
20889785
20889786
20889787
20889788
20889789
20889790
20889791
20889792
20889793
20889794
20889795
20889796
20889797
20889798
20889799
20889800
20889801
20889802
20889803
20889804
20889805
20889806
20889807
20889808
20889809
20889810
20889811
20889812
20889813
20889814
20889815
20889816
20889817
20889818
20889819
20889820
20889821
20889822
20889823
20889824
20889825
20889826
20889827
20889828
20889829
20889830
20889831
20889832
20889833
20889834
20889835
20889836
20889837
20889838
20889839
20889840
20889841
20889842
20889843
20889844
20889845
20889846
20889847
20889848
20889850
20889851
20889852
20889853
20889854
20889855
20889857
20889858
20889862
20893697
20893698
20893796
20893797
20893798
20893799
20893800
20893801
20893802
20893803
20893804
20893805
20893806
20893807
20893808
20893809
20893810
20893811
20893812
20893813
20893814
20893815
20893816
20893817
20893818
20893819
20893820
20893852
20893859
20893860
20893861
20893862
20893863
20893864
20893865
20893866
20893867
20893868
20893869
20893870
20893871
20893872
20893873
20893874
20893875
20893876
20893877
20893878
20893879
20893880
20893881
20893882
20893883
20893884
20893885
20893886
20893887
20893888
20893889
20893890
20893891
20893892
20893893
20893894
20893895
20893896
20893897
20893898
20893899
20893900
20893901
20893902
20893903
20893904
20893905
20893906
20893907
20893908
20893909
20893910
20893911
20893912
20893913
20893914
20893915
20893916
20893917
20893918
20893919
20893920
20893921
20893922
20893923
20893924
20893925
20893926
20893927
20893928
20893929
20893930
20893931
20893932
20893933
20893934
20893935
20893936
20893937
20893938
20893939
20893940
20893941
20893942
20893943
20893944
20893945
20893946
20893947
20893948
20893949
20893950
20893951
20893952
20893953
20893954
20893955
20893956
20893957
20893958
20893959
20893960
20893961
20893962
20893963
20893964
20893965
20893966
20893967
20893968
20893969
20893970
20893971
20893972
20893973
20893974
20893975
20893976
20893977
20893978
20893979
20893980
20893981
20893982
20893983
20893984
20893985
20893986
20893987
20893988
20893989
20893990
20893991
20893992
20893993
20893994
20893995
20893996
20893997
20893998
20893999
20894000
20894001
20894002
20894003
20894004
20894005
20894006
20894007
20894008
20894009
20894010
20894011
20894012
20894013
20894014
20894015
20894016
20894017
20894018
20894019
20894020
20894021
20894022
20894023
20894024
20894025
20894026
20894027
20894028
20894029
20894030
20894031
20894032
20894033
20894034
20894035
20894036
20894037
20894038
20894039
20894040
20894041
20894042
20894043
20894044
20894045
20894046
20894047
20894048
20894049
20894050
20894051
20894052
20894053
20894054
20894055
20894056
20894057
20894058
20894059
20894060
20894061
20897793
20897838
20897839
20897840
20897847
20897848
20897849
20897850
20897851
20897852
20897853
20897854
20897855
20897856
20897857
20897858
20897859
20897860
20897861
20897862
20897863
20897864
20897865
20897866
20897867
20897868
20897869
20897870
20897871
20897872
20897873
20897874
20897875
20897876
20897877
20897878
20897879
20897880
20897881
20897882
20897883
20897884
20897885
20897886
20897887
20897888
20897889
20897890
20897891
20897892
20897893
20897894
20897895
20897896
20897897
20897898
20897899
20897900
20897901
20897902
20897903
20897904
20897905
20897906
20897907
20897908
20897909
20897910
20897911
20897912
20897913
20897914
20897915
20897916
20897917
20897918
20897919
20897920
20897921
20897922
20897923
20897924
20897925
20897926
20897927
20901909
20901910
20901912
20901919
20901920
20901921
20901922
20901923
20901924
20901925
20901926
20901927
20901928
20901929
20901930
20901931
20901932
20901933
20901934
20901935
20901936
20901937
20901938
20901939
20901940
20901941
20901942
20901943
20901944
20901945
20901946
20901947
20901948
20901949
20901950
20901951
20901952
20901953
20901954
20901955
20901956
20901957
20901958
20901959
20901960
20901961
20901962
20901963
20901964
20901965
20901966
20901967
20901968
20901969
20901970
20901971
20901972
20901973
20901974
20901975
20901976
20901977
20901978
20901979
20901980
20901981
20901982
20901983
20901984
20901985
20901986
20901987
20901988
20901989
20901990
20901991
20901992
20901993
20901994
20901995
20901996
20901997
20901998
20901999
20902000
20902001
20902002
20902003
20902004
20902005
20902006
20902007
20902008
20902009
20902010
20902011
20902012
20902013
20902014
20902015
20902016
20902017
20902018
20902019
20902020
20902021
20902022
20902023
20902024
20902025
20902026
20902027
20902028
20902029
20902030
20902031
20902032
20902033
20905996
20905997
20905998
20905999
20906006
20906007
20906008
20906009
20906010
20906011
20906012
20906013
20906014
20906015
20906016
20906017
20906018
20906019
20906020
20906021
20906022
20906023
20906024
20906025
20906026
20906027
20906028
20906029
20906030
20906031
20906032
20906033
20906034
20906035
20906036
20906037
20906038
20906039
20906040
20906041
20906042
20906043
20906044
20906045
20906046
20906047
20906048
20906049
20906050
20906051
20906052
20906053
20906054
20906055
20906056
20906057
20906058
20906059
20906060
20906061
20906062
20906063
20906064
20906065
20906066
20906067
20906068
20906069
20906070
20906071
20906072
20906073
20906074
20906075
20906076
20906077
20906078
20906079
20906080
20906081
20906082
20906083
20906084
20906085
20906086
20906087
20906088
20910176
20910177
20910178
20910179
20910180
20910181
20910182
20910183
20910184
20910191
20910192
20910193
20910194
20910195
20910196
20910197
20910198
20910199
20910200
20910201
20910202
20910203
20910204
20910205
20910206
20910207
20910208
20910209
20910210
20910211
20910212
20910213
20910214
20910215
20910216
20910217
20910218
20910219
20910220
20910221
20910222
20910223
20910224
20910225
20910226
20910227
20910228
20910229
20910230
20910231
20910232
20910233
20910234
20910235
20910236
20910237
20910238
20910239
20910240
20910241
20910242
20910243
20910244
20910245
20910246
20910247
20910248
20910249
20910250
20910251
20910252
20910253
20910254
20910255
20910256
20910257
20910258
20910259
20914249
20914250
20914251
20914252
20914253
20914254
20914255
20914256
20914257
20914264
20914265
20914266
20914267
20914268
20914269
20914270
20914271
20914272
20914273
20914274
20914275
20914276
20914277
20914278
20914279
20914280
20914281
20914282
20914283
20914284
20914285
20914286
20914287
20914288
20914289
20914290
20914291
20914292
20914293
20914294
20914295
20914296
20914297
20914298
20914299
20914300
20914301
20914302
20914303
20914304
20914305
20914306
20914307
20914308
20914309
20914310
20914311
20914312
20914313
20914314
20914315
20914316
20914317
20914318
20914319
20914320
20914321
20914322
20914323
20914324
20914325
20914326
20914327
20914328
20914329
20914330
20914331
20914332
20914333
20918377
20918384
20918385
20918386
20918387
20918388
20918389
20918390
20918391
20918392
20918393
20918394
20918395
20918396
20918397
20918398
20918399
20918400
20918401
20918402
20918403
20918404
20918405
20918406
20918407
20918408
20918409
20918410
20918411
20918412
20918413
20918414
20918415
20918416
20918417
20918418
20918419
20918420
20918421
20918422
20918423
20918424
20918425
20918426
20918427
20918428
20918429
20918430
20918431
20918432
20918433
20918434
20918435
20918436
20918437
20918438
20918439
20918440
20918441
20918442
20918443
20918444
20918445
20918446
20918447
20918448
20918449
20918450
20918451
20918452
20918453
20922475
20922476
20922477
20922478
20922485
20922486
20922487
20922488
20922489
20922490
20922491
20922492
20922493
20922494
20922495
20922496
20922497
20922498
20922499
20922500
20922501
20922502
20922503
20922504
20922505
20922506
20922507
20922508
20922509
20922510
20922511
20922512
20922513
20922514
20922515
20922516
20922517
20922518
20922519
20922520
20922521
20922522
20922523
20922524
20922525
20922526
20922527
20922528
20922529
20922530
20922531
20922532
20922533
20922534
20922535
20922536
20922537
20922538
20922539
20922540
20922541
20922542
20922543
20922544
20922545
20922546
20922547
20922548
20922549
20922550
20922551
20922552
20922553
20922554
20922555
20922556
20922557
20922558
20922559
20922560
20922561
20922562
20922563
20922564
20922565
20922566
20922567
20922568
20922569
20922570
20922571
20922572
20922573
20922574
20922575
20922576
20922577
20922578
20922579
20922580
20922581
20922582
20926577
20926578
20926585
20926586
20926587
20926588
20926589
20926590
20926591
20926592
20926593
20926594
20926595
20926596
20926597
20926598
20926599
20926600
20926601
20926602
20926603
20926604
20926605
20926606
20926607
20926608
20926609
20926610
20926611
20926612
20926613
20926614
20926615
20926616
20926617
20926618
20926619
20926620
20926621
20926622
20926623
20926624
20926625
20926626
20926627
20926628
20926629
20926630
20926631
20926632
20926633
20926634
20926635
20926636
20926637
20926638
20926639
20926640
20926641
20926642
20926643
20926644
20926645
20926646
20926647
20926648
20926649
20926650
20926651
20926652
20930642
20930643
20930644
20930645
20930646
20930647
20930648
20930649
20930650
20930651
20930652
20930659
20930660
20930661
20930662
20930663
20930664
20930665
20930666
20930667
20930668
20930669
20930670
20930671
20930672
20930673
20930674
20930675
20930676
20930677
20930678
20930679
20930680
20930681
20930682
20930683
20930684
20930685
20930686
20930687
20930688
20930689
20930690
20930691
20930692
20930693
20930694
20930695
20930696
20930697
20930698
20930699
20930700
20930701
20930702
20930703
20930704
20930705
20930706
20930707
20930708
20930709
20930710
20930711
20930712
20930713
20930714
20930715
20930716
20930717
20930718
20930719
20930720
20930721
20930722
20930723
20930724
20930725
20930726
20934752
20934753
20934754
20934755
20934756
20934757
20934764
20934765
20934766
20934767
20934768
20934769
20934770
20934771
20934772
20934773
20934774
20934775
20934776
20934777
20934778
20934779
20934780
20934781
20934782
20934783
20934784
20934785
20934786
20934787
20934788
20934789
20934790
20934791
20934792
20934793
20934794
20934795
20934796
20934797
20934798
20934799
20934800
20934801
20934802
20934803
20934804
20934805
20934806
20934807
20934808
20934809
20934810
20934811
20934812
20934813
20934814
20934815
20934816
20934817
20934818
20934819
20934820
20934821
20934822
20934823
20934824
20934825
20934826
20934827
20934828
20934829
20934830
20934831
20934832
20934833
20938853
20938854
20938855
20938856
20938857
20938858
20938859
20938860
20938861
20938862
20938863
20938870
20938871
20938872
20938873
20938874
20938875
20938876
20938877
20938878
20938879
20938880
20938881
20938882
20938883
20938884
20938885
20938886
20938887
20938888
20938889
20938890
20938891
20938892
20938893
20938894
20938895
20938896
20938897
20938898
20938899
20938900
20938901
20938902
20938903
20938904
20938905
20938906
20938907
20938908
20938909
20938910
20938911
20938912
20938913
20938914
20938915
20938916
20938917
20938918
20938919
20938920
20938921
20938922
20938923
20938924
20938925
20938926
20938927
20938928
20938929
20938930
20938931
20938932
20938933
20938934
20938935
20938936
20938937
20938938
20938939
20938940
20938941
20938942
20938943
20938944
20938945
20938946
20938947
20938948
20938949
20938950
20938951
20938952
20938953
20938954
20938955
20938956
20938957
20938958
20938959
20938960
20938961
20938962
20938963
20938964
20938965
20938966
20942955
20942956
20942957
20942958
20942965
20942966
20942967
20942968
20942969
20942970
20942971
20942972
20942973
20942974
20942975
20942976
20942977
20942978
20942979
20942980
20942981
20942982
20942983
20942984
20942985
20942986
20942987
20942988
20942989
20942990
20942991
20942992
20942993
20942994
20942995
20942996
20942997
20942998
20942999
20943000
20943001
20943002
20943003
20943004
20943005
20943006
20943007
20943008
20943009
20943010
20943011
20943012
20943013
20943014
20943015
20943016
20943017
20943018
20943019
20943020
20943021
20943022
20943023
20943024
20943025
20943026
20943027
20943028
20943029
20943030
20943031
20943032
20943033
20943034
20943035
20943036
20943037
20943038
20943039
20943040
20943041
20943042
20943043
20943044
20943045
20943046
20943047
20943048
20943049
20943050
20943051
20943052
20943053
20943054
20943055
20943056
20943057
20943058
20943059
20943060
20943061
20943062
20947057
20947058
20947064
20947066
20947067
20947068
20947069
20947070
20947071
20947072
20947073
20947074
20947075
20947076
20947077
20947078
20947079
20947080
20947081
20947082
20947083
20947084
20947085
20947086
20947087
20947088
20947089
20947090
20947091
20947092
20947093
20947094
20947095
20947096
20947097
20947098
20947099
20947100
20947101
20947102
20947103
20947104
20947105
20947106
20947107
20947108
20947109
20947110
20947111
20947112
20947113
20947114
20947115
20947116
20947117
20947118
20947119
20947120
20947121
20947122
20947123
20947124
20947125
20947126
20947127
20947128
20947129
20947130
20947131
20947132
20947133
20951577
20951583
20951593
20951594
20951595
20951596
20951597
20951598
20951599
20951600
20951601
20951602
20951603
20951604
20951605
20951606
20951607
20951608
20951609
20951610
20951611
20951612
20951613
20951614
20951615
20951616
20951617
20951618
20951619
20951620
20951621
20951622
20951623
20951624
20951625
20951626
20951627
20951628
20951629
20951630
20951631
20951632
20951633
20951634
20951635
20951636
20951637
20951638
20951639
20951640
20951641
20951642
20951643
20951644
20951645
20951646
20951647
20951648
20951649
20951650
20951651
20951652
20951653
20951654
20951655
20951656
20951657
20951658
20951659
20951660
20951661
20951662
20951663
20951664
20951665
20951666
20951667
20951668
20951669
20951670
20951671
20951672
20951673
20951674
20951675
20951676
20951677
20951678
20951679
20951680
20951681
20951682
20951683
20951684
20951685
20951686
20951687
20951688
20951689
20951690
20951691
20955673
20955679
20955689
20955690
20955691
20955692
20955693
20955694
20955695
20955696
20955697
20955698
20955699
20955700
20955701
20955702
20955703
20955704
20955705
20955706
20955707
20955708
20955709
20955710
20955711
20955712
20955713
20955714
20955715
20955716
20955717
20955718
20955719
20955720
20955721
20955722
20955723
20955724
20955725
20955726
20955727
20955728
20955729
20955730
20955731
20955732
20955733
20955734
20955735
20955736
20955737
20955738
20955739
20955740
20955741
20955742
20955743
20955744
20955745
20955746
20955747
20955748
20955749
20955750
20955751
20955752
20955753
20955754
20955755
20955756
20955757
20955758
20955759
20955760
20955761
20955762
20955763
20955764
20955765
20955766
20955767
20955768
20955769
20955770
20955771
20955772
20955773
20955774
20955775
20955776
20955777
20955778
20955779
20955780
20955781
20955782
20955783
20955784
20955785
20955786
20955787
20959872
20959878
20959888
20959889
20959890
20959891
20959892
20959893
20959894
20959895
20959896
20959897
20959898
20959899
20959900
20959901
20959902
20959903
20959904
20959905
20959906
20959907
20959908
20959909
20959910
20959911
20959912
20959913
20959914
20959915
20959916
20959917
20959918
20959919
20959920
20959921
20959922
20959923
20959924
20959925
20959926
20959927
20959928
20959929
20959930
20959931
20959932
20959933
20959934
20959935
20959936
20959937
20959938
20959939
20959940
20959941
20959942
20959943
20959944
20959945
20959946
20959947
20959948
20959949
20959950
20959951
20959952
20959953
20959954
20959955
20959956
20959957
20959958
20959959
20959960
20959961
20959962
20959963
20959964
20959965
20959966
20959967
20959968
20959969
20959970
20959971
20959972
20959973
20959974
20963968
20963974
20963984
20963985
20963986
20963987
20963988
20963989
20963990
20963991
20963992
20963993
20963994
20963995
20963996
20963997
20963998
20963999
20964000
20964001
20964002
20964003
20964004
20964005
20964006
20964007
20964008
20964009
20964010
20964011
20964012
20964013
20964014
20964015
20964016
20964017
20964018
20964019
20964020
20964021
20964022
20964023
20964024
20964025
20964026
20964027
20964028
20964029
20964030
20964031
20964032
20964033
20964034
20964035
20964036
20964037
20964038
20964039
20964040
20964041
20964042
20964043
20964044
20964045
20964046
20964047
20964048
20964049
20964050
20964051
20964052
20964053
20964054
20964055
20964056
20964057
20964058
20964059
20964060
20964061
20964062
20964063
20964064
20964065
20964066
20964067
20964068
20964069
20964070
20967963
20967969
20967979
20967980
20967981
20967982
20967983
20967984
20967985
20967986
20967987
20967988
20967989
20967990
20967991
20967992
20967993
20967994
20967995
20967996
20967997
20967998
20967999
20968000
20968001
20968002
20968003
20968004
20968005
20968006
20968007
20968008
20968009
20968010
20968011
20968012
20968013
20968014
20968015
20968016
20968017
20968018
20968019
20968020
20968021
20968022
20968023
20968024
20968025
20968026
20968027
20968028
20968029
20968030
20968031
20968032
20968033
20968034
20968035
20968036
20968037
20968038
20972059
20972065
20972075
20972076
20972077
20972078
20972079
20972080
20972081
20972082
20972083
20972084
20972085
20972086
20972087
20972088
20972089
20972090
20972091
20972092
20972093
20972094
20972095
20972096
20972097
20972098
20972099
20972100
20972101
20972102
20972103
20972104
20972105
20972106
20972107
20972108
20972109
20972110
20972111
20972112
20972113
20972114
20972115
20972116
20972117
20972118
20972119
20972120
20972121
20972122
20972123
20972124
20972125
20972126
20972127
20972128
20972129
20972130
20972131
20972132
20972133
20972134
20975691
20975697
20975707
20975708
20975709
20975710
20975711
20975712
20975713
20975714
20975715
20975716
20975717
20975718
20979787
20979793
20979803
20979804
20979805
20979806
20979807
20979808
20979809
20979810
20979811
20979812
20979813
20979814
20983876
20983883
20983884
20983885
20983886
20983887
20983888
20983889
20983890
20983891
20983892
20987908
20987915
20987916
20987917
20987918
20987919
20987920
20987921
20987922
20987923
20987924
20992034
20992041
20992042
20992043
20992044
20992045
20992046
20992047
20992048
20992049
20992050
20996097
20996098
20996099
20996100
20996101
20996102
20996103
20996104
20996105
20996106
20996107
20996108
20996109
20996110
20996111
20996112
20996113
20996114
20996115
20996116
20996117
20996118
20996119
20996120
20996121
20996122
20996123
20996124
20996125
20996126
20996127
20996128
20996129
20996130
20996131
20996132
20996133
20996134
20996135
20996136
20996137
20996138
20996139
20996140
20996141
20996142
20996143
20996144
20996145
20996146
20996147
20996897
20996904
20996905
20996906
20996907
20996908
20996909
20996910
20996911
20996912
20996913
20996914
20996915
20996916
20996917
20996918
20996919
20996920
20996921
20996922
20996923
20996924
20996925
20996926
20996927
20996928
20996929
20996930
20996931
20996932
20996933
20996934
20996935
20996936
20996942
20996943
20996944
20996945
20996946
20996947
20996948
20996949
20996950
20996951
20996952
20996953
20996954
20996955
20996956
20996957
20996959
20996960
20996961
20996962
20996973
20996974
20996975
20996976
20996977
20996978
20996979
20996980
20996981
20996982
21000193
21000194
21000195
21000196
21000197
21000198
21000199
21000200
21000201
21000202
21000203
21000204
21000205
21000206
21000207
21000208
21000209
21000210
21000211
21000212
21000213
21000214
21000215
21000216
21000217
21000218
21000219
21000220
21000221
21000222
21000223
21000224
21000225
21000226
21000227
21000228
21000229
21000230
21000231
21000232
21000233
21000234
21000235
21000236
21000237
21000238
21000239
21000240
21000241
21000242
21000243
21000993
21001000
21001001
21001002
21001003
21001004
21001005
21001006
21001007
21001008
21001009
21001010
21001011
21001012
21001013
21001014
21001015
21001016
21001017
21001018
21001019
21001020
21001021
21001022
21001023
21001024
21001025
21001026
21001027
21001028
21001029
21001030
21001031
21001032
21001038
21001039
21001040
21001041
21001042
21001043
21001044
21001045
21001046
21001047
21001048
21001049
21001050
21001051
21001052
21001053
21001055
21001056
21001057
21001058
21001069
21001070
21001071
21001072
21001073
21001074
21001075
21001076
21001077
21001078
21004289
21004290
21004291
21004292
21004293
21004294
21004295
21004296
21004297
21004298
21004299
21004300
21004301
21004302
21004303
21004304
21004305
21004306
21004307
21004308
21004309
21004310
21004311
21004312
21004313
21004314
21004315
21004316
21004317
21004318
21004319
21004320
21004321
21004322
21004323
21004324
21004325
21004326
21004327
21004328
21004329
21004330
21004331
21004332
21004333
21004334
21004335
21004336
21004337
21004338
21004339
21005089
21005096
21005097
21005098
21005099
21005100
21005101
21005102
21005103
21005104
21005105
21005106
21005107
21005108
21005109
21005110
21005111
21005112
21005113
21005114
21005115
21005116
21005117
21005118
21005119
21005120
21005121
21005122
21005123
21005124
21005125
21005126
21005127
21005128
21005134
21005135
21005136
21005137
21005138
21005139
21005140
21005141
21005142
21005143
21005144
21005145
21005146
21005147
21005148
21005149
21005151
21005152
21005153
21005154
21005165
21005166
21005167
21005168
21005169
21005170
21005171
21005172
21005173
21005174

Present in npc_icons.lua but not in LSB npc_list.sql:
--------------------------------
??? Warmachine
??? Warmachine (S)
1st Div. Legatus Berger
1st Gold Musketeer
1st Iron Musketeer
1st Legion Aidman
1st Legion Mercenary
1st Legion Reiter
1st Legionnaire
2nd Div. Legatus Eichberg
2nd Legion Grenadier
2nd Legion Scout
2nd Legionnaire
3rd Div. Invincible Shield
3rd Legionnaire
4th Legionnaire
7th Cohor Legionnaire
8th Iron Musketeer
A.M.A.N. Liaison
A.M.A.N. Reclaimer
Aaveleon
Aaveleon (A)
Abbudin
Abby Jalunshi
Abd-al-Raziq
Abda-Lurabda
Abeaule
Abelard
Abenzio
Abhrem
Abihaal
Abioleget
Abobo
Abquhbah
Acacia
Ace of Batons
Ace of Batons (S)
Ace of Coins (S)
Ace of Cups
Ace of Cups (S)
Ace of Swords
Ace of Swords (S)
Ace of Wands
Achantere, T.K.
Achika
Achtelle
Ada
Ada (A)
Adalefont
Adaunel
Addison, C.A.
Addled Fetters
Adeben
Adeeha
Adelbrecht
Adelflete
Adelheid
Adelheid Sturm
Adelinde
Adelise
Adjutant
Adjutant (Bastok)
Adjutant (Windurst)
Adolie
Adrasteia
Adrian
Adrienaure
Adventuring Fellow
Aeka
Aengus
Aeshushu
Afdeen
Affi
Agado-Pugado
Agapito
Agatsum
Aged Stone, L.C.
Ahaadah
Ahgdeen
Ahkk Jharcham
Ahko Mhalijikhari
Ahyeekih
Aigneis
Aihn Sowlmirih
Ailbeche
Ailee
Ailevia
Aishah
Aissaville
Aivedoir
Aja-Panja
Ajahkeem
Ajen-Myoojen
Ajen-Myoojen (S)
Ajido-Marujido
Ajido-Marujido (A)
Ajido-Marujido (S)
Ajimo-Majimo, W.W.
Ajithaam
Akamafula
Akane, I.M.
Akane, I.M. (Beaucedine Glacier)
Akane, I.M. (Meriphataud Mountains)
Ake
Akee Yonji
Akkeke
Akta
Akta (A)
Aladoverre
Aladoverre (A)
Alaixion
Alangriche
Alaric
Alaune
Alberic
Albin
Albinie
Albiona
Albrecht
Aldo
Aleria
Alert Gaze
Alexander (NPC)
Alexius
Alfene
Alfesar
Alfred
Alianne
Alib-Mufalib
Alienor
Aligi-Kufongi
Alisa (A)
Alista
Alivatand
Alizabe
Allaipre
Allard
Allied Armored Belfry
Allied Belfry
Allied Ensign
Allied Mantelet
Almid
Alois
Aloysius, I.M.
Alphollon C Meriard
Alphonimile
Alphonserme
Alrauverat
Alrauverat (A)
Alreage, R.K.
Altair
Altana
Altennia
Altiret
Alystair
Amaduralle
Amagusa-Chigurusa
Amaja-Kumaja
Amajal
Amalanbraux
Amalasanda
Amaliya, C.A.
Amar
Amar (A)
Amarefice
Amaura
Amaura (A)
Amaury
Ambitious Arnold
Ambleon
Ambrosius
Ambrotien
Amchuchu
Amfafa
Amhu Sabaroleka
Amimi
Amnaf
Ampiro-Mapiro
Amulya
Amutiyaal
An Polaali
An Shanaa
Anaconda Mercenary Major Vashai
Anastase
Ancestry Moogle
Andagge
Andalliot
Andecia
Andelain
Andelmine
Andrause
Andreas
Andreine
Angelica
Angieurol
Angry Bull
Angry Bull (S)
Angry Goat
Anguenet
Anguysh
Anguysh (A)
Anieuvansand
Anilla
Anillah
Anini
Anja-Enja
Annabelle
Anneliese
Annika
Anoki
Anomaly Expert
Anoop
Ansegusele
Anselme
Answald
Anteurephiaux
Antiqix
Antje
Anton
Antonia
Antonian
Antreneau
Anxaberoute
Aora-Uora
Apairemant
Aphmau
Apolliane
Apollyon Furnace
Apollyon Operator
Appollonia
Apstaule
Apururu
Apururu (A)
Aquarian Caster
Aquarian Master Caster Kayeel-Payeel
Aquila
Aquillina
Arachagnon
Aragoneu Knight
Aramaviont
Aramu-Paramu
Aravoge, T.K.
Arawn
Arbitrix
Archanne
Arciela
Ardea
Ardea (A)
Ardrick
Areebah
Arenuel
Areuhat
Argus (A)
Argus (NPC)
Ari-Barali
Arienh
Ariesan Master Caster Lutete
Ariesian Caster
Ark Angel EV
Ark Angel GK
Ark Angel HM
Ark Angel MR
Ark Angel TT
Arlayse, R.K.
Arlenne
Arminibit
Arnau
Aromu-Oromu
Aroro
Arpetion
Arpevion, T.K.
Arquil
Arsha
Artinien
Artisan Moogle
Artush
Arukoko
Arva
Arvilauge
Arzizah
Ashene
Ashmea B Greinner
Ashrakk
Ashu Bolkhomo
Asolmieu
Aspiring Adventurer
Asrahd
Assai Nybaem
Astrid, I.M.
Atagei-Portagei
Atarefaunet
Atelloune
Atiza
Atma Fabricant
Atma Infusionist
Atmacite Refiner
Atokoko
Atomos (NPC)
Atoranne
Atori-Tutori
Atrevaux
Attarena
Aubejart
Auchefort
Audee
Audia
Audibert
Augevinne
Augu-Maugu
August Adoulin
Aulavia
Aulavia (A)
Aurege
Aurelius
Aurfet
Aurhi Rhatelo
Auroral Alicorn
Auspicious Ajattara
Auspicious Cub
Auspicious Tiger
Auspicious Tigress
Authere
Autouria
Auvare
Avandale
Aveline
Avijit
Awaheen
Ayame
Ayame (A)
Aymeric, T.K.
Aystise
Azainnie
Azette
Azima
Azima (S)
Aznahf
Azo
Baa
Babban Ny Mheillea
Babenn
Babubu
Bacherume
Baehu-Faehu
Bagnobrok
Baha Mannohl
Baha Mannohl (A)
Bahamut
Baitabriq
Bajahb
Baladanzo
Baladanzo (A)
Balakaf
Balamor
Balarahb
Balasiel
Bald Aurochs
Baldric
Baldric (A)
Balgamirob
Balih Chavizaai
Balkehr
Ballie, R.K.
Balrahn Eidolon
Balthilda
Bammiro, I.M.
Banege, R.K.
Banjanu
Bapokk
Baraka
Baran
Baren-Moren
Barenngo
Barnabas
Barnett, C.A.
Bartabaq
Bartholomaus
Bartholomaus Krueger
Bartolomeo
Barton, C.A.
Bashraf
Basmus
Bastion Fighter
Bastion Mage
Bastion Prefect
Basweema
Bataron
Battal
Baudin
Baunise
Baya Hiramayuh
Beadurinc
Bearer of Darkness
Beastman Ensign
Bebibi
Bebo Jhatabia
Behsa Alehgo
Belgidiveau
Belgidiveau (A)
Belizieg
Belka
Belligerent Sheep
Bellowing Scout
Bellue
Benaige
Benita
Benjamien
Benjamin
Berangere
Berengein
Berghent
Beriphaule
Bernahn
Bernal
Bernegeois
Bernhard
Berstrogus
Bertenont
Besieged/Besieged Allies
Beugungel
Beyzen
Bhagirath
Bharifhal
Bheem
Bheva Grantih
Bhi Telifahgo
Bhio Fehriata
Bhjaama
Bhoratz
Bhoy Yhupplo
Bhoyu Halpatacco
Bhukka Sahbeo
Bibokk-Molbukk
Big Harvest
Big Harvest (A)
Biggorf
Biggorf (A)
Biggorf (S)
Bihoro-Guhoro
Bikho Ronpotteh
Bilp
Bin Stejihna
Binding Tube (Mob)
Biora
Bistillot
Biwhal
Biyaada
Bjibar
Bki Tbujhja
Blabbivix
Black Badge Mamool Ja
Black Mine (Mob)
Black Mud
Blamor
Blandine
Blank Card
Blatherix
Blayne
Blazing Lizard, L.C.
Blendare
Blingbrix
Blue Badge Mamool Ja
Bluffnix
Bodaway
Boffin
Bogharg
Bogharg (A)
Boirie
Boisterous Jackal
Boizo-Naizo
Bompupu
Bonanza Moogle
Bonarpant
Bonarpant (A)
Bonbavour, R.K.
Bonchacha
Boncort
Bondada
Bongo
Bonmaurieut
Boo Kyeko the Ironfaith
Bopa Greso
Bopa Greso (A)
Borghertz
Borghest
Boris
Bornahn
Boronene
Bostillette
Bottomless Gorge
Bou the Righteous
Bouncebix
Bountibox
Bountiful Bunny
Boycoco
Boytz
Bozack
Bozz
Braga
Brakobrik
Bramwell
Brandolf
Brave Ox
Brave Wolf
Bravo
Breanainn
Brenna
Brenton
Bretta
Brezit-Kyorgul
Brian
Bricorsant
Brifalien
Bright Moon
Brita
Brugaire
Brugaire (A)
Brujeel
Brunhilde
Bruno
Brutus
Brutus (A)
Brygid
Brygid (A)
Bryher
Bubchu-Bibinchu, W.W.
Bubupp
Buburoon
Buchi Kohmrijah
Buffalostalker Dodzbraz
Bujahwa
Bulging Crate
Buliame, R.K.
Bulolo
Bumimi
Bunta
Buntz
Burnished Bones
Burrow Investigator
Burrow Researcher
Burute-Sorute
Butsutsu, W.W.
Bwi Kaghonsa
Cacaroon
Cadet Woundpatcher I
Cadet Woundpatcher II
Cadet Woundpatcher III
Cadwyn
Cafe Maid
Caffie
Cahaurme
Caiphimonride
Cait Sith
Cait Sith (Combined)
Cait Sith (V)
Cait Sith Aon
Cait Sith Ceithir
Cait Sith Coig
Cait Sith Deich
Cait Sith Dha
Cait Sith Naoi
Cait Sith Ochd
Cait Sith Seachd
Cait Sith Sia
Cait Sith Tri
Calengeard
Caliburn (NPC)
Calixte
Calliope, I.M.
Callisto
Callort
Callort (A)
Calovour
Camereine
Camille
Camlin
Cannau
Cannau (A)
Cantonment
Capacucu
Capiria
Capricornian Caster
Capricornian Master Caster Zonpa-Zippa
Capucine
Carautia
Carbuncle
Carbuncle (NPC)
Cardian Prototype
Carey
Carlisle
Carmelide
Carmelo
Caruvinda
Cassard
Cassie
Castilchat
Catalia
Cattah Pamjah
Catus
Caulaise, R.K.
Cauzeriste
Cavalgrinne
Cayu Pensharhumi
Cecilia
Ceciliotte
Cehn Teyohngo
Celebratory Chest
Celebratory Coney
Celestia
Celestina
Celine
Celyddon
Ceno
Cerane I Virgaut
Ceraule
Ceraulian
Cerberus
Cerite
Cha Chalco
Cha Lebagta
Cha Lebagta (A)
Cha Tigunalhgo
Chacharoon
Chaka Skitimah
Chakwaina
Challoux
Chaloutte
Chalvatot
Chalvava
Chamaja-Tamaja
Chamama
Chamama (A)
Chamulele
Chamulili
Channon
Chanpau
Chantain
Chanteillie
Chaos (Notorious Monster)
Chapa-Cha
Chapal-Afal, W.W.
Chaperix
Chaphoire
Chapi Galepilai
Chapi Galepilai (A)
Chaplion, R.K.
Chaquoillons
Charging Chocobo
Charlaimagnat
Charmealaut
Charutata
Chasalvige
Chatarre
Chatnachoq
Chaupire
Chauxnatte
Chawo Shipeynyo
Chayaya
Chays-Ratays
Chef Nonberry
Chefroucauld, T.K.
Chegourt, R.K.
Cheh Raihah
Chekochuk
Cheli
Chelvadurai
Chemioue
Chemioue (A)
Cheneblanc
Chenokih
Chenon
Chepelle
Cherlodeau
Chero-Machero
Cherukiki
Chetak
Cheupirudaux
Cheupirudaux (A)
Chhaya
Chichiroon
Chigoe (NPC)
Chihpi Kapirapehro
Chilaumme, R.K.
Childerich
Chimh Dlesbah
Chioh Remhrll
Chiphraix
Chipmy-Popmy
Chiyo
Chochoroon
Chocobo (A)
Chocobo Tamer
Chodopopo
Choh Moui
Chomo Jinjahl
Chomomo
Chomoro-Kyotoro
Chopapa, W.W.
Choplix
Choubollet
Choyi Totlihpa
Christina
Christoph
Chuaie
Chualulu
Chuchuroon
Chudigrimane
Chululu
Chumia
Chumimi
Chumimi (A)
Chumli-Mojumli
Chupaile
Chuqui-Chanqui
Churacoco
Churano-Shurano
Churara
Chutarmire
Chya Mindorah
Chyuk-Kochak
Cid
Ciqala
Civil Registrar
Claidie
Clainomille
Clais
Claraisse
Clarion Star
Clautaire
Clavauert B Chanoix
Cleades
Cleades (A)
Clemaurent
Clemens
Clemmar
Cletae
Cloud Walker
Coal Casket
Cobbi Malgharam
Cobra Mercenary
Cocchi Ryojhbon
Cochal-Monchal
Coderiant
Coelestrox
Cofisephe
Colleraie
Collet
Collione
Colmaie
Colti
Colti (A)
Coltrone
Combat Salvemixer
Comitiolus
Comittie
Commojourt
Condor Eye
Conflux Surveyor
Congee-Toyangee
Conrad
Constance
Contie
Cook Balberry
Cook Fulberry
Cook Minberry
Cook Solberry
Coordinator Moogle
Cophi Ricuub
Copuwawa
Corann
Corbrere
Cordaurie
Coribalgeant
Corlotte
Cornelia
Cornelia (A)
Cornelia (Mythril Musketeer)
Corpo-Vorpo
Corseihaut
Corua
Cotelle
Cotete, W.W.
Cothric
Couchatorage
Coucheutand
Cougar Volunteer
Coullave
Coullene
Coumaine
Coumuna
Count Bifrons
Coupulie
Courisaille
Couvoullie
Couzanne
Coyah Neblahe
Crabauble
Craggy Bluff
Craigine, R.K.
Crazy Wolf
Cream Puff Girls
Credaurion, R.K.
Creepstix
Crilde
Crimson Wolf Esquire
Crochepallade
Crocodile Mercenary
Crooked Arrow
Croteillard
Croumangue
Cruor Prospector
Crying Wind (A)
Crying Wind, I.M.
Cumetouflaix
Cunegonde
Curator Moogle
Curilla
Curilla (A)
Curio Vendor Moogle
Curtis
Cynthia
Cyphaireau
Cyranda
Cyranuce
Cyranuce (S)
Cyril
D. Shantotto
Daa Bola the Seer
Dabaide-Obaide
Dabbio
Dabhuh
Dabido-Sorobido
Dabigo
Dabih Jajalioh
Dabnorrin
Daborn, I.M.
Daggao
Dagoza-Beruza
Dahaaba
Dahaeel
Dahjal
Daigraffeaux
Daipanne
Daju
Dakha Topsalwan
Dalba
Dalish
Dallus-Mallus
Dalzakk
Dalzakk (S)
Damama
Damami-Karumi
Danaaba
Dancing Thunder, L.C.
Dancing Wolf
Dangueubert
Danngogg
Danngogg (A)
Dannion
Dantie-Corantie
Danzhor
Dapol
Dapraugeant
Darach
Darcia
Darden, C.A.
Darha
Dark Clouds
Darksteel Hurricane
Darrcuiln
Darumomo, W.W.
Daruru, W.W.
Darvylle
Daswil
Datta
Dattata
Dauperiat
Daveille
Daveille (A)
Davyad
Dawn Aureola
Dayaka-Botanyuka
Dazbog
Dazi Nosuk
Deadly Minnow
Deadly Spider
Deadly Spider (A)
Dealer Moogle
Deaufrain
Debadle-Levadle
Dedden, I.M.
Deegis
Deeto-Yaato
Defliaa
Degenhard
Degenhard (S)
Degga
Degong
Deguerendars
Dehbi Moshal
Dehlner
Dehn Harzhapan
Deidogg
Deigoff
Delaulne
Delightful Drake
Delivery Specialist
Demolition Automaton
Denvihr
Deraquien
Deraquien (A)
Dereck
Derek Karst
Derrick
Despachiaire
Detlef, I.M.
Detrovio
Detzo
Deumagneot
Deumiot
Deustiord
Devean
Devonte
Dewalt
Dhaso Toehprin
Dhea Prandoleh
Dhen Kwherri, M.C.
Dhen Tevryukoh
Dheo Nbolo
Dheo Nbolo (A)
Dhi Emwaltih, M.C.
Dhi Jahya
Dhima Polevhia
Dhiz Tomehrih
Dhokmak
Diabolos
Diabolos (NPC)
Diadonour
Diaphanous Transposer
Dibstix
Diederik
Diegai
Diegai (A)
Dieh Yamilsiah
Dienger
Dieter
Dietmund
Dietrich
Digaga
Dilauriome
Dilgeur
Dimmian
Diordinne
Diradour
Diraulate
Diroku-Oroku
Disserond, R.K.
Diva
Divainy-Gamainy
Djahama
Djiahlm
Djinabaha
Dkhaaya
Dnegan
Dodmos
Dodoi
Doel-Demiel
Doggomehr
Dohdjuma
Dohhel
Doijo-Amajo, C.C.
Doladepaiton, R.K.
Doledriq
Domenic
Domhnall
Dominec
Domingart
Dominion Sergeant
Dominion Tactician
Donda-Bonda
Donmo-Boronmo, W.W.
Door: Research Chamber
Doron-Fulun
Doumina
Dragatama
Drahbah
Drake Fang
Drangord
Drangord (S)
Dremi
Drozga
Dry Bone
Duberasson
Duchille
Dugga
Dulsie
Dulsie (A)
Dultwa, I.M.
Dunbaff
Duplidoc
Durogg
Dusk Raider
Duskraven
Dusky Forest
Dwago
Dworvigg
Dynause, T.K.
Dzhau Yaam
Eamonn
Eaugouint
Eaulevisat, R.K.
Eauvague, T.K.
Eberhard
Eburacon
Echanie
Echo Hawk
Echo Hawk (A)
Edal-Tahdal
Eddy
Edigey
Edlina
Edmondo
Eflatun
Egbert
Eggbert
Eggblix
Ehrhard
Ehrhard (A)
Eideialc
Eight of Clubs
Eight of Clubs (A)
Eight of Hearts
Eight of Hearts (A)
Eight of Spades
Eih Lhogotan
Eirmomo
Ekamama
Ekhu Pesshyadha
Eki Kamalabi
Ekki-Mokki
Ekokoko
Elayne
Element (NPC)
Eleonore
Elesca
Elfriede
Elijah
Eliot
Elivira
Elivira Gogol
Elki
Elkum-Norkum, C.C.
Ellard
Ellison
Elmemague (A)
Elmric
Elnonde
Elpido-Copido
Else
Elulu
Elysia
Emaliveulaux
Emeige A.M.A.N.
Emhi Tchaoryo
Emila
Emila, R.K.
Emilia
Emitt
Emjook-Renook
Emmah Laali, M.C.
Emmerich
Emoussine
Emporox
Emrys
Emyr
Enaremand
Endracion
Engelhart
Enishi
Enjojo
Ennigreaud, R.K.
Enrefort
Ensasa
Ensetsu
Enu
Enu (A)
Eperdur
Ephauge
Ephemeral Moogle
Epinolle
Epione
Eppel-Treppel
Equesobillot
Equette
Erabu-Fumulubu
Erfimia
Erich
Erik
Erisa
Erlene
Erminold
Ernestine
Ernst
Eron-Tomaron
Erpipi
Erpolant
Erudite Moogle
Esca
Esmallegue
Esmeralda
Esoteric Hound
Esqualea
Estaud, R.K.
Estelle
Estevanie
Estienneux
Estiliphire
Estineau, R.K.
Esvin
Etaj-Pohtaj, W.W.
Eternal Flame
Etsa Rhuyuli
Etsatsa
Etteh Sulaej
Eugballion
Eugie
Eukalline
Eulaclaire
Eulaphe
Eumielle
Eumoa-Tajimoa
Eunheem
Eunirange
Eunsoo
Evelyn
Event Moogle
Evi
Evindigar
Evrain
Ewchichi
Excaliace
Excelliard
Excenmille
Excenmille (A)
Excenmille (S)
Exoroche
Exoroche (A)
Exoroche (S)
Explorer Moogle
Eya Bhithroh
Ezura-Romazura
Fabien
Fablinix
Faboise
Fabric Chest
Fabricant Idol
Fabricius
Faerie
Faihal
Failene
Fairy Apkallu
Falak
Falgima
Fallion
Falreze
Faltavie
Faluuya
Falzum
Falzuuk
Famad
Famatar
Fandango
Fantarviont
Fardimant X Boncourge
Fari-Wari
Fariel
Fariel (A)
Fariska Lokhmi
Farmaoquaix
Farouel
Farso-Dafarso
Fatimah
Fauceille
Faulpie
Faurbellant
Faurie
Faursel
Faustin
Fayeewah
Fearless Fismar
Feathered Foe
Febrenard C Brunnaut
Federation Dispenser
Federation Garrison
Federation Infantry
Fekko-Krakko
Feldrautte I Rouhent
Felicia, C.A.
Felicific Buffalo
Felisa
Felmsy
Felourie
Femardaque
Femitte
Fennella
Fenrir
Fenrir (NPC)
Fephita
Feral Moon, L.C.
Ferchinne
Ferdechiond (A)
Ferdechoind
Ferdoulemiont
Ferghus
Ferocious Artisan
Ferreous Coffin
Ferrol
Festering Wound
Festive Moogle
Fetchafox
Fhaht Beablrucch
Fhara Mashuhba
Fhe Maksojha
Fheli Lapatzuo
Fhelm Jobeizat
Fhu Madihmin
Fiaudie
Fickblix
Field Musician Guard
Field Woundpatcher
Fighting Ant, I.M.
Filchaflik
Fina
Finbarr
Findaflok
Finene
Finnela
Finnigor
Fish Eyes
Fittesegat
Fiva
Five Moons
Five of Clubs
Five of Diamonds
Five of Hearts
Five of Spades
Flaco
Flaco (A)
Flame Giant
Flame Walker
Flandiace
Flapano
Flapping Gums
Flaraflic
Flasco-Rasco
Flasco-Rasco, C.C.
Flaviria
Fleuricette
Flige
Flit
Floralie
Florencia
Flying Axe, I.M.
Fo Mocorho
Fochacha
Foi-Mui
Foletta
Folzen
Fomina
Fondactiont
Fonove
Fonteloube
Fontoumant
Fontoumant (A)
Foo Beibo
Forine
Forri-Porri
Fortilace
Foss
Fostaig
Fouagine
Foudeel
Foulneporde
Four of Clubs
Four of Diamonds
Four of Hearts
Four of Spades
Fourth Spitewarden
Fouvia
Framaraix, T.K.
Francmage
Franziska
Fremilla
Frerehn
Frescheque
Fridolin
Friedhold
Fritha
Fuahah
Fubruhn
Fuepepe
Fuepepe (A)
Fulchia
Fulchia (A)
Fului-Molai
Funono
Funpo-Shipo
Funtrox
Furakku-Norakku
Furakku-Norakku (A)
Furan-Furin
Furan-Furin (A)
Furious Boulder
Fusilton
Fyi Chalmwoh
Gabbot
Gabide
Gabriele
Gabriele (A)
Gabwaleid
Gachemage
Gadaana
Gadalar
Gaddiux
Gadimo
Gadzradd
Gajaad
Galahad
Galaihaurat
Galco-Ralico
Galdeo
Galdo
Galger
Galienne
Galiwao
Gallagher
Gallijaux
Gallijaux (A)
Galloping Chocobo
Galmut
Galvin
Galzweesh
Gama-Shama
Gambilox Wanderling
Gameem
Gamimi
Ganemu-Punnemu, W.W.
Ganmuul
Gantineux
Garadaut
Garawham
Garazu-Horeizu
Garembert
Gariri
Garjham
Garnev
Garnev (A)
Garridan
Gasharyad
Gate Sentry
Gathweeda
Gatih Mijurabi
Gatita
Gaudylox
Gaura
Gavergo
Gavin
Gavoroi
Gavrie
Gaweesh
Gawful
Gebhardt
Geebeh
Gehlvik
Gehuha
Gekko
Geltpix
Gelzerio
General Gadalar
General Mihli
General Najelith
General Rughadjeen
General Zazarg
Generoit
Gennoue
Gentle Tiger
Gentle Tiger (S)
Geosuke
Gerahja
Gerbaum
Gerlbotz
Gertrude
Gerun-Garun
Geruru, W.W.
Gerwitz
Gessho
Geuhbe
Geuselibel
Gevarg
Gevirun-Gabirun
Ghadjuyan
Ghahnis
Ghalizham
Ghanraam
Ghantata, W.W.
Ghasherd
Ghatsad
Ghebben
Ghebi Damomohe
Ghemi Sinterilo
Ghemp
Ghoo Pakya
Ghosa Demuhzo
Ghost Talker, I.M.
Ghye Dachanthu
Ghyo Molkot
Giancario
Giaunne
Gibol
Gidappa
Giddy Sleipnir
Giehnz
Gifu-Geru
Gigirk
Gilburt
Gildge
Gilgamesh
Gilgamesh (A)
Gilipese
Gimb
Gindaff
Gioh Ajihri
Gisbert, C.A.
Gissenne
Givorj
Gizel
Glarociquet, T.K.
Gleeful Alicorn
Glenda
Glenne
Glenne (A)
Gloom Phantom
Glowing Hearth
Glyke
Gniyah Mischatt
Goblin Enforcer
Goblin Geologist
Goblin Grenadier (NPC)
Goblin Intimidator
Goblin Lansquenet
Goblin Merrymaker
Goblin Rejoicer
Goblin Repossessor
Goblin Year-ringer
Goccilo
Gofufu
Goggehn
Gold Badger Esquire
Gold Musketeer Commander Gogol
Gold Skull
Goldagrik
Golden Condor
Goltata
Gomada-Vulmada
Gondebaud
Gonija
Gontrain
Gorad
Goraow
Goraow (A)
Gorattz
Gordias
Gorpa-Masorpa
Gorvik
Gottah Maporushanoh
Gottah Maporushanoh (A)
Gottna
Gournaie
Goyuyu
Gozben
Graegham
Graine
Gramk-Droog
Granite Fist, L.C.
Grasswix
Gratzigg
Gray Colossus, L.C.
Gray Wolf
Greebly
Green Badge Mamool Ja
Green Thumb Moogle
Greeter Moogle
Gregoirellaud
Gregory
Grennith
Greubaque
Grevan
Greyson
Griffyth
Grilau
Grimr
Grin
Griselda
Grohm
Grumblix
Guda
Gudav
Guddal
Guddal, I.M.
Gueriette
Guhyun
Guilberdrier
Guilberien
Guilboire
Guilboire (A)
Guilerme
Guilerme (A)
Guillaulmilian
Guilloud
Guinavie
Gulemont
Gulemont (A)
Gulldago
Gulmama
Gulool Ja Ja
Gumbah
Gumbah (S)
Gurdern
Gurdern (A)
Gurfurlur the Menacing
Gurren-Murren
Guruna-Maguruna
Gushing Spring
Guslam
Gustavo
Guttrix
Guwanana
Gwenlyn
Gwill
Gwinar
Haah Chakaila
Habadim
Habhayam
Habida-Jubida
Habitox
Hadahda
Hadayah
Hadelind
Hades
Hadibal
Hae Jakhya
Hae Jakkya
Hagain
Hagakoff
Haggleblix
Haih Ahmpagako
Haja Zhwan
Hajaom
Hajawaa
Hakaru-Marikaru
Hakeem
Hakkuru-Rinkuru
Hakkuru-Rinkuru (A)
Halaviabeau
Halbeeya
Halshaob
Halver
Halver (A)
Halver M Borel
Hamgahn
Hamnahb
Hampu-Kampu
Hamta-Iramta
Hanaa Punaa
Hani
Hanovaux
Hans
Hantileon
Hapi-Chapea
Harara, W.W.
Harbinger Hare
Harbor Way (Port Bastok)
Hari Pakhroib
Hariga-Origa
Harith
Harith (A)
Harmodios
Harnek
Harvetour
Hashayra
Hasim
Hauberliond
Haubijoux
Haudrale
Hauh Colphioh
Havillione
Hawk Nose
Hayah Dahbalesahma
Hayris
Hdya Mhirako, M.C.
Heartwing
Heavy Bear, I.M.
Heavy Fog, I.M.
Hedioste, R.K.
Hedrov
Heemo-Weemo
Hegnor
Heih Porhiaap
Heiji
Heillal
Heimji-Keimji
Heizo
Helaku
Helbort
Helga
Helga (A)
Helina
Helmfried
Helmut
Helmyre
Hemborok
Hemewmew
Hepo Pinulpe
Heptachiond
Herald
Herbert
Herminia
Herral-Droal
Heruru
Heruze-Moruze
Hestefa
Heumila
Hieronymus
High Bear
High Bear (A)
High Wind
High Wind (A)
Hikkuku
Hilda
Hildebert
Hildegard
Hildith
Hildith (A)
Hildolf
Hilkomu-Makimu
Hiltrude
Himura
Hinaree
Hinda
Hinrich
Hishahma
Hiwon-Biwon
Hlif
Hobibi
Hohbiba-Mubiba
Hohl Nhaesin
Holger, I.M.
Honoi-Gomoi
Honoi-Gomoi (A)
Honorine
Honorio
Hooknox
Horatius
Hororo
Horro
Horst
Hortense
Horuni-Mawoni
Hostarfaux, T.K.
Hostenn
Houilloumie
Hound Nose
Hozie Naharaf
Hrichter Karst
Hugo
Hugues
Hujette
Humilitie
Hungry Wolf
Hungry Wolf (A)
Hunting Bear
Hurr the Betrayer
Huss
Hyesun
Hyria
Ibwam
Ice Fiend
Icoua
Idjham
Ignaz
Igsli
Ihli Llamhya, M.C.
Ihsan
Ihsan (A)
Ikhi Askamot
Ikucheechee
Ildy-Goldy
Ilgusin
Ilieumort, R.K.
Ilita
Illauvalahaut
Illeuse
Illu Bohjaa
Ilney
Ilsoire
Ilumida
Imasuke
Immortal Guard
Imperial Stormer
Imperial Trooper
Imperial Whitegate
Imutira
Incantrix
Inconspicuous Door
Indika
Indiran
Inesh
Ineuteniace
Ingrid
Inmot-Pinmot
Inthius
Invincible Shield
Invincible Shield (S)
Ioupie, R.K.
Iphaaf
Ipupu
Irate Destrier
Irmilant
Iroha
Iron Eater
Iron Eater (A)
Iron Muscles
Iron Musketeer Commander Krueger
Iron Ram Knight
Ironclad Gorilla
Iru-Kuiru
Iruki-Waraki
Irwyn
Isabella
Isacio
Isakoth
Isanie
Isdebaaq
Ishin, I.M.
Ishvad
Ishwar
Ismenios Cutsilver
Istvan
Itzha Delavhitta
Ivan
Ivoh Haalameb
Iya Rihyo
Iyvah Halohm
Izabele
Izabele (A)
Jabbar
Jabbos
Jack of Clubs
Jack of Diamonds
Jack of Hearts
Jack of Spades
Jacodaut
Jadamo
Jaded Hawk
Jagaris
Jagged Onyx, L.C.
Jaha Amariyo
Jaicedion
Jaipal
Jaireto
Jajaro
Jajaroon
Jakaka
Jakaka (A)
Jakoh Wahcondalo
Jalah Mistani
Jamal
Jampiaire
Janshura-Rashura
Janshura-Rashura (A)
Janta-Jonta
Jarafah
Jasweem
Jatan-Paratan
Jatata
Jaucribaix
Jaureche
Jausephiane
Javolio
Jayahan
Jayleilei
Jayramus
Jazgeh
Jazmin
Jeanparmand
Jeantelas, R.K.
Jeanvirgaud
Jedelaih
Jedh Gibohah
Jeggim
Jemmoquel, R.K.
Jeremias
Jeridade
Jeronne
Jerra Ndala
Jerrett
Jersey
Jhen Durheka
Jhuo Halmanzoh
Jidwahn
Jijiroon
Jikka-Abukka
Jillia
Jima
Jimaida
Jirokichi
Jiwon
Joachim
Johann, I.M.
Johanna
Joilevin
Jojoroon
Joker
Jolande
Jolie
Joliese
Jolwa-Moowa
Jonette
Jonette (A)
Joosef
Jorin
Josef
Josefina
Joseph
Joulet
Joulet (A)
Jourdenaux
Jourille
Jovial Ahriman
Jovial Rat
Joyful Alicorn
Joyous Alicorn
Jozhud
Ju Kamja
Jubilant Alicorn
Jubilant Pixie
Judith
Jufaue
Julio
Julio (A)
Julissois
Jumaaf
Juna Moshal
Jurgenclaus
Juroro
Justi
Justinius
Justinius (A)
Juvenal
Juvillie
Kaa Toru the Just
Kaa Toru the Just (S)
Kaaya Majiad
Kabihyam
Kachada
Kachina
Kadjaya
Kadjayhal
Kaduru-Haiduru
Kaede
Kaela
Kagero
Kagetora
Kagetora (S)
Kahah Hobichai
Kaheema
Kahs Dekahsell
Kakapp
Kakkaroon
Kalimahf
Kalsu-Kalasu
Kalupa-Tawalupa
Kameel
Kamih Mapokhalam
Kamilah
Kamnahb
Kamolo-Domilo
Kamui
Kanawawa
Kanika
Kanil
Kantila
Kapeh Myohrye
Karaha-Baruha
Karazahm
Karija-Marija
Karine
Karl
Karlotte
Karola
Karst
Karsten
Karuru
Kasaroro
Kasim
Kasper
Kasra
Katharina
Katsunaga
Kavivian
Kaya, I.M.
Kayeel-Payeel
Kayeel-Payeel (S)
Kayle
Kazween
Keal
Kearney, C.A.
Kedhareshvar
Keenan
Keir
Kelsha-Melansha
Kemha Flasehp
Ken
Ken (A)
Kenapa-Keppa
Kenapa-Keppa (A)
Kenono
Keo-Horuo
Keo-Koruo
Kerutoto
Kesha Shopehllok
Keshab-Menjab
Keturah
Kevan
Khaf Jhifanm
Khaffi Salponoihz
Khari Pulcohtz
Khatri
Khau Mahiyoeloh
Khe Chalahko
Khea Mhyyih
Khel Pahlhama
Khifo Ryuhkowa
Khoh Moui
Khoi Gamduhla
Khomi Tibariah
Khonzon
Khoto Rokkorah
Khots Chalahko
Khumo Daramasteh
Khuta Colaara
Ki Volep
Kieran
Kierron
Kih Katteh, M.C.
Kikilolo
Kilhwch
Kilian, I.M.
Kilusha
Kimumu
Kindlix
King Destin
King of Hearts
King of Wands
Kingslayer Doggvdegg
Kinono
Kipligg
Kipo-Opo
Kipopo
Kipopo (S)
Kirarara
Kiria-Romaria
Kithvalio
Kiwawa
Klaas
Klara
Klaus
Kleh Engyumoh
Kobhi Sarhigamya
Kobite-Mojite
Koblakiq
Kobunono
Kocchi-Arocchi
Kocco Ehllek
Kochahy-Muwachahy
Kocho Phunakcham
Koetsu
Kogri-Nargri
Koh Lenbalalako
Koh Lenbalalako (S)
Kohlo-Lakolo
Kohpe Takhabio
Kohpo-Akuupo
Kokila
Koko Lihzeh
Kolapo-Oilapo
Kolin-Olin
Komalata
Komomo
Komulili
Kongramm
Koowawa
Kopol-Rapol
Kopopo
Kopua-Mobua
Kopuro-Popuro
Kopuro-Popuro (A)
Korbi-Marobi
Koriso-Manriso
Kororo
Kororo (A)
Kortso-Paratso
Koru-Moru
Koru-Moru (S)
Kotan-Moritan
Kotan-Purutan
Koton-Llaton
Kototo
Kouang
Koyol-Futenol
Krepol
Krieger
Kristen
Krujaal
Kuah Dakonsa
Kuah Dakonsa (A)
Kubhe Ijyuhla
Kucha Malkobhi
Kuchi Eyjhann
Kudjreel
Kueh Igunahmori
Kuesoso
Kuhmden
Kuhn Tsahnpri
Kuihlud
Kukki-Chebukki
Kukupp
Kuleo
Kulh Amariyo
Kumama
Kumumu
Kunchichi
Kuoh Rhel
Kuoh Rhel (A)
Kupalu-Harupalu
Kupatete
Kupeliaure
Kupeliont
Kupert
Kupignol
Kupignot
Kupipi
Kupipi (A)
Kupiruru
Kupivolo
Kupofried
Kupold
Kupuckl
Kupulele
Kupupu
Kurando
Kuroido-Moido
Kuroido-Moido (A)
Kuron-Makaron
Kurou-Morou
Kurou-Morou (A)
Kurt
Kushdeel
Kususu
Kuu Lohro
Kuu Mohzolhi
Kuuwari-Aori, W.W.
Kuya-Moya
Kuyin Hathdenna
Kuzah Hpirohpon
Kwadaaf
Kyaa Taali
Kyanta-Pakyanta, W.W.
Kyo
Kyokyoroon
Kyume-Romeh
Kyun Magopiteh
Laa Mozi
Lacia
Lady Lilith
Laetitia
Laette
Lafaurelle
Lageegee
Lago-Charago
Laila
Laillera
Laimeve, R.K.
Laisavie X Berlends
Laisrean
Laiteconce
Laityn
Lakom-Lukom
Lala Gohma
Lalapp
Lamaron
Lame Deer
Lame Deer (A)
Lamepaue
Lamurara, C.C.
Landeric
Landon, C.A.
Lanqueron
Larkin, C.A.
Larzos
Lasthenes
Lathuya
Latifah
Latifah (A)
Latteaune
Laucimercen
Laughing Bison
Laughing Lizard
Laujaquetemps
Laurana
Laurentia
Laurimaux
Laurisse
Lavinia
Lavnana
Layton
Leadavox
Leaufetie, R.K.
Leaute
Leautiere
Lebondur
Lebros Apkallu
Ledericus
Leepe-Hoppe
Leepe-Hoppe (A)
Leffquen
Legata
Lehko Habhoka
Leigon-Moigon
Leillaine
Leis
Leleroon
Lengussant
Lennart
Leodarion
Leonhardt
Leonie
Leonora
Leonoyne
Leporaitceau
Leporaitceau (A)
Leppi-Rippi
Lerene
Lerren
Letterare
Leuveret
Levil
Lewenhart
Lewenhart (S)
Lexun-Marixun, W.W.
Leyla
Lhaiso Neftereh
Lharant
Lhe Lhangavo
Lhimo Keanyohn
Lhu Mhakaracca
Libran Caster
Lidaise
Lidaise, T.K.
Lih Pituu
Liki Steligho
Liliroon
Lilisette
Liloune
Limion, R.K.
Lin Megomifu
Lindgard, I.M.
Lined Casket
Linkshell Concierge
Linus
Linzaza
Lion
Lionardois
Liphatte
Lisette
Little Sheep
Llewellyn
Loaranne
Lobho Ukipturi
Logan
Loillie
Lokhong
Lokpix
Lola
Lollyspox
Loloroon
Lombaria
Lone Horn
Loo Kohor
Lootblox
Lord Fainevlure Ordelle
Lord Torresapet B Ordelle
Lorena
Lorissa
Lothur, I.M.
Lotine
Lotte
Louartain
Louis
Louisareaux
Loulia
Lourdaude
Loussaire
Loutille
Louvairausse
Louverance
Louxiard
Luca
Lucia
Lucius
Lucius (A)
Lucky Ladon
Lucretia
Lucretia (Ceizak Battlegrounds)
Ludiault
Ludwig
Ludwig (S)
Ludwig Eichberg
Luhk Leotih, M.C.
Luise, I.M.
Lulupp
Lumber Chest
Luminous Coalescence
Lumomo
Lunar Rabbit
Luquillaue
Luren
Lurouillat
Lusiane
Lutete
Luthiaque
Lutia
Luto Mewrilah
Luuh Koplehn
Luzaf
Lycopodium (NPC)
Lynndi-Sarandi
Lysander
Maabu-Sonbu
Maabu-Sonbu (A)
Maan-Pokuun
Maat
Maat (A)
Maat (S)
Maata-Ulaata
Mabebe
Macchi Gazlitah
Maccus
Macera
Machegue
Machella
Machichi
Machielle
Machine Outfitter
Machionage
Machitata
Machu-Kuchu
Macici
Macro Test
Macuillie
Madaline
Madelleon, R.K.
Maera
Mafwahb
Magali
Magdalena
Magephaud
Magh Bihu
Magian Moogl
Magian Moogle
Magian Moogle (blue)
Magian Moogle (green)
Magivore Ternion
Magnelie
Magriffon
Magriffon (A)
Magumo-Yagimo, W.W.
Mahien-Uhien
Mahoh Mahborogho
Mahol, I.M.
Mailleronce
Mailloquetat
Main Gate Area (Selbina)
Main-Harmain
Mainchelite
Mairee
Majiji
Majjih Bakrhamab
Maju-Naju
Makarim
Makel-Pakel
Makki-Chebukki
Malduc
Malduc (A)
Malecharisant
Maleme
Malene
Malene (A)
Maleroune
Malfine
Malfud
Malgrom
Malmi-Monmi
Malobra
Maloquedil
Malulu
Mamaroon
Mamaulabion
Mamerie
Mamool Ja Governor
Mandragora Assistant
Mandragora Warden
Manfred
Manfried
Manilam
Mano-Amano
Manyny
Mapitoto
Maqu Molpih
Margret
Mariadok
Marianna, I.M.
Mariette
Marilleune
Marin
Marius, C.A.
Mariyaam
Marjoirelle
Marjory
Markovich
Marlena
Marnie
Marquie
Marquis Amon
Marshal
Martial Maestro Megomak
Martin
Martina
Maruna-Kurina
Maryoh Comyujah
Maryse
Masad
Mashasha, W.W.
Mashira
Mashishi
Mashua
Mashuu-Ajuu
Masis
Mastan
Masya Rhaliduva
Matabe
Mataligeat
Matata
Mathele
Mathilde
Mathlouq
Mathurin
Mathurin (A)
Matica, R.K.
Matifa
Matildie
Matoaka
Matrimonial Coffer
Matthias
Matthias (S)
Maturiri
Mauchouraid
Maudaal
Maudilyonne
Maugie
Mauh Halaapah
Maunadolace
Maunadolace (A)
Mauricio
Maurine
Maurinne
Mauriri
Maximilian
Maximilian Berger
Maximin
Maxine
Mayakov
Maymun 74
Maymunah
Maysoon
Mayuyu
Mazuro-Oozuro
Mazween
Meandering Leafkin
Mearuru
Medicine Axe
Medicine Eagle
Mediverchanne
Mee
Mefa Euron
Meh Kotomaihro
Meh Nbolo
Mehruru
Mei
Meinemelle
Mejina-Monjina
Mejuone
Meldivon
Melek
Melina
Melisandra
Melledanne
Melleupaux
Melloa
Melvien
Melvort
Melyon
Memeroon
Mendi
Mendi (A)
Mendoline
Mengrenaux
Mengrenaux (A)
Mep Nhapopoluko
Meransarget
Mercedes
Meret
Merim-Kurim
Meriri
Merleg
Merol
Mertaire
Mesachedeau, R.K.
Mesukiki
Meta
Meumaude
Meuneille
Meuxtajean
Mevaloud
Mevreauche
Mewk Chorosap
Meyaada
Mhabi Molkot
Mhabi Molkot (A)
Mhako Rakritteh
Mham Lahrih
Mhao Kehtsoruho
Mhasbaf
Mhe Quryobhi
Mhebi Juhbily
Mheca Khetashipah
Mheca Khetashipah (A)
Mhik Liusihlo, M.C.
Mhiu Raaghott
Mhoji Roccoruh
Mhoti Pyiahrs
Miageau
Miageau (A)
Miah Riyuh
Miaux
Micah
Michaela
Michea
Michele
Michilca
Michilca (A)
Midras
Miene
Mieuseloir B Enchelles
Mighty Fist
Mighty Minded Generajiq
Migi Centa
Migliorozz
Migran
Mih Ketto
Mihl Pakorhma
Mihli Aliapoh
Mihn Rhettorah
Miiri-Wohri
Mijeh Sholpoilo
Mikhe Aryohcha
Mikra-Lekra, C.C.
Miladi-Nildi
Milazahn
Milburn
Milchupain
Milchupain (A)
Miledo-Shiraddo
Mileon
Miliart, T.K.
Militant Gale
Millard, I.M.
Mille
Millechuca
Millerovieunet
Milloure
Milma-Hapilma, W.W.
Milva
Mimble-Pimble
Mimima
Mimiroon
Mimomo
Minchu-Rocchu
Mindala-Andola, C.C.
Mine Konte
Minea-Matea
Minna
Mintoo, I.M.
Miogique
Mionie
Miriri
Mirthful Ixion
Mishhar
Misseulieu
Mistaravant
Mistdagger
Mitillie
Mitti Haplihza
Mjoll
Mligni-Vorgut
Mnejing
Moan-Maon
Moana, C.A.
Moari-Kaaori
Moblin Showman
Mocchi Katsartbih
Modiste
Mog Dinghy
Moitoto
Mojo-Pojo
Mojuro-Nojuro
Mojuro-Nojuro (A)
Mokop-Sankop
Mokto-Lankto, W.W.
Mokyokyo
Mololo
Molting Moth, I.M.
Momiji
Momoroon
Momowa
Monberaux
Monberaux (A)
Moniquaurie
Monisette
Mono Nchaa
Monsieur Kupont
Monteverle
Moogle
Moogle (A)
Moogle (Mog House)
Moogle (NM)
Moogle Crafter
Moogle Gatherer
Moon Rabbit
Moozo-Koozo
Morangeart
Moreche
Morefie
Moreno-Toeno
Moreno-Toeno (A)
Morimar
Moritz
Morjean
Morlepiche
Morlepiche (A)
Mortimer
Morunaude
Mosil-Nosil
Mosusu
Moulloie
Mourices
Mov Lingyoh
Movamuq
Moyoyo
Mrohk Sahjuuli
Muchavatte
Muckvix
Mufeh Hajrrha
Mugha Dovajaiho
Muhk Johldy
Muhoho
Muji Tsalahn
Mukmimi
Mukuku
Mukunda
Mul Betreh
Mulaitrand
Mulaujeant
Mulnith
Mulwahah
Mumor
Mumupp
Mumuroon
Munitions Moogle
Mupia, R.K.
Muruk-Mojiruk
Musdahl
Mushayra
Mushosho
Mushuhi-Metahi
Mustafa
Musto-Rusto
Mutihb
Muyadah
Muzaffar
Muzeze
Mydon
Myffore
Myllue, R.K.
Mystrix
Mythily
Myuhn Rohli, M.C.
Myumimi
Nabihwah
Nachou
Nachou (A)
Nadee Periyaha
Nadeeha
Nadeey
Nafiwaa
Naguipeillont, R.K.
Naho Gwanboh
Nahshib
Naih Arihmepp
Naiko-Paneiko
Naiko-Paneiko (S)
Naillina
Naja Salaheem
Najaaj
Najelith
Naji
Naji (A)
Najib
Najjar
Nakho Jawantal
Nalba-Dalaba
Nalpupu
Nalta
Nambima-Hyonbima
Namonutice
Namonutice (A)
Nanaa Mihgo
Nanaa Mihgo (A)
Nanaroon
Nangst
Nantoto
Naravime
Narcheral
Nareema
Narihira
Narito-Pettito
Narkissa, C.A.
Narsaude
Narsha
Naruru
Naruru (A)
Narvecaint
Nasheefa
Nashmeira
Nashu
Nasoh Joli
Naurmaire
Navisse
Navisse (A)
Nayutata
Nazar
Nbeh Dimehbariga
Nbu Latteh
Ndah Tolohjin
Ndego
Nebibi
Neigepance
Neivaig
Nekha Shachaba
Nelcabrit
Nelinnie
Nembet
Nenepp
Neneroon
Nenne
Neosaliat
Neraf-Najiruf
Nereus
Neriss
Nery
Ness Rugetomal
Nestroh
Nevela
Neviyak
Newlyn
Ney Hiparujah
Nhel Urhahn
Nhev Befrathi
Nhili Uvolep
Nhobi Zalkia
Nicadio
Nicadio (A)
Nichais
Nickael
Nicolaus
Nigel
Nijaom
Nikkhail
Nikki
Nikkoko
Nilerouche
Nimia
Nine of Clubs
Nine of Diamonds
Nine of Hearts
Nine of Spades
Nivorajean
Niwawa
Noam
Noble Warrior
Nogelle
Nogelle (A)
Nogelle (S)
Nogga
Noih Tahparawh
Noillurie
Nokkhi Jinjahl
Nolan
Nomad Moogle
Nonoroon
Nonterene
Noquerelle
Noragu-Meragu
Norejaie
Nori Kharoiro, M.C.
Norrah
North Plaza
North Plaza (Nashmau)
North Upper Walkway (Nashmau)
Norvallen Knight
Nouveil
Novalmauge
Novice Moogle
Nozaza
Npopo
Nti Badolsoma
Nudahaal
Nudara
Nudara (S)
Nuh Celodehki
Nuillie
Nuimahn
Nului-Nlui
Numa
Numaaf
Numi Adaligo
Numumu, W.W.
Nunaarl Bthtrogg
Nuria
Nya Labiccio
Nyata-Mobuta, W.W.
Nylene
Nyline
Nyumomo
Obelailai
Oblor
Oboro
Obscure Crab
Ochacha
Ochocho, W.W.
Octavernost
Octavien
Odasel
Odersille
Odeya
Odilia
Odilinia
Odin (NPC)
Odoba
Odzmanouk
Offa
Offa (A)
Offa (S)
Oggbi
Oggbi (S)
Oggodett
Ogugu
Ohbiru-Dohbiru
Ohbiru-Dohbiru (A)
Ohruru
Ohruru (A)
Ohsi Shomahl
Oiheaurese
Oiheaurese (A)
Oingo-Zoingo
Ojha Rhawash
Oka Qhantari
Okaka
Olaf
Olaky-Yayulaky
Olavia
Olavia (A)
Olbergieut
Old Bellows
Oleg
Olega
Olero-Velero
Olgald
Olorinda
Olwyn
Ome
Omer
Ominous Cloud
Omiro-Zamiro
Omran
Ondieulix
Ondieulix (A)
One-eyed Gwajboj
Opabibi
Ophelia
Opococo
Orahi-Karapahi
Orcish Captive
Ore Guzzler
Orechiniel
Orenna
Orez-Ebrez
Orgis
Orithyia
Orlaine
Orlando
Ormr (NPC)
Orn
Ornery Dhole
Orsa-Porsa
Ortwin, I.M.
Oruchacha
Orudoba-Sondeba
Oruga
Oruga (A)
Orukeke, W.W.
Oscairn
Oscarnot
Oseem
Oshasha
Osker
Oslam
Ostalie
Oston
Oswald
Otete
Othellius
Otte Burhiyu
Otto
Oustachions
Ove
Ovjang
Owain
Ozzmo-Mazmo
Packapic
Pacomart
Pagdako
Pagisalis
Pagnelle
Pahpe Rauulih
Pahya Lolohoiv
Paise, R.K.
Paito-Maito
Pakeke
Pakesse-Myukesse
Pakh Jatalfih
Pakhi Churhebi
Pakke-Pokke
Pakke-Pokke (A)
Pakku-Shakku
Pakora-Makora
Paku-Nakku
Pala Korin
Palabelle
Palardaifault V Draffles
Palarillont
Palcomondau
Pale Eagle
Paleille
Palguevion
Palli-Bulli
Palomel
Palometa
Palson
Palyalya
Panaa Fom
Panana
Panja-Nanja
Pankii-Mankii
Panna-Donna
Panoquieur, T.K.
Panoru-Kanoru
Panta-Putta
Panta-Putta (A)
Pantsa-Karutsa
Paore-Kuore
Paouala
Papako
Paparoon
Papo-Hopo
Paralyzing Tube (Mob)
Parara
Parcarin
Parcarin (A)
Parelbriaux
Parike-Poranke
Parledaire, R.K.
Parlemaille
Parnika
Parnika (A)
Parraggoh
Parukoko
Paruru
Parvipon
Pascaut
Pashi Maccaleh
Passenger
Pateruru
Patient Snake
Patient Wheel
Patissier Linberry
Patolle
Patriarch Protector
Patriarch Protector Principal Nyumomo
Patricius
Patrol Worm
Patsaa Maehoc
Patt-Pott
Pattel-Bacchel
Pattna-Ottna
Pattsu-Yabittsu
Paujean
Paul
Pauluart
Paunelie
Paurelde
Pavel
Pavvke
Pawkrix
Pawnpix
Paya-Sabya
Paytah
Pebul-Tabul
Pecca-Pocca
Pechiru-Mashiru
Peddlestox
Peepikiki
Pehki Machumaht
Pekuku
Peladi Shalmohr
Pelftrix
Pelinvarde
Pellimie
Pellio
Pelogrant
Pelpopo
Pelsey-Holsey
Penqaqa
Pensive Beast
Penthus
Pepigort
Peppe-Aleppe
Perchond
Perdiouvilet
Perdric
Perevie
Perfaumand
Perfaumand (A)
Periduque
Perih Vashai
Perih Vashai (S)
Perisa-Neburusa
Peritrage
Perna-Parna, C.C.
Perseus
Peshi Yohnts
Peshi Yohnts (A)
Pesoso
Petrino
Pettette
Petva
Pevovo
Pew Sahbaraef
Phairet
Phairupegiont
Phamelise
Phara
Phaviane
Pherchabalet
Pherimociel
Pherimociel (A)
Phersula
Phillieulais
Phillone
Phoenix
Phoochuchu
Phouminnet
Phub Bayzarahn
Phuz Mannohl
Phyatte
Phystiont
Pia
Piah Dnakkora
Piana
Pichichi
Pieuje
Pihk Khalatikal
Pihra Rhebenslo
Piketo-Puketo
Piketo-Puketo (A)
Pikiki
Pikini-Mikini
Pilcha, R.K.
Pinok-Morok
Pioht Halchaih
Pipiroon
Pirvidiauce
Piscariaux
Piscean Caster
Pitantimand
Pitenorelieu
Pitoire, R.K.
Pius
Plaiaude
Ploh Trishbahk
Plongeur Monberry
Pofhu Tendelicon
Pogigi
Pohka Chichiyowahl
Pojimo-Rojimo
Polih Rejonah
Polikal-Ramikal
Polikal-Ramikal (A)
Polink-Moink
Polished Fang, L.C.
Polished Pebble
Pollante
Pollimio
Polly
Polly (A)
Pomilla
Pompi-Rompi
Pomulus
Pondering Peak, L.C.
Ponono
Ponono (A)
Ponono (S)
Pontaudarme
Popochu
Popopp
Poporoon
Pore-Ohre
Porlco-Glaico
Poroggo Prince
Poroggo Servant
Portaure
Porter Moogle
Portia
Porupen-Kyurupen
Poseaulloie
Posso Ruhbini
Potete
Poudoruchant
Pourette
Povall
Powhatan
Pradiulot
Praefactus Leonnel
Prah Janimhar
Pranab
Prerivon
Prestapiq
Preterig
Pretervout
Pretty Heart
Prido-Homildo
Prien
Prietta
Prillaure
Prince Yahiko
Princess Amdina
Prishe
Prishe (A)
Priztrix
Proctor Moogle
Professor Schultz
Promenade (Mhaura)
Promurouve
Proud Beard
Provincial Knight General Rouhent
Provincial Knight General Virgaut
Prucco-Lurucco
Prunilla, R.K.
Pucotte
Pudith
Puhn Dapojal
Pukori-Totokori
Pula Rhatti
Pulkuku
Pulloie
Pulonono
Pulse Martello
Pulykiki
Punacchi-Mocchi
Puo Rhen
Pupuroon
Purakoko
Pure Heart, I.M.
Purequane
Purere
Purere (A)
Puroiko-Maiko, W.W.
Purottoto
Pursuivant
Putori-Tutori
Puttsu-Montsu, C.C.
Puyutete
Pya
Pygmalion
Pyo Nzon
Pyopyoroon
Pyropox
Pyru-Copyru
Python Mercenary
Qahzwin
Qhio Plittibhi
Qhum Knaidjn
Qiji
Qiqirn Bewitcher
Qiqirn Chief Diver
Qiqirn Dealer
Qiqirn Diver
Qiqirn Freelance
Qiqirn Greengrocer
Qiqirn Mine Baron
Qiqirn Shepherd
Qiqirn Spy
Qiqirn Trapper
Quanteilleron, R.K.
Quartermaster (Bastok)
Quartermaster (Windurst)
Quasilumin
Quasim
Quasim (A)
Qudamahf
Quelle
Quellebie, R.K.
Quelpia
Quelveuiat
Quemaricond
Quentin
Queo-Paeo
Quesse
Quhaaja
Quiri-Aliri
Quirro-Niiro
Qulsun
Qultada
Quntsu-Nointsu
Ququroon
Qutiba
Quu Bokye
Quwi Orihbhe
Raamimi
Rabid Wolf, I.M.
Rabiri-Tabiri
Rachocho
Rachuchu
Radeivepart
Radford
Radhika
Radnor, C.A.
Raebrimm
Rafaela
Rafid
Ragelise
Ragemont
Raghd
Raging Lion
Raging Tiger
Raginmund
Ragyaya
Rahal
Rahal (A)
Rahal (S)
Rahdjab
Rahi Fohlatti
Raibaht
Raibaht (A)
Raifa
Raifa (A)
Raillefal
Raimbroy
Raina
Rainemard
Rainemard (S)
Rainer
Rainhard
Rainhard (A)
Rajaaha
Rajesh
Raji
Rajmonda
Rakano-Marukano
Rakh Mhappyoh
Rakih Lyhall
Rakish Kayak
Rakke
Rakoh Buuma
Rakorok
Rakula-Motakula
Rakuru-Rakoru
Ralaufaux
Ralka-Haralka, C.C.
Ramasese
Ramaufont
Ramblix
Ramicharaux
Ramiene
Raminel
Raminey
Ramon
Ramona
Ramua
Ran
Rancher
Randecque
Ranemaud
Raneutimiore
Ranna-Brunna
Ranpi-Monpi
Ranpi-Monpi (A)
Ranpi-Monpi (S)
Ranpi-Pappi
Ransnana
Raogrimm
Raptorlegs Gedwad
Raqtibahl
Raquel
Rararoon
Rarcasmeault
Rasdinice
Rashid
Rashid (A)
Rasmus
Rasusu
Ratihb
Ratol Ja
Ratonne
Ratoto
Ratoulle
Rattling Rain, I.M.
Raubahn
Raurart, R.K.
Raustigne
Rauteinot
Raving Opossum
Ravorara
Rayeewa
Rayjin-Ojin
Rayochindot
Razfahd
Read me
Reaugettie
Red Axe
Red Badge Mamool Ja
Red Canyon
Red Canyon (S)
Red Ghost
Red Ghost (A)
Red Rose Condottiere
Rediroq
Reelarik
Reet
Reginald
Regine
Regine (A)
Reglert
Reh Hapli
Reinberta
Reinhard
Reinwald
Reiso-Haroiso
Reja Ygridhi
Rejoicing Rabbit
Relolo
Rembard
Remesasa
Remiotte
Remus
Ren
Renadile
Renfred
Renik
Renten-Tonten
Renvriche, T.K.
Repat
Republic Chief of Staff Sturm
Republic Garrison
Republic Supplier
Republican Infantry
Resauchamet
Reserve Knight General Leonoyne
Resistance Fighter
Resistance Sapper
Resistance Sergeant
Retto-Marutto
Revelry Rarab
Rewardox
Rex
Rhagmakah
Rhalo Davigoh
Rhamurya
Rhant Tamhujya
Rhap Nelhah
Rhap Talashpehn
Rhea Myuliah
Rhemi Miottih
Rhimonne
Rhin Prikohwan
Rholont
Rhu Arlohtt, M.C.
Rhushouf
Rhy Epocan
Rhy Epocan (A)
Riault
Riautte
Ricaldo
Richacha, W.W.
Riche
Rielle
Rielle (A)
Rienne
Rigobertine
Rikke
Riko Kupenreich
Rilve-Hitolve
Rin
Ringu-Tangu, C.C.
Rinzei
Ripapa
Risen Hackles
Rishfee
Rishi
Rising Solstice
Risunela
Ritopopo
Ritoto
Riyadahf
Roaring Badger
Robel-Akbel
Roberta
Robertioux
Robino-Mobino
Robino-Mobino (Windurst Woods)
Robino-Mobino (Yuhtunga Jungle)
Rochefogne
Rock Jaw
Rodaillece
Rodellieux
Roderich
Rodeupansat
Rodin-Comidin
Rodrigo
Roger
Roh Latteh
Rohn Ehlbalna
Roi
Roido
Roiloux, R.K.
Rojaireaut
Rokke
Rokor-Makor
Rolandienne
Rolf
Romaa Mihgo
Romaa Mihgo (A)
Romaa Mihgo (S)
Roman
Romeo
Romero
Romilda
Romualdo
Romualdo (S)
Ronan
Ronana
Rondipur
Rondipur (A)
Rongelouts
Rongelouts N Distaud (S)
Rongo-Nango
Ronpaurege
Ronta-Onta
Rootie-Mootie
Ropchop
Ropunono
Rormu-Rarlmu
Roropp
Rosaline
Rosel
Roshina-Kuleshuna, W.W.
Roskin
Rosswald
Rosulatia
Rothais
Rotih Moalghett
Rottata
Rouliette
Roupatour
Rouquillot, T.K.
Routandeault
Rouva
Royal Banneret
Royal Esquire
Royal Garrison
Royal Guard
Royal Guard General Davilles
Royal Knight
Royal Knight General Cousseraux
Royal Palliator
Royal Provisioner
Rubahah
Rudolfo
Ruediger, I.M.
Ruenda
Rughadjeen
Rugiette
Rugiette (A)
Ruillont
Ruirara
Rujen-Gorgen
Rukuku
Rukususu
Rukususu (A)
Rululu, C.C.
Rumbling Belly
Rumin-Flumin
Rumoie
Rungaga
Runito-Monito
Runje Desaali
Rurukaka
Rusese
Ruslan
Ruspix
Russel
Rusted Musket
Rutango-Botango
Ryaaf
Ryan
Rycharde
Ryo
Ryokei, I.M.
Ryoma
Rytaal
Ryunchi-Pauchi, W.W.
Saarlan
Sabiliont
Sachetan, I.M.
Saco Alyahka
Sadistiq
Saffaullette
Safrick
Sagelord Molaal Ja
Sagheera
Sahgi Konchumih
Sahgygy, W.W.
Sahn
Sahnn Dhansett
Sainene
Sajaaya
Sajahb
Sajhra
Sakura
Salabwahn
Salaifa
Saldinor
Salim
Salimah
Salimardi, R.K.
Salimuhl
Saliyahf
Saltvix
Saluhwa
Salvador
Salyadh
Sama Gohjima
Samantha
Samia
Samigo-Pormigo
Sanctia
Sanosuke
Sanraku
Saphiriance, T.K.
Sapladrepoin
Saprut (Lower Jeuno)
Saprut (Port Jeuno)
Saradorial
Sariale
Sarmistha, I.M.
Sarmoega
Sasa, I.M.
Sashosho
Sassa-Kotassa
Satata
Sattal-Mansal
Sattsuh Ahkanpari
Saunders, C.A.
Savae E Paleade
Savage Hound Condottiere
Sawyer
Sazahlam
Scamplix
Scarlet Boar Esquire
Scarlette, C.A.
Scarred Shark
Scavnix
Scorpion Caster
Scotwick
Scylla Brigade Elite
Scylla Brigade Healer
Scylla Brigade Officer
Sebohl Reccohta
Seburoa-Mabilua
Secodiand
Secodiand (A)
Sedal-Godjal
Seer Soromai
Sehu Lheremylk
Selele
Selenana
Selliste
Selma
Selulu
Semih Lafihna
Seno Zarhin
Senvaleget
Serukoko
Sevah Kummekihn
Seven of Clubs
Seven of Diamonds
Seven of Hearts
Seven of Spades
Seyaya
Shadeeu
Shadow Lord
Shadow Lord (S)
Shahau
Shahayl
Shahbizu
Shailham
Shajaf
Shakir
Shalott
Shama Pikholo
Shamarhaan
Shami
Shamonde
Shanana
Shanene
Shanruru
Shante-Fante
Shantotto
Shantotto (S)
Sharin-Garin
Shark Teeth
Sharp Tooth, I.M.
Sharuru
Sharzalion
Shasha
Shashan-Mishan
Shataru-Potaru
Shatoto
Shaty-Monty
Shayadar
Shayeeha
Shaz Norem
Shaz Norem (A)
Sheadon
Sheelala
Shehn Mahriorl
Sheia Pohrichamaha
Shelu-Mapelu
Shemo
Shenni
Sheridan
Shey Wayatih
Shidzue
Shiftrix
Shigezane, I.M.
Shih Tayuun
Shihu-Danhu
Shikaree G
Shikaree M
Shikaree X
Shikaree Y
Shikaree Z
Shikoko, W.W.
Shilah
Shinchai-Tocchai
Shiny Teeth
Shipilolo
Shiroro
Shivivi
Shixo
Shla Kheefid
Shohrun-Tuhrun
Shomera
Shomo Pochachilo
Shomo Pochachilo (A)
Shooting Star
Shrouded Piper
Shupah Mujuuk
Shuvo
Sibila-Mobla
Sidoine, T.K.
Sieglinde
Sieglinde (A)
Sifa Alani
Sigismund
Sigiswald
Silencing Tube (Mob)
Silent Lynx
Silent Rooster
Silke
Silver Comet
Silver Fox Archer
Silver Kettle
Silver Owl
Silver Owl (A)
Silver Tail
Simmie
Simmie (A)
Singing Blade, I.M.
Sinon
Siren (NPC)
Sirius
Sisiroon
Sitting Ram
Sivalda
Six of Clubs
Six of Diamonds
Six of Hearts
Six of Spades
Skeea
Skipper Moogle
Skokkr Undrborn
Skopopo
Slabble
Slarin
Slayalox
Sleakachiq
Sleeping Lizard
Sleiney, C.A.
Slime Tarou
Sline
Slow Axe, I.M.
Sludge
Smashlix
Smile Helper
Smiling Rat
Smoke Breath
Sneaking Tiger
Snha Migashniohra
Sniggnix
Sobane
Sochiene
Sodragamm
Sohdede
Sohyon
Soimin-Oimin, C.C.
Sojan-Tamjan
Sokrov
Sola Jaab
Sola Jaab (A)
Solby-Maholby
Solgierte
Solgierte (A)
Solitary Ant
Somn-Paemn
Somnolent Rooster
Somo Aatsula
Sonchostiq
Soni-Muni
Soni-Muni (A)
Sonia
Soppopo
Soraa Ishakal
Sororo
Sorrowful Sage
Sorutoto
Soun Abralah
Soupox
Souren
Souun, I.M.
Sowande
Spare Five
Spare Four
Spare One
Spare Three
Spare Two
Spare Zero
Spasija
Specilox
Spirit Singer
Splintery Chest
Spondulix
Spriggan Crier (NPC)
Spriggan Graverobber (NPC)
Spriggan Sifter (NPC)
Spring Treant
Squintrox Dryeyes
Squire Knight
Stampeding Bison
Standing Bear
Star Sibyl
Star Sibyl (S)
Station Administrator
Station Worker
Stavalian
Steel Bones
Steel Bones (A)
Stepholange
Stinknix
Stockade
Stone Monument
Stooge Moogle
Stout Weir
Stowastiq
Stray Boar, L.C.
Stray Cloud
Strifelord Bakool Ja
Striking Bull
Striking Snake
Stufstix
Stun Tube
Styi Palneh
Subash
Subodh
Sudha Rhilimanyme
Sueleen
Sugandhi
Sugn
Suhie-Kaihie
Suibhne
Sujyahn
Sulbahn
Suldiran
Sulo Mouzho
Sumah Sohlowyt
Sunakku-Matakku
Sunana
Sunny-Pabonny
Supiroro
Suspicious Elvaan
Suspicious Galka
Suspicious Hume
Suspicious Tarutaru
Susu
Susuroon
Sutarara
Suzel
Svana
Svenja
Sweepstox
Swift
Swipostik
Switchlox
Switchstix
Sylvie
Syndella
Synergy Engineer
Synergy Enthusiast
Syrillia
Syu Befrathi
Syu Befrathi (S)
Taajiji
Taby Canatahey
Tadeewa
Tafeesa
Tahl Mhioguch
Tahmasp
Tahn Posbei
Taillegeas
Takamoto, I.M.
Take
Takiyah
Takoda
Talhaal
Talib
Talib (A)
Taliesin
Talking Doll
Tall Mountain
Tallula
Talruf
Talwahn
Tamba-Namba
Tami
Tamil-Hamel
Tancredi
Tancredi (A)
Tango
Tanguy
Taniko-Maniko
Tanja
Tapoh Lihzeh
Tapoh Lihzeh (A)
Taraihi-Perunhi
Taraihi-Perunhi (A)
Tarnotik
Taruger
Task Delegator
Tatan-Bilten
Tatapp
Tataroon
Tateeya
Taten-Bilten
Taulenne
Taulluque
Taumiale, R.K.
Taumila
Taurette
Tautorie
Tauwawa
Tavourine
Tawfeeq
Tayaya
Taylen
Tayula
Taza
Tazhaal
Tcinono
Tebhi
Tebubu, W.W.
Teco Chatpaya
Teerth
Tehf Kimasnahya
Teigero-Bangero
Teigero-Bangero (A)
Teilsa
Tek Lengyon
Tek Lengyon (S)
Teldo-Moroldo, W.W.
Teldro-Kesdrodo
Teleen
Telford, C.A.
Telmoda
Tememe, W.W.
Temenos Furnace
Temenos Operator
Temoe-Amoe
Tempatriq
Temple Knight
Temple Knight General Brunnaut
Temprix
Ten of Clubs
Ten of Diamonds
Ten of Hearts
Ten of Spades
Tenacious Fool, L.C.
Tenacious Tirrod
Tenzen
Teodor
Tergil
Terianne
Terounalivet
Terude-Harude
Teruga-Boruga
Terwok
Tesch Garanjy
Tete
Teteroon
Tevigogo
Tewo Rutuminpa
Teyrnon
Thadiene
Thali Mhobrum
The Great Kupellion
The Keeper
Theodor
Theophylacte
Theraisie
Thierride
Thierride (S)
Thirkell
Thorben
Three of Clubs
Three of Spades
Three Steps, I.M.
Thubu Parohren
Thunder Fiend
Thunder Hawk
Thurlow, C.A.
Tian Tian
Tiana
Tibelda
Tico Karimakiba
Tielleque
Tiger Tooth
Tiger Tooth (A)
Tih Pikeh
Tihl Midurhi
Tilala
Tilian
Tillecoe
Timid Scorpion, L.C.
Timothy
Tinjue
Tio Moshroca
Tiruru
Titania
Titus
Titus (A)
Tiyaash
Toeh Leddenbah
Toh Zonikki
Tohka Telposkha
Tohopka
Tohs Jhannih
Toi-Poi
Toji Mumosulah
Tokaka
Tomasa
Tomoa-Nomoa, C.C.
Tonana
Tonasav
Tonberry Priest
Tonule
Topok-Hippok
Toppi-Meppi
Toppled Tree
Topuru-Kuperu
Torapiont
Torikoko
Torino-Samarino
Tosh Hohnay
Tosuka-Porika
Tosuka-Porika (A)
Tosuka-Porika (S)
Toto Kupeliaure
Totoroon
Tottoto, W.W.
Toulsard, R.K.
Touttaures
Tovrutaux
Traiffeaux
Trailmix
Travialce
Travonce
Tree Talker
Tressia
Trick Bones
Trick Ghast
Trick Ghost
Trick Phantom
Trick Shade
Trick Shadow
Trick Skeleton
Trick Specter
Trick Spirit
Trick Wight
Trikotrak
Trilok
Trion
Trion (A)
Trisvain
Truffle
Trust: AAEV
Trust: AAGK
Trust: AAHM
Trust: AAMR
Trust: AATT
Trust: Abenzio
Trust: Abquhbah
Trust: Adelheid
Trust: Ajido-Marujido
Trust: Aldo
Trust: Aldo (UC)
Trust: Amchuchu
Trust: Apururu (UC)
Trust: Arciela
Trust: Arciela II
Trust: Areuhat
Trust: August
Trust: Ayame
Trust: Ayame (UC)
Trust: Babban
Trust: Balamor
Trust: Brygid
Trust: Chacharoon
Trust: Cherukiki
Trust: Cid
Trust: Cornelia
Trust: Curilla
Trust: D. Shantotto
Trust: Darrcuiln
Trust: Elivira
Trust: Excenmille
Trust: Excenmille (S)
Trust: Fablinix
Trust: Ferreous Coffin
Trust: Flaviria (UC)
Trust: Gadalar
Trust: Gessho
Trust: Gilgamesh
Trust: Halver
Trust: Ingrid
Trust: Ingrid II
Trust: Invincible Shield (UC)
Trust: Iroha
Trust: Iroha II
Trust: Iron Eater
Trust: Jakoh Wahcondalo (UC)
Trust: Joachim
Trust: Karaha-Baruha
Trust: Kayeel-Payeel
Trust: King of Hearts
Trust: Klara
Trust: Koru-Moru
Trust: Kukki-Chebukki
Trust: Kupipi
Trust: Kupofried
Trust: Kuyin Hathdenna
Trust: Lehko Habhoka
Trust: Leonoyne
Trust: Lhe Lhangavo
Trust: Lhu Mhakaracca
Trust: Lilisette
Trust: Lilisette II
Trust: Lion
Trust: Lion II
Trust: Luzaf
Trust: Maat
Trust: Maat (UC)
Trust: Makki-Chebukki
Trust: Margret
Trust: Matsui-P
Trust: Maximilian
Trust: Mayakov
Trust: Mihli Aliapoh
Trust: Mildaurion
Trust: Mnejing
Trust: Monberaux
Trust: Moogle
Trust: Morimar
Trust: Mumor
Trust: Mumor II
Trust: Naja Salaheem
Trust: Naja Salaheem (UC)
Trust: Najelith
Trust: Naji
Trust: Nanaa Mihgo
Trust: Nashmeira
Trust: Nashmeira II
Trust: Noillurie
Trust: Ovjang
Trust: Pieuje (UC)
Trust: Prishe
Trust: Prishe II
Trust: Qultada
Trust: Rahal
Trust: Rainemard
Trust: Robel-Akbel
Trust: Romaa Mihgo
Trust: Rongelouts
Trust: Rosulatia
Trust: Rughadjeen
Trust: Sakura
Trust: Semih Lafihna
Trust: Shantotto
Trust: Shantotto II
Trust: Shikaree Z
Trust: Star Sibyl
Trust: Sylvie (UC)
Trust: Tenzen
Trust: Tenzen II
Trust: Teodor
Trust: Trion
Trust: Uka Totlihn
Trust: Ullegore
Trust: Ulmia
Trust: Valaineral
Trust: Volker
Trust: Ygnas
Trust: Yoran-Oran (UC)
Trust: Zazarg
Trust: Zeid
Trust: Zeid II
Trystol
Tsahbi Ifalombo
Tsetseroon
Tsih Kolgimih
Tsiket-Lukit
Tsonga-Hoponga, W.W.
Tsoo Haja the Umbra
Tsotsoroon
Tsuaora-Tsuora
Tsugumi
Tsugumi (A)
Tsui Golalapahn
Tsunashige, I.M.
Tsuran-Botaran
Tsuryarya
Tsutsuroon
Tswe Panipahr
Tucker
Tuffle-Buffle
Tuh Almobankha
Tujaja
Tun Habyryu
Turbulent Storm
Turlough
Turlough (S)
Turumi-Byrumi
Twinkbrix
Twinkling Treant
Two of Spades
Tya Padolih
Tyamah
Tyamah (A)
Tzee Xicu the Manifest
Ubahrid
Udine A.M.A.N.
Udip Ferawoh
Ufanne
Ufanne (A)
Ufu Koromoa
Ugahar
Ugrihd
Ugtoor
Uhko Rolinzoh
Uhlstar
Ujlei Zelekko
Uka Totlihn
Ulaciont, R.K.
Ulamaal
Ulbrecht
Ulbuun
Ulesa
Uli Pehkowa
Ulla
Ullasa
Ullegore
Ulmer, C.A.
Ulmia
Ulrich
Ulrike
Ultra Slime
Ulycille
Ulzana
Umarid
Umberto
Umbral Diabolos
Umumu
Unlucky Rat
Uphra-Kophra, W.W.
Upih Khachla
Upital-Lupital
Uran-Mafran
Urbano
Urbiolaine
Uriah, C.A.
Uricca-Koricca
Urubero-Mohbero
Utsuitsui
Uu Zhoumo
Uuroro
Uwaine
Uzhahn
Vaghron
Vah Keshura
Vahi
Vahn Paineesha
Vaihilique
Vailanice
Vainrachault
Valah Molkot
Valaineral R Davilles
Valderotaux
Valderotaux (A)
Valentione Single
Valeri
Valeriano
Valerio
Valgeir
Valli
Valsang
Vamorcote
Vanja
Vanono
Vaquelage
Varchet
Varden
Variko-Njariko, W.W.
Varun
Vastran
Vattian
Vauderame
Vaulois
Vaultimand
Vavegallet
Vavegallet (A)
Veit
Veit (A)
Velda-Galda
Veldeth
Velema
Vemalpeau
Vendastox
Vendavoq
Venessa
Venika
Vera
Verctissa
Verena
Vesca
Vestavius
Vestelo
Vestillet
Veujaie
Vhana Ehgaklywha
Vhino Delkahngo
Vichauxdat
Vichuel
Vicious Eye
Vicious Vorahal
Vicorpasse
Victoire
Vijartal
Vikhu Nakuaino
Vilatroire
Villion
Vilmar
Vincent
Vingijard
Violitte
Virnage
Virsaint
Visala
Vishwas
Vivian
Viviroon
Vladinek
Vobo
Voidwatch Officer
Voidwatch Purveyor
Vola
Volgoi
Volker
Volker (A)
Volker (S)
Volto Oscuro
Volto Oscuro (NPC)
Volunteer
Voranbo-Natanbo, W.W.
Vortimere
Vorzill
Voucheramme
Vounebariont
Vrednev
Vuih Stecoppah
Vukki-Chebukki
Vuliaie
Vuntar
Vyki Parabuji
Wabble-Mopple
Wabjahl
Wachiwi
Wadayra
Wafeeyah
Wahboud
Wahid
Wahid (S)
Wahnid
Wahraga
Wahrouzam
Walagarim
Waldemar, I.M.
Waldo, C.A.
Walzharn
Wandering Cloud
Wani Casdohry
Wanja-Daruja
Wanju-Daruja
Wanzo-Unzozo
Wanzo-Unzozo (A)
Waoud
Warsowok
Washu
Wassailer Whitby
Wata Khamazom
Watchful Pixie
Watisa
Watzahl
Wau Kaatapoh
Waudeen
Waylea
Waylea (A)
Wayward Echo, L.C.
Wazyih
Wegellion
Weldon
Wenonah, C.A.
Wenzel
Werei
Werei (S)
Werner
Wescolina
Westerly Breeze
Wetata
Wharoub
Whashai
Whispering Tortoise
White Badge Mamool Ja
White Beetle
Whyjham
Wije Tiren
Wildcat General Zhwan
Wildcat Vanguard
Wildcat Volunteer
Wilfred
Wilhelm
Wilhelmina
Willah Maratahya
Willis
Winrix
Wise Owl
Wise Turtle, I.M.
Wise Wolf
Wistful Bison
Wobke
Wolden-Bolden
Wolfgang
Wolfgang (A)
Wolfram
Wondrix
World Shifter
Wortherton
Wren, C.A.
Wuger
Wulfnoth
Wumbah
Wurteh
Wyatt
Wynne
Wyvern Tail
Xenia, C.A.
Xonia
Yabby Tanmikey
Yabehbeh
Yachemidot (A)
Yafa Yaa
Yafaaf
Yafafa
Yafahb
Yahliq
Yahsra
Yaibroux, T.K.
Yakuku
Yaman-Hachuman
Yamilla
Yanakiki
Yando-Memondo
Yanestra
Yanshaal
Yapam-Alpam
Yasin
Yasmeel
Yasmina
Yassham
Yassi-Possi
Yasuji
Yasuji (A)
Yatniel
Yaucevouchat
Yavoraile
Yaya
Yayaroon
Yazan
Yazuhma
Yeestog
Yefafa
Yeggha Dolashi
Yek Falimeygo
Yellow Badge Mamool Ja
Yestin-Ovestin
Yevgeny, I.M.
Ygnas S. Adoulin
Yhu Lyehga, M.C.
Yimi Jomkeh, M.C.
Yin Pocanakhu
Yocile
Yohj Dukonlhy
Yohra-Ora
Yomi
Yomotsutsu
Yon Boskoti
Yonolala
Yoram, I.M.
Yoran-Oran
Yoran-Oran (A)
Yoran-Oran (S)
Yoriri
Yoshihiro, I.M.
Yoskolo
Young Aldo
Yow Rabntah
Yoyoroon
Yrvaulair S Cousseraux
Ysadel
Ysayle
Yudi Yolhbi
Yuhito-Kubhito
Yuhito-Kubhito (A)
Yuilam-Kailam
Yujuju
Yuli Yaam
Yulon-Polon
Yung Yaam
Yurim
Yurim (A)
Yurugu-Homurugu
Yuvalbaux, R.K.
Yuyuroon
Yvantoine
Zabahf
Zabirego-Hajigo
Zabirego-Hajigo (A)
Zacc
Zacc (A)
Zadant
Zaffeld
Zafif
Zagied
Zahakahm
Zahsa Syalmhaia
Zahsa Syalmhaia (A)
Zaira
Zaldon
Zalk
Zalsuhm
Zandjarl
Zantaviat
Zaoso
Zaranf
Zarfhid
Zasshal
Zauko
Zauko (A)
Zawahf
Zayhi-Bauhi
Zazarg
Zazarg (A)
Zazarg (S)
Zazaroon
Zebada
Zedduva
Zeelozok
Zeid
Zeid (A)
Zeid (S)
Zekobi-Morokobi
Zelala
Zeldaff
Zelma
Zelman
Zemedars
Zemerine
Zenicca
Zenobia
Zexu
Zhamwaa
Zharijarl
Zhashdi
Zhayard
Zhikkom
Zhon Kihshimo
Zhuk Vojahom
Zidalf
Zimahd
Zoby Quhyo
Zogbog
Zokima-Rokima
Zoldba
Zolku-Azolku
Zon-Fobun
Zona Shodhun
Zonpa-Zippa
Zonpa-Zippa (S)
Zopago
Zorchorevi, R.K.
Zoreen
Zoriboh
Zoriboh (A)
Zovriace
Zshahda
Zuah Lepahnyu
Zubaba
Zubaba (S)
Zuber
Zubu-Abibu
Zubyahn
Zungutt
Zunmimi
Zurim
Zurko-Bazurko
Zurtermor
Zwaluh
Zweeha
Zwinam
Zwiyaam
Zyfhil
